decision_index,decision_time,robot_id,macro_type,task_id,route_nodes,route_edges,estimated_completion_time,selected_by_policy
0,0.0,robot_1,wait,,(),(),0.25,optimal_mapf_coordinator
1,0.0,robot_2,wait,,(),(),0.25,optimal_mapf_coordinator
2,0.0,robot_3,wait,,(),(),0.25,optimal_mapf_coordinator
3,0.0,robot_4,wait,,(),(),0.25,optimal_mapf_coordinator
4,1.0,robot_1,wait,,(),(),1.25,optimal_mapf_coordinator
5,1.0,robot_2,wait,,(),(),1.25,optimal_mapf_coordinator
6,1.0,robot_3,wait,,(),(),1.25,optimal_mapf_coordinator
7,1.0,robot_4,wait,,(),(),1.25,optimal_mapf_coordinator
8,2.0,robot_1,wait,,(),(),2.25,optimal_mapf_coordinator
9,2.0,robot_2,wait,,(),(),2.25,optimal_mapf_coordinator
10,2.0,robot_3,wait,,(),(),2.25,optimal_mapf_coordinator
11,2.0,robot_4,wait,,(),(),2.25,optimal_mapf_coordinator
12,3.0,robot_1,wait,,(),(),3.25,optimal_mapf_coordinator
13,3.0,robot_2,wait,,(),(),3.25,optimal_mapf_coordinator
14,3.0,robot_3,wait,,(),(),3.25,optimal_mapf_coordinator
15,3.0,robot_4,wait,,(),(),3.25,optimal_mapf_coordinator
16,4.0,robot_1,wait,,(),(),4.25,optimal_mapf_coordinator
17,4.0,robot_2,wait,,(),(),4.25,optimal_mapf_coordinator
18,4.0,robot_3,wait,,(),(),4.25,optimal_mapf_coordinator
19,4.0,robot_4,wait,,(),(),4.25,optimal_mapf_coordinator
20,5.0,robot_1,wait,,(),(),5.25,optimal_mapf_coordinator
21,5.0,robot_2,wait,,(),(),5.25,optimal_mapf_coordinator
22,5.0,robot_3,wait,,(),(),5.25,optimal_mapf_coordinator
23,5.0,robot_4,wait,,(),(),5.25,optimal_mapf_coordinator
24,6.0,robot_1,wait,,(),(),6.25,optimal_mapf_coordinator
25,6.0,robot_2,wait,,(),(),6.25,optimal_mapf_coordinator
26,6.0,robot_3,wait,,(),(),6.25,optimal_mapf_coordinator
27,6.0,robot_4,wait,,(),(),6.25,optimal_mapf_coordinator
28,7.0,robot_1,wait,,(),(),7.25,optimal_mapf_coordinator
29,7.0,robot_2,wait,,(),(),7.25,optimal_mapf_coordinator
30,7.0,robot_3,wait,,(),(),7.25,optimal_mapf_coordinator
31,7.0,robot_4,wait,,(),(),7.25,optimal_mapf_coordinator
32,8.0,robot_1,wait,,(),(),8.25,optimal_mapf_coordinator
33,8.0,robot_2,wait,,(),(),8.25,optimal_mapf_coordinator
34,8.0,robot_3,wait,,(),(),8.25,optimal_mapf_coordinator
35,8.0,robot_4,task_route,task_1,"('r2_c0', 'r1_c0', 'r0_c0', 'r0_c1', 'r0_c2', 'r1_c2', 'r2_c2')","('r2_c0->r1_c0', 'r1_c0->r0_c0', 'r0_c0->r0_c1', 'r0_c1->r0_c2', 'r0_c2->r1_c2', 'r1_c2->r2_c2')",6.0,optimal_mapf_coordinator
36,9.0,robot_1,wait,,(),(),9.25,optimal_mapf_coordinator
37,9.0,robot_2,wait,,(),(),9.25,optimal_mapf_coordinator
38,9.0,robot_3,wait,,(),(),9.25,optimal_mapf_coordinator
39,9.0,robot_4,continue_current_plan,task_1,"('r2_c0', 'r1_c0', 'r0_c0', 'r0_c1', 'r0_c2', 'r1_c2', 'r2_c2')","('r2_c0->r1_c0', 'r1_c0->r0_c0', 'r0_c0->r0_c1', 'r0_c1->r0_c2', 'r0_c2->r1_c2', 'r1_c2->r2_c2')",29.0,optimal_mapf_coordinator
40,10.0,robot_1,wait,,(),(),10.25,optimal_mapf_coordinator
41,10.0,robot_2,wait,,(),(),10.25,optimal_mapf_coordinator
42,10.0,robot_3,wait,,(),(),10.25,optimal_mapf_coordinator
43,10.0,robot_4,continue_current_plan,task_1,"('r2_c0', 'r1_c0', 'r0_c0', 'r0_c1', 'r0_c2', 'r1_c2', 'r2_c2')","('r2_c0->r1_c0', 'r1_c0->r0_c0', 'r0_c0->r0_c1', 'r0_c1->r0_c2', 'r0_c2->r1_c2', 'r1_c2->r2_c2')",29.0,optimal_mapf_coordinator
44,11.0,robot_1,wait,,(),(),11.25,optimal_mapf_coordinator
45,11.0,robot_2,wait,,(),(),11.25,optimal_mapf_coordinator
46,11.0,robot_3,wait,,(),(),11.25,optimal_mapf_coordinator
47,11.0,robot_4,continue_current_plan,task_1,"('r2_c0', 'r1_c0', 'r0_c0', 'r0_c1', 'r0_c2', 'r1_c2', 'r2_c2')","('r2_c0->r1_c0', 'r1_c0->r0_c0', 'r0_c0->r0_c1', 'r0_c1->r0_c2', 'r0_c2->r1_c2', 'r1_c2->r2_c2')",29.0,optimal_mapf_coordinator
48,12.0,robot_1,wait,,(),(),12.25,optimal_mapf_coordinator
49,12.0,robot_2,wait,,(),(),12.25,optimal_mapf_coordinator
50,12.0,robot_3,wait,,(),(),12.25,optimal_mapf_coordinator
51,12.0,robot_4,continue_current_plan,task_1,"('r2_c0', 'r1_c0', 'r0_c0', 'r0_c1', 'r0_c2', 'r1_c2', 'r2_c2')","('r2_c0->r1_c0', 'r1_c0->r0_c0', 'r0_c0->r0_c1', 'r0_c1->r0_c2', 'r0_c2->r1_c2', 'r1_c2->r2_c2')",29.0,optimal_mapf_coordinator
52,13.0,robot_1,wait,,(),(),13.25,optimal_mapf_coordinator
53,13.0,robot_2,wait,,(),(),13.25,optimal_mapf_coordinator
54,13.0,robot_3,wait,,(),(),13.25,optimal_mapf_coordinator
55,13.0,robot_4,continue_current_plan,task_1,"('r2_c0', 'r1_c0', 'r0_c0', 'r0_c1', 'r0_c2', 'r1_c2', 'r2_c2')","('r2_c0->r1_c0', 'r1_c0->r0_c0', 'r0_c0->r0_c1', 'r0_c1->r0_c2', 'r0_c2->r1_c2', 'r1_c2->r2_c2')",29.0,optimal_mapf_coordinator
56,14.0,robot_1,wait,,(),(),14.25,optimal_mapf_coordinator
57,14.0,robot_2,wait,,(),(),14.25,optimal_mapf_coordinator
58,14.0,robot_3,wait,,(),(),14.25,optimal_mapf_coordinator
59,14.0,robot_4,continue_current_plan,task_1,"('r2_c0', 'r1_c0', 'r0_c0', 'r0_c1', 'r0_c2', 'r1_c2', 'r2_c2')","('r2_c0->r1_c0', 'r1_c0->r0_c0', 'r0_c0->r0_c1', 'r0_c1->r0_c2', 'r0_c2->r1_c2', 'r1_c2->r2_c2')",29.0,optimal_mapf_coordinator
60,15.0,robot_1,wait,,(),(),15.25,optimal_mapf_coordinator
61,15.0,robot_2,wait,,(),(),15.25,optimal_mapf_coordinator
62,15.0,robot_3,wait,,(),(),15.25,optimal_mapf_coordinator
63,15.0,robot_4,continue_current_plan,task_1,"('r2_c0', 'r1_c0', 'r0_c0', 'r0_c1', 'r0_c2', 'r1_c2', 'r2_c2')","('r2_c0->r1_c0', 'r1_c0->r0_c0', 'r0_c0->r0_c1', 'r0_c1->r0_c2', 'r0_c2->r1_c2', 'r1_c2->r2_c2')",29.0,optimal_mapf_coordinator
64,16.0,robot_1,wait,,(),(),16.25,optimal_mapf_coordinator
65,16.0,robot_2,wait,,(),(),16.25,optimal_mapf_coordinator
66,16.0,robot_3,wait,,(),(),16.25,optimal_mapf_coordinator
67,16.0,robot_4,continue_current_plan,task_1,"('r2_c0', 'r1_c0', 'r0_c0', 'r0_c1', 'r0_c2', 'r1_c2', 'r2_c2')","('r2_c0->r1_c0', 'r1_c0->r0_c0', 'r0_c0->r0_c1', 'r0_c1->r0_c2', 'r0_c2->r1_c2', 'r1_c2->r2_c2')",29.0,optimal_mapf_coordinator
68,17.0,robot_1,wait,,(),(),17.25,optimal_mapf_coordinator
69,17.0,robot_2,wait,,(),(),17.25,optimal_mapf_coordinator
70,17.0,robot_3,wait,,(),(),17.25,optimal_mapf_coordinator
71,17.0,robot_4,continue_current_plan,task_1,"('r2_c0', 'r1_c0', 'r0_c0', 'r0_c1', 'r0_c2', 'r1_c2', 'r2_c2')","('r2_c0->r1_c0', 'r1_c0->r0_c0', 'r0_c0->r0_c1', 'r0_c1->r0_c2', 'r0_c2->r1_c2', 'r1_c2->r2_c2')",29.0,optimal_mapf_coordinator
72,18.0,robot_1,wait,,(),(),18.25,optimal_mapf_coordinator
73,18.0,robot_2,wait,,(),(),18.25,optimal_mapf_coordinator
74,18.0,robot_3,wait,,(),(),18.25,optimal_mapf_coordinator
75,18.0,robot_4,continue_current_plan,task_1,"('r2_c0', 'r1_c0', 'r0_c0', 'r0_c1', 'r0_c2', 'r1_c2', 'r2_c2')","('r2_c0->r1_c0', 'r1_c0->r0_c0', 'r0_c0->r0_c1', 'r0_c1->r0_c2', 'r0_c2->r1_c2', 'r1_c2->r2_c2')",29.0,optimal_mapf_coordinator
76,19.0,robot_1,wait,,(),(),19.25,optimal_mapf_coordinator
77,19.0,robot_2,wait,,(),(),19.25,optimal_mapf_coordinator
78,19.0,robot_3,wait,,(),(),19.25,optimal_mapf_coordinator
79,19.0,robot_4,continue_current_plan,task_1,"('r2_c0', 'r1_c0', 'r0_c0', 'r0_c1', 'r0_c2', 'r1_c2', 'r2_c2')","('r2_c0->r1_c0', 'r1_c0->r0_c0', 'r0_c0->r0_c1', 'r0_c1->r0_c2', 'r0_c2->r1_c2', 'r1_c2->r2_c2')",29.0,optimal_mapf_coordinator
80,20.0,robot_1,wait,,(),(),20.25,optimal_mapf_coordinator
81,20.0,robot_2,wait,,(),(),20.25,optimal_mapf_coordinator
82,20.0,robot_3,wait,,(),(),20.25,optimal_mapf_coordinator
83,20.0,robot_4,continue_current_plan,task_1,"('r2_c0', 'r1_c0', 'r0_c0', 'r0_c1', 'r0_c2', 'r1_c2', 'r2_c2')","('r2_c0->r1_c0', 'r1_c0->r0_c0', 'r0_c0->r0_c1', 'r0_c1->r0_c2', 'r0_c2->r1_c2', 'r1_c2->r2_c2')",29.0,optimal_mapf_coordinator
84,21.0,robot_1,wait,,(),(),21.25,optimal_mapf_coordinator
85,21.0,robot_2,wait,,(),(),21.25,optimal_mapf_coordinator
86,21.0,robot_3,wait,,(),(),21.25,optimal_mapf_coordinator
87,21.0,robot_4,continue_current_plan,task_1,"('r2_c0', 'r1_c0', 'r0_c0', 'r0_c1', 'r0_c2', 'r1_c2', 'r2_c2')","('r2_c0->r1_c0', 'r1_c0->r0_c0', 'r0_c0->r0_c1', 'r0_c1->r0_c2', 'r0_c2->r1_c2', 'r1_c2->r2_c2')",29.0,optimal_mapf_coordinator
88,22.0,robot_1,wait,,(),(),22.25,optimal_mapf_coordinator
89,22.0,robot_2,wait,,(),(),22.25,optimal_mapf_coordinator
90,22.0,robot_3,wait,,(),(),22.25,optimal_mapf_coordinator
91,22.0,robot_4,continue_current_plan,task_1,"('r2_c0', 'r1_c0', 'r0_c0', 'r0_c1', 'r0_c2', 'r1_c2', 'r2_c2')","('r2_c0->r1_c0', 'r1_c0->r0_c0', 'r0_c0->r0_c1', 'r0_c1->r0_c2', 'r0_c2->r1_c2', 'r1_c2->r2_c2')",29.0,optimal_mapf_coordinator
92,23.0,robot_1,wait,,(),(),23.25,optimal_mapf_coordinator
93,23.0,robot_2,wait,,(),(),23.25,optimal_mapf_coordinator
94,23.0,robot_3,wait,,(),(),23.25,optimal_mapf_coordinator
95,23.0,robot_4,continue_current_plan,task_1,"('r2_c0', 'r1_c0', 'r0_c0', 'r0_c1', 'r0_c2', 'r1_c2', 'r2_c2')","('r2_c0->r1_c0', 'r1_c0->r0_c0', 'r0_c0->r0_c1', 'r0_c1->r0_c2', 'r0_c2->r1_c2', 'r1_c2->r2_c2')",29.0,optimal_mapf_coordinator
96,24.0,robot_1,wait,,(),(),24.25,optimal_mapf_coordinator
97,24.0,robot_2,wait,,(),(),24.25,optimal_mapf_coordinator
98,24.0,robot_3,wait,,(),(),24.25,optimal_mapf_coordinator
99,24.0,robot_4,continue_current_plan,task_1,"('r2_c0', 'r1_c0', 'r0_c0', 'r0_c1', 'r0_c2', 'r1_c2', 'r2_c2')","('r2_c0->r1_c0', 'r1_c0->r0_c0', 'r0_c0->r0_c1', 'r0_c1->r0_c2', 'r0_c2->r1_c2', 'r1_c2->r2_c2')",29.0,optimal_mapf_coordinator
100,25.0,robot_1,wait,,(),(),25.25,optimal_mapf_coordinator
101,25.0,robot_2,wait,,(),(),25.25,optimal_mapf_coordinator
102,25.0,robot_3,wait,,(),(),25.25,optimal_mapf_coordinator
103,25.0,robot_4,continue_current_plan,task_1,"('r2_c0', 'r1_c0', 'r0_c0', 'r0_c1', 'r0_c2', 'r1_c2', 'r2_c2')","('r2_c0->r1_c0', 'r1_c0->r0_c0', 'r0_c0->r0_c1', 'r0_c1->r0_c2', 'r0_c2->r1_c2', 'r1_c2->r2_c2')",29.0,optimal_mapf_coordinator
104,26.0,robot_1,wait,,(),(),26.25,optimal_mapf_coordinator
105,26.0,robot_2,wait,,(),(),26.25,optimal_mapf_coordinator
106,26.0,robot_3,wait,,(),(),26.25,optimal_mapf_coordinator
107,26.0,robot_4,continue_current_plan,task_1,"('r2_c0', 'r1_c0', 'r0_c0', 'r0_c1', 'r0_c2', 'r1_c2', 'r2_c2')","('r2_c0->r1_c0', 'r1_c0->r0_c0', 'r0_c0->r0_c1', 'r0_c1->r0_c2', 'r0_c2->r1_c2', 'r1_c2->r2_c2')",29.0,optimal_mapf_coordinator
108,27.0,robot_1,wait,,(),(),27.25,optimal_mapf_coordinator
109,27.0,robot_2,wait,,(),(),27.25,optimal_mapf_coordinator
110,27.0,robot_3,wait,,(),(),27.25,optimal_mapf_coordinator
111,27.0,robot_4,continue_current_plan,task_1,"('r2_c0', 'r1_c0', 'r0_c0', 'r0_c1', 'r0_c2', 'r1_c2', 'r2_c2')","('r2_c0->r1_c0', 'r1_c0->r0_c0', 'r0_c0->r0_c1', 'r0_c1->r0_c2', 'r0_c2->r1_c2', 'r1_c2->r2_c2')",29.0,optimal_mapf_coordinator
112,28.0,robot_1,wait,,(),(),28.25,optimal_mapf_coordinator
113,28.0,robot_2,wait,,(),(),28.25,optimal_mapf_coordinator
114,28.0,robot_3,wait,,(),(),28.25,optimal_mapf_coordinator
115,28.0,robot_4,continue_current_plan,task_1,"('r2_c0', 'r1_c0', 'r0_c0', 'r0_c1', 'r0_c2', 'r1_c2', 'r2_c2')","('r2_c0->r1_c0', 'r1_c0->r0_c0', 'r0_c0->r0_c1', 'r0_c1->r0_c2', 'r0_c2->r1_c2', 'r1_c2->r2_c2')",29.0,optimal_mapf_coordinator
116,29.0,robot_1,wait,,(),(),29.25,optimal_mapf_coordinator
117,29.0,robot_2,wait,,(),(),29.25,optimal_mapf_coordinator
118,29.0,robot_3,wait,,(),(),29.25,optimal_mapf_coordinator
119,29.0,robot_4,wait,,(),(),29.25,optimal_mapf_coordinator
120,30.0,robot_1,wait,,(),(),30.25,optimal_mapf_coordinator
121,30.0,robot_2,wait,,(),(),30.25,optimal_mapf_coordinator
122,30.0,robot_3,wait,,(),(),30.25,optimal_mapf_coordinator
123,30.0,robot_4,wait,,(),(),30.25,optimal_mapf_coordinator
124,31.0,robot_1,wait,,(),(),31.25,optimal_mapf_coordinator
125,31.0,robot_2,wait,,(),(),31.25,optimal_mapf_coordinator
126,31.0,robot_3,wait,,(),(),31.25,optimal_mapf_coordinator
127,31.0,robot_4,wait,,(),(),31.25,optimal_mapf_coordinator
128,32.0,robot_1,wait,,(),(),32.25,optimal_mapf_coordinator
129,32.0,robot_2,wait,,(),(),32.25,optimal_mapf_coordinator
130,32.0,robot_3,wait,,(),(),32.25,optimal_mapf_coordinator
131,32.0,robot_4,wait,,(),(),32.25,optimal_mapf_coordinator
132,33.0,robot_1,wait,,(),(),33.25,optimal_mapf_coordinator
133,33.0,robot_2,wait,,(),(),33.25,optimal_mapf_coordinator
134,33.0,robot_3,wait,,(),(),33.25,optimal_mapf_coordinator
135,33.0,robot_4,wait,,(),(),33.25,optimal_mapf_coordinator
136,34.0,robot_1,wait,,(),(),34.25,optimal_mapf_coordinator
137,34.0,robot_2,wait,,(),(),34.25,optimal_mapf_coordinator
138,34.0,robot_3,wait,,(),(),34.25,optimal_mapf_coordinator
139,34.0,robot_4,wait,,(),(),34.25,optimal_mapf_coordinator
140,35.0,robot_1,wait,,(),(),35.25,optimal_mapf_coordinator
141,35.0,robot_2,wait,,(),(),35.25,optimal_mapf_coordinator
142,35.0,robot_3,wait,,(),(),35.25,optimal_mapf_coordinator
143,35.0,robot_4,wait,,(),(),35.25,optimal_mapf_coordinator
144,36.0,robot_1,wait,,(),(),36.25,optimal_mapf_coordinator
145,36.0,robot_2,wait,,(),(),36.25,optimal_mapf_coordinator
146,36.0,robot_3,wait,,(),(),36.25,optimal_mapf_coordinator
147,36.0,robot_4,wait,,(),(),36.25,optimal_mapf_coordinator
148,37.0,robot_1,wait,,(),(),37.25,optimal_mapf_coordinator
149,37.0,robot_2,wait,,(),(),37.25,optimal_mapf_coordinator
150,37.0,robot_3,wait,,(),(),37.25,optimal_mapf_coordinator
151,37.0,robot_4,wait,,(),(),37.25,optimal_mapf_coordinator
152,38.0,robot_1,wait,,(),(),38.25,optimal_mapf_coordinator
153,38.0,robot_2,wait,,(),(),38.25,optimal_mapf_coordinator
154,38.0,robot_3,wait,,(),(),38.25,optimal_mapf_coordinator
155,38.0,robot_4,wait,,(),(),38.25,optimal_mapf_coordinator
156,39.0,robot_1,wait,,(),(),39.25,optimal_mapf_coordinator
157,39.0,robot_2,wait,,(),(),39.25,optimal_mapf_coordinator
158,39.0,robot_3,wait,,(),(),39.25,optimal_mapf_coordinator
159,39.0,robot_4,wait,,(),(),39.25,optimal_mapf_coordinator
160,40.0,robot_1,wait,,(),(),40.25,optimal_mapf_coordinator
161,40.0,robot_2,wait,,(),(),40.25,optimal_mapf_coordinator
162,40.0,robot_3,wait,,(),(),40.25,optimal_mapf_coordinator
163,40.0,robot_4,wait,,(),(),40.25,optimal_mapf_coordinator
164,41.0,robot_1,wait,,(),(),41.25,optimal_mapf_coordinator
165,41.0,robot_2,wait,,(),(),41.25,optimal_mapf_coordinator
166,41.0,robot_3,wait,,(),(),41.25,optimal_mapf_coordinator
167,41.0,robot_4,wait,,(),(),41.25,optimal_mapf_coordinator
168,42.0,robot_1,wait,,(),(),42.25,optimal_mapf_coordinator
169,42.0,robot_2,wait,,(),(),42.25,optimal_mapf_coordinator
170,42.0,robot_3,wait,,(),(),42.25,optimal_mapf_coordinator
171,42.0,robot_4,wait,,(),(),42.25,optimal_mapf_coordinator
172,43.0,robot_1,wait,,(),(),43.25,optimal_mapf_coordinator
173,43.0,robot_2,wait,,(),(),43.25,optimal_mapf_coordinator
174,43.0,robot_3,wait,,(),(),43.25,optimal_mapf_coordinator
175,43.0,robot_4,wait,,(),(),43.25,optimal_mapf_coordinator
176,44.0,robot_1,wait,,(),(),44.25,optimal_mapf_coordinator
177,44.0,robot_2,wait,,(),(),44.25,optimal_mapf_coordinator
178,44.0,robot_3,wait,,(),(),44.25,optimal_mapf_coordinator
179,44.0,robot_4,wait,,(),(),44.25,optimal_mapf_coordinator
180,45.0,robot_1,wait,,(),(),45.25,optimal_mapf_coordinator
181,45.0,robot_2,wait,,(),(),45.25,optimal_mapf_coordinator
182,45.0,robot_3,wait,,(),(),45.25,optimal_mapf_coordinator
183,45.0,robot_4,wait,,(),(),45.25,optimal_mapf_coordinator
184,46.0,robot_1,wait,,(),(),46.25,optimal_mapf_coordinator
185,46.0,robot_2,wait,,(),(),46.25,optimal_mapf_coordinator
186,46.0,robot_3,wait,,(),(),46.25,optimal_mapf_coordinator
187,46.0,robot_4,wait,,(),(),46.25,optimal_mapf_coordinator
188,47.0,robot_1,wait,,(),(),47.25,optimal_mapf_coordinator
189,47.0,robot_2,wait,,(),(),47.25,optimal_mapf_coordinator
190,47.0,robot_3,wait,,(),(),47.25,optimal_mapf_coordinator
191,47.0,robot_4,wait,,(),(),47.25,optimal_mapf_coordinator
192,48.0,robot_1,wait,,(),(),48.25,optimal_mapf_coordinator
193,48.0,robot_2,wait,,(),(),48.25,optimal_mapf_coordinator
194,48.0,robot_3,wait,,(),(),48.25,optimal_mapf_coordinator
195,48.0,robot_4,wait,,(),(),48.25,optimal_mapf_coordinator
196,49.0,robot_1,wait,,(),(),49.25,optimal_mapf_coordinator
197,49.0,robot_2,wait,,(),(),49.25,optimal_mapf_coordinator
198,49.0,robot_3,wait,,(),(),49.25,optimal_mapf_coordinator
199,49.0,robot_4,wait,,(),(),49.25,optimal_mapf_coordinator
200,50.0,robot_1,wait,,(),(),50.25,optimal_mapf_coordinator
201,50.0,robot_2,wait,,(),(),50.25,optimal_mapf_coordinator
202,50.0,robot_3,wait,,(),(),50.25,optimal_mapf_coordinator
203,50.0,robot_4,wait,,(),(),50.25,optimal_mapf_coordinator
204,51.0,robot_1,wait,,(),(),51.25,optimal_mapf_coordinator
205,51.0,robot_2,wait,,(),(),51.25,optimal_mapf_coordinator
206,51.0,robot_3,wait,,(),(),51.25,optimal_mapf_coordinator
207,51.0,robot_4,wait,,(),(),51.25,optimal_mapf_coordinator
208,52.0,robot_1,wait,,(),(),52.25,optimal_mapf_coordinator
209,52.0,robot_2,wait,,(),(),52.25,optimal_mapf_coordinator
210,52.0,robot_3,wait,,(),(),52.25,optimal_mapf_coordinator
211,52.0,robot_4,wait,,(),(),52.25,optimal_mapf_coordinator
212,53.0,robot_1,wait,,(),(),53.25,optimal_mapf_coordinator
213,53.0,robot_2,wait,,(),(),53.25,optimal_mapf_coordinator
214,53.0,robot_3,wait,,(),(),53.25,optimal_mapf_coordinator
215,53.0,robot_4,wait,,(),(),53.25,optimal_mapf_coordinator
216,54.0,robot_1,wait,,(),(),54.25,optimal_mapf_coordinator
217,54.0,robot_2,wait,,(),(),54.25,optimal_mapf_coordinator
218,54.0,robot_3,wait,,(),(),54.25,optimal_mapf_coordinator
219,54.0,robot_4,wait,,(),(),54.25,optimal_mapf_coordinator
220,55.0,robot_1,wait,,(),(),55.25,optimal_mapf_coordinator
221,55.0,robot_2,wait,,(),(),55.25,optimal_mapf_coordinator
222,55.0,robot_3,wait,,(),(),55.25,optimal_mapf_coordinator
223,55.0,robot_4,wait,,(),(),55.25,optimal_mapf_coordinator
224,56.0,robot_1,wait,,(),(),56.25,optimal_mapf_coordinator
225,56.0,robot_2,wait,,(),(),56.25,optimal_mapf_coordinator
226,56.0,robot_3,wait,,(),(),56.25,optimal_mapf_coordinator
227,56.0,robot_4,wait,,(),(),56.25,optimal_mapf_coordinator
228,57.0,robot_1,wait,,(),(),57.25,optimal_mapf_coordinator
229,57.0,robot_2,wait,,(),(),57.25,optimal_mapf_coordinator
230,57.0,robot_3,wait,,(),(),57.25,optimal_mapf_coordinator
231,57.0,robot_4,wait,,(),(),57.25,optimal_mapf_coordinator
232,58.0,robot_1,wait,,(),(),58.25,optimal_mapf_coordinator
233,58.0,robot_2,wait,,(),(),58.25,optimal_mapf_coordinator
234,58.0,robot_3,wait,,(),(),58.25,optimal_mapf_coordinator
235,58.0,robot_4,wait,,(),(),58.25,optimal_mapf_coordinator
236,59.0,robot_1,wait,,(),(),59.25,optimal_mapf_coordinator
237,59.0,robot_2,wait,,(),(),59.25,optimal_mapf_coordinator
238,59.0,robot_3,wait,,(),(),59.25,optimal_mapf_coordinator
239,59.0,robot_4,wait,,(),(),59.25,optimal_mapf_coordinator
240,60.0,robot_1,wait,,(),(),60.25,optimal_mapf_coordinator
241,60.0,robot_2,wait,,(),(),60.25,optimal_mapf_coordinator
242,60.0,robot_3,wait,,(),(),60.25,optimal_mapf_coordinator
243,60.0,robot_4,wait,,(),(),60.25,optimal_mapf_coordinator
244,61.0,robot_1,wait,,(),(),61.25,optimal_mapf_coordinator
245,61.0,robot_2,wait,,(),(),61.25,optimal_mapf_coordinator
246,61.0,robot_3,wait,,(),(),61.25,optimal_mapf_coordinator
247,61.0,robot_4,wait,,(),(),61.25,optimal_mapf_coordinator
248,62.0,robot_1,wait,,(),(),62.25,optimal_mapf_coordinator
249,62.0,robot_2,wait,,(),(),62.25,optimal_mapf_coordinator
250,62.0,robot_3,wait,,(),(),62.25,optimal_mapf_coordinator
251,62.0,robot_4,wait,,(),(),62.25,optimal_mapf_coordinator
252,63.0,robot_1,wait,,(),(),63.25,optimal_mapf_coordinator
253,63.0,robot_2,wait,,(),(),63.25,optimal_mapf_coordinator
254,63.0,robot_3,wait,,(),(),63.25,optimal_mapf_coordinator
255,63.0,robot_4,wait,,(),(),63.25,optimal_mapf_coordinator
256,64.0,robot_1,wait,,(),(),64.25,optimal_mapf_coordinator
257,64.0,robot_2,wait,,(),(),64.25,optimal_mapf_coordinator
258,64.0,robot_3,wait,,(),(),64.25,optimal_mapf_coordinator
259,64.0,robot_4,wait,,(),(),64.25,optimal_mapf_coordinator
260,65.0,robot_1,wait,,(),(),65.25,optimal_mapf_coordinator
261,65.0,robot_2,wait,,(),(),65.25,optimal_mapf_coordinator
262,65.0,robot_3,wait,,(),(),65.25,optimal_mapf_coordinator
263,65.0,robot_4,wait,,(),(),65.25,optimal_mapf_coordinator
264,66.0,robot_1,wait,,(),(),66.25,optimal_mapf_coordinator
265,66.0,robot_2,wait,,(),(),66.25,optimal_mapf_coordinator
266,66.0,robot_3,wait,,(),(),66.25,optimal_mapf_coordinator
267,66.0,robot_4,wait,,(),(),66.25,optimal_mapf_coordinator
268,67.0,robot_1,wait,,(),(),67.25,optimal_mapf_coordinator
269,67.0,robot_2,wait,,(),(),67.25,optimal_mapf_coordinator
270,67.0,robot_3,wait,,(),(),67.25,optimal_mapf_coordinator
271,67.0,robot_4,wait,,(),(),67.25,optimal_mapf_coordinator
272,68.0,robot_1,wait,,(),(),68.25,optimal_mapf_coordinator
273,68.0,robot_2,wait,,(),(),68.25,optimal_mapf_coordinator
274,68.0,robot_3,wait,,(),(),68.25,optimal_mapf_coordinator
275,68.0,robot_4,wait,,(),(),68.25,optimal_mapf_coordinator
276,69.0,robot_1,wait,,(),(),69.25,optimal_mapf_coordinator
277,69.0,robot_2,wait,,(),(),69.25,optimal_mapf_coordinator
278,69.0,robot_3,wait,,(),(),69.25,optimal_mapf_coordinator
279,69.0,robot_4,wait,,(),(),69.25,optimal_mapf_coordinator
280,70.0,robot_1,wait,,(),(),70.25,optimal_mapf_coordinator
281,70.0,robot_2,wait,,(),(),70.25,optimal_mapf_coordinator
282,70.0,robot_3,wait,,(),(),70.25,optimal_mapf_coordinator
283,70.0,robot_4,wait,,(),(),70.25,optimal_mapf_coordinator
284,71.0,robot_1,wait,,(),(),71.25,optimal_mapf_coordinator
285,71.0,robot_2,wait,,(),(),71.25,optimal_mapf_coordinator
286,71.0,robot_3,wait,,(),(),71.25,optimal_mapf_coordinator
287,71.0,robot_4,wait,,(),(),71.25,optimal_mapf_coordinator
288,72.0,robot_1,wait,,(),(),72.25,optimal_mapf_coordinator
289,72.0,robot_2,wait,,(),(),72.25,optimal_mapf_coordinator
290,72.0,robot_3,wait,,(),(),72.25,optimal_mapf_coordinator
291,72.0,robot_4,wait,,(),(),72.25,optimal_mapf_coordinator
292,73.0,robot_1,wait,,(),(),73.25,optimal_mapf_coordinator
293,73.0,robot_2,wait,,(),(),73.25,optimal_mapf_coordinator
294,73.0,robot_3,wait,,(),(),73.25,optimal_mapf_coordinator
295,73.0,robot_4,wait,,(),(),73.25,optimal_mapf_coordinator
296,74.0,robot_1,wait,,(),(),74.25,optimal_mapf_coordinator
297,74.0,robot_2,wait,,(),(),74.25,optimal_mapf_coordinator
298,74.0,robot_3,wait,,(),(),74.25,optimal_mapf_coordinator
299,74.0,robot_4,wait,,(),(),74.25,optimal_mapf_coordinator
300,75.0,robot_1,wait,,(),(),75.25,optimal_mapf_coordinator
301,75.0,robot_2,wait,,(),(),75.25,optimal_mapf_coordinator
302,75.0,robot_3,wait,,(),(),75.25,optimal_mapf_coordinator
303,75.0,robot_4,wait,,(),(),75.25,optimal_mapf_coordinator
304,76.0,robot_1,wait,,(),(),76.25,optimal_mapf_coordinator
305,76.0,robot_2,wait,,(),(),76.25,optimal_mapf_coordinator
306,76.0,robot_3,wait,,(),(),76.25,optimal_mapf_coordinator
307,76.0,robot_4,wait,,(),(),76.25,optimal_mapf_coordinator
308,77.0,robot_1,wait,,(),(),77.25,optimal_mapf_coordinator
309,77.0,robot_2,wait,,(),(),77.25,optimal_mapf_coordinator
310,77.0,robot_3,wait,,(),(),77.25,optimal_mapf_coordinator
311,77.0,robot_4,wait,,(),(),77.25,optimal_mapf_coordinator
312,78.0,robot_1,wait,,(),(),78.25,optimal_mapf_coordinator
313,78.0,robot_2,wait,,(),(),78.25,optimal_mapf_coordinator
314,78.0,robot_3,wait,,(),(),78.25,optimal_mapf_coordinator
315,78.0,robot_4,wait,,(),(),78.25,optimal_mapf_coordinator
316,79.0,robot_1,wait,,(),(),79.25,optimal_mapf_coordinator
317,79.0,robot_2,wait,,(),(),79.25,optimal_mapf_coordinator
318,79.0,robot_3,wait,,(),(),79.25,optimal_mapf_coordinator
319,79.0,robot_4,wait,,(),(),79.25,optimal_mapf_coordinator
320,80.0,robot_1,wait,,(),(),80.25,optimal_mapf_coordinator
321,80.0,robot_2,wait,,(),(),80.25,optimal_mapf_coordinator
322,80.0,robot_3,wait,,(),(),80.25,optimal_mapf_coordinator
323,80.0,robot_4,wait,,(),(),80.25,optimal_mapf_coordinator
324,81.0,robot_1,wait,,(),(),81.25,optimal_mapf_coordinator
325,81.0,robot_2,wait,,(),(),81.25,optimal_mapf_coordinator
326,81.0,robot_3,task_route,task_2,"('r2_c0', 'r1_c0', 'r0_c0', 'r0_c1', 'r0_c2', 'r1_c2', 'r2_c2')","('r2_c0->r1_c0', 'r1_c0->r0_c0', 'r0_c0->r0_c1', 'r0_c1->r0_c2', 'r0_c2->r1_c2', 'r1_c2->r2_c2')",6.0,optimal_mapf_coordinator
327,81.0,robot_4,wait,,(),(),81.25,optimal_mapf_coordinator
328,82.0,robot_1,wait,,(),(),82.25,optimal_mapf_coordinator
329,82.0,robot_2,wait,,(),(),82.25,optimal_mapf_coordinator
330,82.0,robot_3,continue_current_plan,task_2,"('r2_c0', 'r1_c0', 'r0_c0', 'r0_c1', 'r0_c2', 'r1_c2', 'r2_c2')","('r2_c0->r1_c0', 'r1_c0->r0_c0', 'r0_c0->r0_c1', 'r0_c1->r0_c2', 'r0_c2->r1_c2', 'r1_c2->r2_c2')",102.0,optimal_mapf_coordinator
331,82.0,robot_4,wait,,(),(),82.25,optimal_mapf_coordinator
332,83.0,robot_1,wait,,(),(),83.25,optimal_mapf_coordinator
333,83.0,robot_2,wait,,(),(),83.25,optimal_mapf_coordinator
334,83.0,robot_3,continue_current_plan,task_2,"('r2_c0', 'r1_c0', 'r0_c0', 'r0_c1', 'r0_c2', 'r1_c2', 'r2_c2')","('r2_c0->r1_c0', 'r1_c0->r0_c0', 'r0_c0->r0_c1', 'r0_c1->r0_c2', 'r0_c2->r1_c2', 'r1_c2->r2_c2')",102.0,optimal_mapf_coordinator
335,83.0,robot_4,wait,,(),(),83.25,optimal_mapf_coordinator
336,84.0,robot_1,wait,,(),(),84.25,optimal_mapf_coordinator
337,84.0,robot_2,wait,,(),(),84.25,optimal_mapf_coordinator
338,84.0,robot_3,continue_current_plan,task_2,"('r2_c0', 'r1_c0', 'r0_c0', 'r0_c1', 'r0_c2', 'r1_c2', 'r2_c2')","('r2_c0->r1_c0', 'r1_c0->r0_c0', 'r0_c0->r0_c1', 'r0_c1->r0_c2', 'r0_c2->r1_c2', 'r1_c2->r2_c2')",102.0,optimal_mapf_coordinator
339,84.0,robot_4,wait,,(),(),84.25,optimal_mapf_coordinator
340,85.0,robot_1,wait,,(),(),85.25,optimal_mapf_coordinator
341,85.0,robot_2,wait,,(),(),85.25,optimal_mapf_coordinator
342,85.0,robot_3,continue_current_plan,task_2,"('r2_c0', 'r1_c0', 'r0_c0', 'r0_c1', 'r0_c2', 'r1_c2', 'r2_c2')","('r2_c0->r1_c0', 'r1_c0->r0_c0', 'r0_c0->r0_c1', 'r0_c1->r0_c2', 'r0_c2->r1_c2', 'r1_c2->r2_c2')",102.0,optimal_mapf_coordinator
343,85.0,robot_4,wait,,(),(),85.25,optimal_mapf_coordinator
344,86.0,robot_1,wait,,(),(),86.25,optimal_mapf_coordinator
345,86.0,robot_2,wait,,(),(),86.25,optimal_mapf_coordinator
346,86.0,robot_3,continue_current_plan,task_2,"('r2_c0', 'r1_c0', 'r0_c0', 'r0_c1', 'r0_c2', 'r1_c2', 'r2_c2')","('r2_c0->r1_c0', 'r1_c0->r0_c0', 'r0_c0->r0_c1', 'r0_c1->r0_c2', 'r0_c2->r1_c2', 'r1_c2->r2_c2')",102.0,optimal_mapf_coordinator
347,86.0,robot_4,wait,,(),(),86.25,optimal_mapf_coordinator
348,87.0,robot_1,wait,,(),(),87.25,optimal_mapf_coordinator
349,87.0,robot_2,task_route,task_3,"('r2_c0', 'r1_c0', 'r0_c0', 'r0_c1', 'r0_c2', 'r1_c2', 'r2_c2')","('r2_c0->r1_c0', 'r1_c0->r0_c0', 'r0_c0->r0_c1', 'r0_c1->r0_c2', 'r0_c2->r1_c2', 'r1_c2->r2_c2')",6.0,optimal_mapf_coordinator
350,87.0,robot_3,continue_current_plan,task_2,"('r2_c0', 'r1_c0', 'r0_c0', 'r0_c1', 'r0_c2', 'r1_c2', 'r2_c2')","('r2_c0->r1_c0', 'r1_c0->r0_c0', 'r0_c0->r0_c1', 'r0_c1->r0_c2', 'r0_c2->r1_c2', 'r1_c2->r2_c2')",102.0,optimal_mapf_coordinator
351,87.0,robot_4,wait,,(),(),87.25,optimal_mapf_coordinator
352,88.0,robot_1,wait,,(),(),88.25,optimal_mapf_coordinator
353,88.0,robot_2,continue_current_plan,task_3,"('r2_c0', 'r1_c0', 'r0_c0', 'r0_c1', 'r0_c2', 'r1_c2', 'r2_c2')","('r2_c0->r1_c0', 'r1_c0->r0_c0', 'r0_c0->r0_c1', 'r0_c1->r0_c2', 'r0_c2->r1_c2', 'r1_c2->r2_c2')",108.0,optimal_mapf_coordinator
354,88.0,robot_3,continue_current_plan,task_2,"('r2_c0', 'r1_c0', 'r0_c0', 'r0_c1', 'r0_c2', 'r1_c2', 'r2_c2')","('r2_c0->r1_c0', 'r1_c0->r0_c0', 'r0_c0->r0_c1', 'r0_c1->r0_c2', 'r0_c2->r1_c2', 'r1_c2->r2_c2')",102.0,optimal_mapf_coordinator
355,88.0,robot_4,wait,,(),(),88.25,optimal_mapf_coordinator
356,89.0,robot_1,wait,,(),(),89.25,optimal_mapf_coordinator
357,89.0,robot_2,continue_current_plan,task_3,"('r2_c0', 'r1_c0', 'r0_c0', 'r0_c1', 'r0_c2', 'r1_c2', 'r2_c2')","('r2_c0->r1_c0', 'r1_c0->r0_c0', 'r0_c0->r0_c1', 'r0_c1->r0_c2', 'r0_c2->r1_c2', 'r1_c2->r2_c2')",108.0,optimal_mapf_coordinator
358,89.0,robot_3,continue_current_plan,task_2,"('r2_c0', 'r1_c0', 'r0_c0', 'r0_c1', 'r0_c2', 'r1_c2', 'r2_c2')","('r2_c0->r1_c0', 'r1_c0->r0_c0', 'r0_c0->r0_c1', 'r0_c1->r0_c2', 'r0_c2->r1_c2', 'r1_c2->r2_c2')",102.0,optimal_mapf_coordinator
359,89.0,robot_4,wait,,(),(),89.25,optimal_mapf_coordinator
360,90.0,robot_1,wait,,(),(),90.25,optimal_mapf_coordinator
361,90.0,robot_2,continue_current_plan,task_3,"('r2_c0', 'r1_c0', 'r0_c0', 'r0_c1', 'r0_c2', 'r1_c2', 'r2_c2')","('r2_c0->r1_c0', 'r1_c0->r0_c0', 'r0_c0->r0_c1', 'r0_c1->r0_c2', 'r0_c2->r1_c2', 'r1_c2->r2_c2')",108.0,optimal_mapf_coordinator
362,90.0,robot_3,continue_current_plan,task_2,"('r2_c0', 'r1_c0', 'r0_c0', 'r0_c1', 'r0_c2', 'r1_c2', 'r2_c2')","('r2_c0->r1_c0', 'r1_c0->r0_c0', 'r0_c0->r0_c1', 'r0_c1->r0_c2', 'r0_c2->r1_c2', 'r1_c2->r2_c2')",102.0,optimal_mapf_coordinator
363,90.0,robot_4,wait,,(),(),90.25,optimal_mapf_coordinator
364,91.0,robot_1,wait,,(),(),91.25,optimal_mapf_coordinator
365,91.0,robot_2,continue_current_plan,task_3,"('r2_c0', 'r1_c0', 'r0_c0', 'r0_c1', 'r0_c2', 'r1_c2', 'r2_c2')","('r2_c0->r1_c0', 'r1_c0->r0_c0', 'r0_c0->r0_c1', 'r0_c1->r0_c2', 'r0_c2->r1_c2', 'r1_c2->r2_c2')",108.0,optimal_mapf_coordinator
366,91.0,robot_3,continue_current_plan,task_2,"('r2_c0', 'r1_c0', 'r0_c0', 'r0_c1', 'r0_c2', 'r1_c2', 'r2_c2')","('r2_c0->r1_c0', 'r1_c0->r0_c0', 'r0_c0->r0_c1', 'r0_c1->r0_c2', 'r0_c2->r1_c2', 'r1_c2->r2_c2')",102.0,optimal_mapf_coordinator
367,91.0,robot_4,wait,,(),(),91.25,optimal_mapf_coordinator
368,92.0,robot_1,wait,,(),(),92.25,optimal_mapf_coordinator
369,92.0,robot_2,continue_current_plan,task_3,"('r2_c0', 'r1_c0', 'r0_c0', 'r0_c1', 'r0_c2', 'r1_c2', 'r2_c2')","('r2_c0->r1_c0', 'r1_c0->r0_c0', 'r0_c0->r0_c1', 'r0_c1->r0_c2', 'r0_c2->r1_c2', 'r1_c2->r2_c2')",108.0,optimal_mapf_coordinator
370,92.0,robot_3,continue_current_plan,task_2,"('r2_c0', 'r1_c0', 'r0_c0', 'r0_c1', 'r0_c2', 'r1_c2', 'r2_c2')","('r2_c0->r1_c0', 'r1_c0->r0_c0', 'r0_c0->r0_c1', 'r0_c1->r0_c2', 'r0_c2->r1_c2', 'r1_c2->r2_c2')",102.0,optimal_mapf_coordinator
371,92.0,robot_4,wait,,(),(),92.25,optimal_mapf_coordinator
372,93.0,robot_1,wait,,(),(),93.25,optimal_mapf_coordinator
373,93.0,robot_2,continue_current_plan,task_3,"('r2_c0', 'r1_c0', 'r0_c0', 'r0_c1', 'r0_c2', 'r1_c2', 'r2_c2')","('r2_c0->r1_c0', 'r1_c0->r0_c0', 'r0_c0->r0_c1', 'r0_c1->r0_c2', 'r0_c2->r1_c2', 'r1_c2->r2_c2')",108.0,optimal_mapf_coordinator
374,93.0,robot_3,continue_current_plan,task_2,"('r2_c0', 'r1_c0', 'r0_c0', 'r0_c1', 'r0_c2', 'r1_c2', 'r2_c2')","('r2_c0->r1_c0', 'r1_c0->r0_c0', 'r0_c0->r0_c1', 'r0_c1->r0_c2', 'r0_c2->r1_c2', 'r1_c2->r2_c2')",102.0,optimal_mapf_coordinator
375,93.0,robot_4,wait,,(),(),93.25,optimal_mapf_coordinator
376,94.0,robot_1,wait,,(),(),94.25,optimal_mapf_coordinator
377,94.0,robot_2,continue_current_plan,task_3,"('r2_c0', 'r1_c0', 'r0_c0', 'r0_c1', 'r0_c2', 'r1_c2', 'r2_c2')","('r2_c0->r1_c0', 'r1_c0->r0_c0', 'r0_c0->r0_c1', 'r0_c1->r0_c2', 'r0_c2->r1_c2', 'r1_c2->r2_c2')",108.0,optimal_mapf_coordinator
378,94.0,robot_3,continue_current_plan,task_2,"('r2_c0', 'r1_c0', 'r0_c0', 'r0_c1', 'r0_c2', 'r1_c2', 'r2_c2')","('r2_c0->r1_c0', 'r1_c0->r0_c0', 'r0_c0->r0_c1', 'r0_c1->r0_c2', 'r0_c2->r1_c2', 'r1_c2->r2_c2')",102.0,optimal_mapf_coordinator
379,94.0,robot_4,wait,,(),(),94.25,optimal_mapf_coordinator
380,95.0,robot_1,wait,,(),(),95.25,optimal_mapf_coordinator
381,95.0,robot_2,continue_current_plan,task_3,"('r2_c0', 'r1_c0', 'r0_c0', 'r0_c1', 'r0_c2', 'r1_c2', 'r2_c2')","('r2_c0->r1_c0', 'r1_c0->r0_c0', 'r0_c0->r0_c1', 'r0_c1->r0_c2', 'r0_c2->r1_c2', 'r1_c2->r2_c2')",108.0,optimal_mapf_coordinator
382,95.0,robot_3,continue_current_plan,task_2,"('r2_c0', 'r1_c0', 'r0_c0', 'r0_c1', 'r0_c2', 'r1_c2', 'r2_c2')","('r2_c0->r1_c0', 'r1_c0->r0_c0', 'r0_c0->r0_c1', 'r0_c1->r0_c2', 'r0_c2->r1_c2', 'r1_c2->r2_c2')",102.0,optimal_mapf_coordinator
383,95.0,robot_4,wait,,(),(),95.25,optimal_mapf_coordinator
384,96.0,robot_1,wait,,(),(),96.25,optimal_mapf_coordinator
385,96.0,robot_2,continue_current_plan,task_3,"('r2_c0', 'r1_c0', 'r0_c0', 'r0_c1', 'r0_c2', 'r1_c2', 'r2_c2')","('r2_c0->r1_c0', 'r1_c0->r0_c0', 'r0_c0->r0_c1', 'r0_c1->r0_c2', 'r0_c2->r1_c2', 'r1_c2->r2_c2')",108.0,optimal_mapf_coordinator
386,96.0,robot_3,continue_current_plan,task_2,"('r2_c0', 'r1_c0', 'r0_c0', 'r0_c1', 'r0_c2', 'r1_c2', 'r2_c2')","('r2_c0->r1_c0', 'r1_c0->r0_c0', 'r0_c0->r0_c1', 'r0_c1->r0_c2', 'r0_c2->r1_c2', 'r1_c2->r2_c2')",102.0,optimal_mapf_coordinator
387,96.0,robot_4,wait,,(),(),96.25,optimal_mapf_coordinator
388,97.0,robot_1,wait,,(),(),97.25,optimal_mapf_coordinator
389,97.0,robot_2,continue_current_plan,task_3,"('r2_c0', 'r1_c0', 'r0_c0', 'r0_c1', 'r0_c2', 'r1_c2', 'r2_c2')","('r2_c0->r1_c0', 'r1_c0->r0_c0', 'r0_c0->r0_c1', 'r0_c1->r0_c2', 'r0_c2->r1_c2', 'r1_c2->r2_c2')",108.0,optimal_mapf_coordinator
390,97.0,robot_3,continue_current_plan,task_2,"('r2_c0', 'r1_c0', 'r0_c0', 'r0_c1', 'r0_c2', 'r1_c2', 'r2_c2')","('r2_c0->r1_c0', 'r1_c0->r0_c0', 'r0_c0->r0_c1', 'r0_c1->r0_c2', 'r0_c2->r1_c2', 'r1_c2->r2_c2')",102.0,optimal_mapf_coordinator
391,97.0,robot_4,wait,,(),(),97.25,optimal_mapf_coordinator
392,98.0,robot_1,wait,,(),(),98.25,optimal_mapf_coordinator
393,98.0,robot_2,continue_current_plan,task_3,"('r2_c0', 'r1_c0', 'r0_c0', 'r0_c1', 'r0_c2', 'r1_c2', 'r2_c2')","('r2_c0->r1_c0', 'r1_c0->r0_c0', 'r0_c0->r0_c1', 'r0_c1->r0_c2', 'r0_c2->r1_c2', 'r1_c2->r2_c2')",108.0,optimal_mapf_coordinator
394,98.0,robot_3,continue_current_plan,task_2,"('r2_c0', 'r1_c0', 'r0_c0', 'r0_c1', 'r0_c2', 'r1_c2', 'r2_c2')","('r2_c0->r1_c0', 'r1_c0->r0_c0', 'r0_c0->r0_c1', 'r0_c1->r0_c2', 'r0_c2->r1_c2', 'r1_c2->r2_c2')",102.0,optimal_mapf_coordinator
395,98.0,robot_4,wait,,(),(),98.25,optimal_mapf_coordinator
396,99.0,robot_1,wait,,(),(),99.25,optimal_mapf_coordinator
397,99.0,robot_2,continue_current_plan,task_3,"('r2_c0', 'r1_c0', 'r0_c0', 'r0_c1', 'r0_c2', 'r1_c2', 'r2_c2')","('r2_c0->r1_c0', 'r1_c0->r0_c0', 'r0_c0->r0_c1', 'r0_c1->r0_c2', 'r0_c2->r1_c2', 'r1_c2->r2_c2')",108.0,optimal_mapf_coordinator
398,99.0,robot_3,continue_current_plan,task_2,"('r2_c0', 'r1_c0', 'r0_c0', 'r0_c1', 'r0_c2', 'r1_c2', 'r2_c2')","('r2_c0->r1_c0', 'r1_c0->r0_c0', 'r0_c0->r0_c1', 'r0_c1->r0_c2', 'r0_c2->r1_c2', 'r1_c2->r2_c2')",102.0,optimal_mapf_coordinator
399,99.0,robot_4,wait,,(),(),99.25,optimal_mapf_coordinator
400,100.0,robot_1,wait,,(),(),100.25,optimal_mapf_coordinator
401,100.0,robot_2,continue_current_plan,task_3,"('r2_c0', 'r1_c0', 'r0_c0', 'r0_c1', 'r0_c2', 'r1_c2', 'r2_c2')","('r2_c0->r1_c0', 'r1_c0->r0_c0', 'r0_c0->r0_c1', 'r0_c1->r0_c2', 'r0_c2->r1_c2', 'r1_c2->r2_c2')",108.0,optimal_mapf_coordinator
402,100.0,robot_3,continue_current_plan,task_2,"('r2_c0', 'r1_c0', 'r0_c0', 'r0_c1', 'r0_c2', 'r1_c2', 'r2_c2')","('r2_c0->r1_c0', 'r1_c0->r0_c0', 'r0_c0->r0_c1', 'r0_c1->r0_c2', 'r0_c2->r1_c2', 'r1_c2->r2_c2')",102.0,optimal_mapf_coordinator
403,100.0,robot_4,wait,,(),(),100.25,optimal_mapf_coordinator
404,101.0,robot_1,wait,,(),(),101.25,optimal_mapf_coordinator
405,101.0,robot_2,continue_current_plan,task_3,"('r2_c0', 'r1_c0', 'r0_c0', 'r0_c1', 'r0_c2', 'r1_c2', 'r2_c2')","('r2_c0->r1_c0', 'r1_c0->r0_c0', 'r0_c0->r0_c1', 'r0_c1->r0_c2', 'r0_c2->r1_c2', 'r1_c2->r2_c2')",108.0,optimal_mapf_coordinator
406,101.0,robot_3,continue_current_plan,task_2,"('r2_c0', 'r1_c0', 'r0_c0', 'r0_c1', 'r0_c2', 'r1_c2', 'r2_c2')","('r2_c0->r1_c0', 'r1_c0->r0_c0', 'r0_c0->r0_c1', 'r0_c1->r0_c2', 'r0_c2->r1_c2', 'r1_c2->r2_c2')",102.0,optimal_mapf_coordinator
407,101.0,robot_4,wait,,(),(),101.25,optimal_mapf_coordinator
408,102.0,robot_1,wait,,(),(),102.25,optimal_mapf_coordinator
409,102.0,robot_2,continue_current_plan,task_3,"('r2_c0', 'r1_c0', 'r0_c0', 'r0_c1', 'r0_c2', 'r1_c2', 'r2_c2')","('r2_c0->r1_c0', 'r1_c0->r0_c0', 'r0_c0->r0_c1', 'r0_c1->r0_c2', 'r0_c2->r1_c2', 'r1_c2->r2_c2')",108.0,optimal_mapf_coordinator
410,102.0,robot_3,wait,,(),(),102.25,optimal_mapf_coordinator
411,102.0,robot_4,wait,,(),(),102.25,optimal_mapf_coordinator
412,103.0,robot_1,wait,,(),(),103.25,optimal_mapf_coordinator
413,103.0,robot_2,continue_current_plan,task_3,"('r2_c0', 'r1_c0', 'r0_c0', 'r0_c1', 'r0_c2', 'r1_c2', 'r2_c2')","('r2_c0->r1_c0', 'r1_c0->r0_c0', 'r0_c0->r0_c1', 'r0_c1->r0_c2', 'r0_c2->r1_c2', 'r1_c2->r2_c2')",108.0,optimal_mapf_coordinator
414,103.0,robot_3,wait,,(),(),103.25,optimal_mapf_coordinator
415,103.0,robot_4,wait,,(),(),103.25,optimal_mapf_coordinator
416,104.0,robot_1,wait,,(),(),104.25,optimal_mapf_coordinator
417,104.0,robot_2,continue_current_plan,task_3,"('r2_c0', 'r1_c0', 'r0_c0', 'r0_c1', 'r0_c2', 'r1_c2', 'r2_c2')","('r2_c0->r1_c0', 'r1_c0->r0_c0', 'r0_c0->r0_c1', 'r0_c1->r0_c2', 'r0_c2->r1_c2', 'r1_c2->r2_c2')",108.0,optimal_mapf_coordinator
418,104.0,robot_3,wait,,(),(),104.25,optimal_mapf_coordinator
419,104.0,robot_4,wait,,(),(),104.25,optimal_mapf_coordinator
420,105.0,robot_1,wait,,(),(),105.25,optimal_mapf_coordinator
421,105.0,robot_2,continue_current_plan,task_3,"('r2_c0', 'r1_c0', 'r0_c0', 'r0_c1', 'r0_c2', 'r1_c2', 'r2_c2')","('r2_c0->r1_c0', 'r1_c0->r0_c0', 'r0_c0->r0_c1', 'r0_c1->r0_c2', 'r0_c2->r1_c2', 'r1_c2->r2_c2')",108.0,optimal_mapf_coordinator
422,105.0,robot_3,wait,,(),(),105.25,optimal_mapf_coordinator
423,105.0,robot_4,wait,,(),(),105.25,optimal_mapf_coordinator
424,106.0,robot_1,wait,,(),(),106.25,optimal_mapf_coordinator
425,106.0,robot_2,continue_current_plan,task_3,"('r2_c0', 'r1_c0', 'r0_c0', 'r0_c1', 'r0_c2', 'r1_c2', 'r2_c2')","('r2_c0->r1_c0', 'r1_c0->r0_c0', 'r0_c0->r0_c1', 'r0_c1->r0_c2', 'r0_c2->r1_c2', 'r1_c2->r2_c2')",108.0,optimal_mapf_coordinator
426,106.0,robot_3,wait,,(),(),106.25,optimal_mapf_coordinator
427,106.0,robot_4,wait,,(),(),106.25,optimal_mapf_coordinator
428,107.0,robot_1,wait,,(),(),107.25,optimal_mapf_coordinator
429,107.0,robot_2,continue_current_plan,task_3,"('r2_c0', 'r1_c0', 'r0_c0', 'r0_c1', 'r0_c2', 'r1_c2', 'r2_c2')","('r2_c0->r1_c0', 'r1_c0->r0_c0', 'r0_c0->r0_c1', 'r0_c1->r0_c2', 'r0_c2->r1_c2', 'r1_c2->r2_c2')",108.0,optimal_mapf_coordinator
430,107.0,robot_3,wait,,(),(),107.25,optimal_mapf_coordinator
431,107.0,robot_4,wait,,(),(),107.25,optimal_mapf_coordinator
432,108.0,robot_1,wait,,(),(),108.25,optimal_mapf_coordinator
433,108.0,robot_2,wait,,(),(),108.25,optimal_mapf_coordinator
434,108.0,robot_3,wait,,(),(),108.25,optimal_mapf_coordinator
435,108.0,robot_4,wait,,(),(),108.25,optimal_mapf_coordinator
436,109.0,robot_1,wait,,(),(),109.25,optimal_mapf_coordinator
437,109.0,robot_2,wait,,(),(),109.25,optimal_mapf_coordinator
438,109.0,robot_3,wait,,(),(),109.25,optimal_mapf_coordinator
439,109.0,robot_4,wait,,(),(),109.25,optimal_mapf_coordinator
440,110.0,robot_1,wait,,(),(),110.25,optimal_mapf_coordinator
441,110.0,robot_2,wait,,(),(),110.25,optimal_mapf_coordinator
442,110.0,robot_3,wait,,(),(),110.25,optimal_mapf_coordinator
443,110.0,robot_4,wait,,(),(),110.25,optimal_mapf_coordinator
444,111.0,robot_1,wait,,(),(),111.25,optimal_mapf_coordinator
445,111.0,robot_2,wait,,(),(),111.25,optimal_mapf_coordinator
446,111.0,robot_3,wait,,(),(),111.25,optimal_mapf_coordinator
447,111.0,robot_4,wait,,(),(),111.25,optimal_mapf_coordinator
448,112.0,robot_1,wait,,(),(),112.25,optimal_mapf_coordinator
449,112.0,robot_2,wait,,(),(),112.25,optimal_mapf_coordinator
450,112.0,robot_3,wait,,(),(),112.25,optimal_mapf_coordinator
451,112.0,robot_4,wait,,(),(),112.25,optimal_mapf_coordinator
452,113.0,robot_1,wait,,(),(),113.25,optimal_mapf_coordinator
453,113.0,robot_2,wait,,(),(),113.25,optimal_mapf_coordinator
454,113.0,robot_3,wait,,(),(),113.25,optimal_mapf_coordinator
455,113.0,robot_4,wait,,(),(),113.25,optimal_mapf_coordinator
456,114.0,robot_1,wait,,(),(),114.25,optimal_mapf_coordinator
457,114.0,robot_2,wait,,(),(),114.25,optimal_mapf_coordinator
458,114.0,robot_3,wait,,(),(),114.25,optimal_mapf_coordinator
459,114.0,robot_4,wait,,(),(),114.25,optimal_mapf_coordinator
460,115.0,robot_1,wait,,(),(),115.25,optimal_mapf_coordinator
461,115.0,robot_2,wait,,(),(),115.25,optimal_mapf_coordinator
462,115.0,robot_3,wait,,(),(),115.25,optimal_mapf_coordinator
463,115.0,robot_4,wait,,(),(),115.25,optimal_mapf_coordinator
464,116.0,robot_1,wait,,(),(),116.25,optimal_mapf_coordinator
465,116.0,robot_2,wait,,(),(),116.25,optimal_mapf_coordinator
466,116.0,robot_3,wait,,(),(),116.25,optimal_mapf_coordinator
467,116.0,robot_4,wait,,(),(),116.25,optimal_mapf_coordinator
468,117.0,robot_1,wait,,(),(),117.25,optimal_mapf_coordinator
469,117.0,robot_2,wait,,(),(),117.25,optimal_mapf_coordinator
470,117.0,robot_3,wait,,(),(),117.25,optimal_mapf_coordinator
471,117.0,robot_4,wait,,(),(),117.25,optimal_mapf_coordinator
472,118.0,robot_1,wait,,(),(),118.25,optimal_mapf_coordinator
473,118.0,robot_2,wait,,(),(),118.25,optimal_mapf_coordinator
474,118.0,robot_3,wait,,(),(),118.25,optimal_mapf_coordinator
475,118.0,robot_4,wait,,(),(),118.25,optimal_mapf_coordinator
476,119.0,robot_1,wait,,(),(),119.25,optimal_mapf_coordinator
477,119.0,robot_2,wait,,(),(),119.25,optimal_mapf_coordinator
478,119.0,robot_3,wait,,(),(),119.25,optimal_mapf_coordinator
479,119.0,robot_4,wait,,(),(),119.25,optimal_mapf_coordinator
480,120.0,robot_1,wait,,(),(),120.25,optimal_mapf_coordinator
481,120.0,robot_2,wait,,(),(),120.25,optimal_mapf_coordinator
482,120.0,robot_3,wait,,(),(),120.25,optimal_mapf_coordinator
483,120.0,robot_4,wait,,(),(),120.25,optimal_mapf_coordinator
484,121.0,robot_1,wait,,(),(),121.25,optimal_mapf_coordinator
485,121.0,robot_2,wait,,(),(),121.25,optimal_mapf_coordinator
486,121.0,robot_3,wait,,(),(),121.25,optimal_mapf_coordinator
487,121.0,robot_4,wait,,(),(),121.25,optimal_mapf_coordinator
488,122.0,robot_1,wait,,(),(),122.25,optimal_mapf_coordinator
489,122.0,robot_2,wait,,(),(),122.25,optimal_mapf_coordinator
490,122.0,robot_3,wait,,(),(),122.25,optimal_mapf_coordinator
491,122.0,robot_4,wait,,(),(),122.25,optimal_mapf_coordinator
492,123.0,robot_1,wait,,(),(),123.25,optimal_mapf_coordinator
493,123.0,robot_2,wait,,(),(),123.25,optimal_mapf_coordinator
494,123.0,robot_3,wait,,(),(),123.25,optimal_mapf_coordinator
495,123.0,robot_4,wait,,(),(),123.25,optimal_mapf_coordinator
496,124.0,robot_1,wait,,(),(),124.25,optimal_mapf_coordinator
497,124.0,robot_2,wait,,(),(),124.25,optimal_mapf_coordinator
498,124.0,robot_3,wait,,(),(),124.25,optimal_mapf_coordinator
499,124.0,robot_4,wait,,(),(),124.25,optimal_mapf_coordinator
500,125.0,robot_1,wait,,(),(),125.25,optimal_mapf_coordinator
501,125.0,robot_2,wait,,(),(),125.25,optimal_mapf_coordinator
502,125.0,robot_3,wait,,(),(),125.25,optimal_mapf_coordinator
503,125.0,robot_4,wait,,(),(),125.25,optimal_mapf_coordinator
504,126.0,robot_1,wait,,(),(),126.25,optimal_mapf_coordinator
505,126.0,robot_2,wait,,(),(),126.25,optimal_mapf_coordinator
506,126.0,robot_3,wait,,(),(),126.25,optimal_mapf_coordinator
507,126.0,robot_4,wait,,(),(),126.25,optimal_mapf_coordinator
508,127.0,robot_1,wait,,(),(),127.25,optimal_mapf_coordinator
509,127.0,robot_2,wait,,(),(),127.25,optimal_mapf_coordinator
510,127.0,robot_3,wait,,(),(),127.25,optimal_mapf_coordinator
511,127.0,robot_4,wait,,(),(),127.25,optimal_mapf_coordinator
512,128.0,robot_1,wait,,(),(),128.25,optimal_mapf_coordinator
513,128.0,robot_2,wait,,(),(),128.25,optimal_mapf_coordinator
514,128.0,robot_3,wait,,(),(),128.25,optimal_mapf_coordinator
515,128.0,robot_4,wait,,(),(),128.25,optimal_mapf_coordinator
516,129.0,robot_1,wait,,(),(),129.25,optimal_mapf_coordinator
517,129.0,robot_2,wait,,(),(),129.25,optimal_mapf_coordinator
518,129.0,robot_3,wait,,(),(),129.25,optimal_mapf_coordinator
519,129.0,robot_4,wait,,(),(),129.25,optimal_mapf_coordinator
520,130.0,robot_1,wait,,(),(),130.25,optimal_mapf_coordinator
521,130.0,robot_2,wait,,(),(),130.25,optimal_mapf_coordinator
522,130.0,robot_3,wait,,(),(),130.25,optimal_mapf_coordinator
523,130.0,robot_4,wait,,(),(),130.25,optimal_mapf_coordinator
524,131.0,robot_1,wait,,(),(),131.25,optimal_mapf_coordinator
525,131.0,robot_2,wait,,(),(),131.25,optimal_mapf_coordinator
526,131.0,robot_3,wait,,(),(),131.25,optimal_mapf_coordinator
527,131.0,robot_4,wait,,(),(),131.25,optimal_mapf_coordinator
528,132.0,robot_1,wait,,(),(),132.25,optimal_mapf_coordinator
529,132.0,robot_2,wait,,(),(),132.25,optimal_mapf_coordinator
530,132.0,robot_3,wait,,(),(),132.25,optimal_mapf_coordinator
531,132.0,robot_4,wait,,(),(),132.25,optimal_mapf_coordinator
532,133.0,robot_1,task_route,task_4,"('r2_c0', 'r1_c0', 'r0_c0', 'r0_c1', 'r0_c2', 'r1_c2', 'r2_c2')","('r2_c0->r1_c0', 'r1_c0->r0_c0', 'r0_c0->r0_c1', 'r0_c1->r0_c2', 'r0_c2->r1_c2', 'r1_c2->r2_c2')",6.0,optimal_mapf_coordinator
533,133.0,robot_2,wait,,(),(),133.25,optimal_mapf_coordinator
534,133.0,robot_3,wait,,(),(),133.25,optimal_mapf_coordinator
535,133.0,robot_4,wait,,(),(),133.25,optimal_mapf_coordinator
536,134.0,robot_1,continue_current_plan,task_4,"('r2_c0', 'r1_c0', 'r0_c0', 'r0_c1', 'r0_c2', 'r1_c2', 'r2_c2')","('r2_c0->r1_c0', 'r1_c0->r0_c0', 'r0_c0->r0_c1', 'r0_c1->r0_c2', 'r0_c2->r1_c2', 'r1_c2->r2_c2')",154.0,optimal_mapf_coordinator
537,134.0,robot_2,wait,,(),(),134.25,optimal_mapf_coordinator
538,134.0,robot_3,wait,,(),(),134.25,optimal_mapf_coordinator
539,134.0,robot_4,wait,,(),(),134.25,optimal_mapf_coordinator
540,135.0,robot_1,continue_current_plan,task_4,"('r2_c0', 'r1_c0', 'r0_c0', 'r0_c1', 'r0_c2', 'r1_c2', 'r2_c2')","('r2_c0->r1_c0', 'r1_c0->r0_c0', 'r0_c0->r0_c1', 'r0_c1->r0_c2', 'r0_c2->r1_c2', 'r1_c2->r2_c2')",154.0,optimal_mapf_coordinator
541,135.0,robot_2,wait,,(),(),135.25,optimal_mapf_coordinator
542,135.0,robot_3,wait,,(),(),135.25,optimal_mapf_coordinator
543,135.0,robot_4,wait,,(),(),135.25,optimal_mapf_coordinator
544,136.0,robot_1,continue_current_plan,task_4,"('r2_c0', 'r1_c0', 'r0_c0', 'r0_c1', 'r0_c2', 'r1_c2', 'r2_c2')","('r2_c0->r1_c0', 'r1_c0->r0_c0', 'r0_c0->r0_c1', 'r0_c1->r0_c2', 'r0_c2->r1_c2', 'r1_c2->r2_c2')",154.0,optimal_mapf_coordinator
545,136.0,robot_2,wait,,(),(),136.25,optimal_mapf_coordinator
546,136.0,robot_3,wait,,(),(),136.25,optimal_mapf_coordinator
547,136.0,robot_4,task_route,task_5,"('r2_c2', 'r1_c2', 'r0_c2', 'r0_c1', 'r0_c0', 'r0_c1', 'r0_c2', 'r1_c2', 'r2_c2')","('r2_c2->r1_c2', 'r1_c2->r0_c2', 'r0_c2->r0_c1', 'r0_c1->r0_c0', 'r0_c0->r0_c1', 'r0_c1->r0_c2', 'r0_c2->r1_c2', 'r1_c2->r2_c2')",8.0,optimal_mapf_coordinator
548,137.0,robot_1,continue_current_plan,task_4,"('r2_c0', 'r1_c0', 'r0_c0', 'r0_c1', 'r0_c2', 'r1_c2', 'r2_c2')","('r2_c0->r1_c0', 'r1_c0->r0_c0', 'r0_c0->r0_c1', 'r0_c1->r0_c2', 'r0_c2->r1_c2', 'r1_c2->r2_c2')",154.0,optimal_mapf_coordinator
549,137.0,robot_2,wait,,(),(),137.25,optimal_mapf_coordinator
550,137.0,robot_3,wait,,(),(),137.25,optimal_mapf_coordinator
551,137.0,robot_4,continue_current_plan,task_5,"('r2_c2', 'r1_c2', 'r0_c2', 'r0_c1', 'r0_c0', 'r0_c1', 'r0_c2', 'r1_c2', 'r2_c2')","('r2_c2->r1_c2', 'r1_c2->r0_c2', 'r0_c2->r0_c1', 'r0_c1->r0_c0', 'r0_c0->r0_c1', 'r0_c1->r0_c2', 'r0_c2->r1_c2', 'r1_c2->r2_c2')",159.0,optimal_mapf_coordinator
552,138.0,robot_1,continue_current_plan,task_4,"('r2_c0', 'r1_c0', 'r0_c0', 'r0_c1', 'r0_c2', 'r1_c2', 'r2_c2')","('r2_c0->r1_c0', 'r1_c0->r0_c0', 'r0_c0->r0_c1', 'r0_c1->r0_c2', 'r0_c2->r1_c2', 'r1_c2->r2_c2')",154.0,optimal_mapf_coordinator
553,138.0,robot_2,wait,,(),(),138.25,optimal_mapf_coordinator
554,138.0,robot_3,wait,,(),(),138.25,optimal_mapf_coordinator
555,138.0,robot_4,continue_current_plan,task_5,"('r2_c2', 'r1_c2', 'r0_c2', 'r0_c1', 'r0_c0', 'r0_c1', 'r0_c2', 'r1_c2', 'r2_c2')","('r2_c2->r1_c2', 'r1_c2->r0_c2', 'r0_c2->r0_c1', 'r0_c1->r0_c0', 'r0_c0->r0_c1', 'r0_c1->r0_c2', 'r0_c2->r1_c2', 'r1_c2->r2_c2')",159.0,optimal_mapf_coordinator
556,139.0,robot_1,continue_current_plan,task_4,"('r2_c0', 'r1_c0', 'r0_c0', 'r0_c1', 'r0_c2', 'r1_c2', 'r2_c2')","('r2_c0->r1_c0', 'r1_c0->r0_c0', 'r0_c0->r0_c1', 'r0_c1->r0_c2', 'r0_c2->r1_c2', 'r1_c2->r2_c2')",154.0,optimal_mapf_coordinator
557,139.0,robot_2,wait,,(),(),139.25,optimal_mapf_coordinator
558,139.0,robot_3,wait,,(),(),139.25,optimal_mapf_coordinator
559,139.0,robot_4,continue_current_plan,task_5,"('r2_c2', 'r1_c2', 'r0_c2', 'r0_c1', 'r0_c0', 'r0_c1', 'r0_c2', 'r1_c2', 'r2_c2')","('r2_c2->r1_c2', 'r1_c2->r0_c2', 'r0_c2->r0_c1', 'r0_c1->r0_c0', 'r0_c0->r0_c1', 'r0_c1->r0_c2', 'r0_c2->r1_c2', 'r1_c2->r2_c2')",159.0,optimal_mapf_coordinator
560,140.0,robot_1,continue_current_plan,task_4,"('r2_c0', 'r1_c0', 'r0_c0', 'r0_c1', 'r0_c2', 'r1_c2', 'r2_c2')","('r2_c0->r1_c0', 'r1_c0->r0_c0', 'r0_c0->r0_c1', 'r0_c1->r0_c2', 'r0_c2->r1_c2', 'r1_c2->r2_c2')",154.0,optimal_mapf_coordinator
561,140.0,robot_2,wait,,(),(),140.25,optimal_mapf_coordinator
562,140.0,robot_3,wait,,(),(),140.25,optimal_mapf_coordinator
563,140.0,robot_4,continue_current_plan,task_5,"('r2_c2', 'r1_c2', 'r0_c2', 'r0_c1', 'r0_c0', 'r0_c1', 'r0_c2', 'r1_c2', 'r2_c2')","('r2_c2->r1_c2', 'r1_c2->r0_c2', 'r0_c2->r0_c1', 'r0_c1->r0_c0', 'r0_c0->r0_c1', 'r0_c1->r0_c2', 'r0_c2->r1_c2', 'r1_c2->r2_c2')",159.0,optimal_mapf_coordinator
564,141.0,robot_1,continue_current_plan,task_4,"('r2_c0', 'r1_c0', 'r0_c0', 'r0_c1', 'r0_c2', 'r1_c2', 'r2_c2')","('r2_c0->r1_c0', 'r1_c0->r0_c0', 'r0_c0->r0_c1', 'r0_c1->r0_c2', 'r0_c2->r1_c2', 'r1_c2->r2_c2')",154.0,optimal_mapf_coordinator
565,141.0,robot_2,wait,,(),(),141.25,optimal_mapf_coordinator
566,141.0,robot_3,wait,,(),(),141.25,optimal_mapf_coordinator
567,141.0,robot_4,continue_current_plan,task_5,"('r2_c2', 'r1_c2', 'r0_c2', 'r0_c1', 'r0_c0', 'r0_c1', 'r0_c2', 'r1_c2', 'r2_c2')","('r2_c2->r1_c2', 'r1_c2->r0_c2', 'r0_c2->r0_c1', 'r0_c1->r0_c0', 'r0_c0->r0_c1', 'r0_c1->r0_c2', 'r0_c2->r1_c2', 'r1_c2->r2_c2')",159.0,optimal_mapf_coordinator
568,142.0,robot_1,continue_current_plan,task_4,"('r2_c0', 'r1_c0', 'r0_c0', 'r0_c1', 'r0_c2', 'r1_c2', 'r2_c2')","('r2_c0->r1_c0', 'r1_c0->r0_c0', 'r0_c0->r0_c1', 'r0_c1->r0_c2', 'r0_c2->r1_c2', 'r1_c2->r2_c2')",154.0,optimal_mapf_coordinator
569,142.0,robot_2,wait,,(),(),142.25,optimal_mapf_coordinator
570,142.0,robot_3,wait,,(),(),142.25,optimal_mapf_coordinator
571,142.0,robot_4,continue_current_plan,task_5,"('r2_c2', 'r1_c2', 'r0_c2', 'r0_c1', 'r0_c0', 'r0_c1', 'r0_c2', 'r1_c2', 'r2_c2')","('r2_c2->r1_c2', 'r1_c2->r0_c2', 'r0_c2->r0_c1', 'r0_c1->r0_c0', 'r0_c0->r0_c1', 'r0_c1->r0_c2', 'r0_c2->r1_c2', 'r1_c2->r2_c2')",159.0,optimal_mapf_coordinator
572,143.0,robot_1,continue_current_plan,task_4,"('r2_c0', 'r1_c0', 'r0_c0', 'r0_c1', 'r0_c2', 'r1_c2', 'r2_c2')","('r2_c0->r1_c0', 'r1_c0->r0_c0', 'r0_c0->r0_c1', 'r0_c1->r0_c2', 'r0_c2->r1_c2', 'r1_c2->r2_c2')",154.0,optimal_mapf_coordinator
573,143.0,robot_2,wait,,(),(),143.25,optimal_mapf_coordinator
574,143.0,robot_3,wait,,(),(),143.25,optimal_mapf_coordinator
575,143.0,robot_4,continue_current_plan,task_5,"('r2_c2', 'r1_c2', 'r0_c2', 'r0_c1', 'r0_c0', 'r0_c1', 'r0_c2', 'r1_c2', 'r2_c2')","('r2_c2->r1_c2', 'r1_c2->r0_c2', 'r0_c2->r0_c1', 'r0_c1->r0_c0', 'r0_c0->r0_c1', 'r0_c1->r0_c2', 'r0_c2->r1_c2', 'r1_c2->r2_c2')",159.0,optimal_mapf_coordinator
576,144.0,robot_1,continue_current_plan,task_4,"('r2_c0', 'r1_c0', 'r0_c0', 'r0_c1', 'r0_c2', 'r1_c2', 'r2_c2')","('r2_c0->r1_c0', 'r1_c0->r0_c0', 'r0_c0->r0_c1', 'r0_c1->r0_c2', 'r0_c2->r1_c2', 'r1_c2->r2_c2')",154.0,optimal_mapf_coordinator
577,144.0,robot_2,wait,,(),(),144.25,optimal_mapf_coordinator
578,144.0,robot_3,wait,,(),(),144.25,optimal_mapf_coordinator
579,144.0,robot_4,continue_current_plan,task_5,"('r2_c2', 'r1_c2', 'r0_c2', 'r0_c1', 'r0_c0', 'r0_c1', 'r0_c2', 'r1_c2', 'r2_c2')","('r2_c2->r1_c2', 'r1_c2->r0_c2', 'r0_c2->r0_c1', 'r0_c1->r0_c0', 'r0_c0->r0_c1', 'r0_c1->r0_c2', 'r0_c2->r1_c2', 'r1_c2->r2_c2')",159.0,optimal_mapf_coordinator
580,145.0,robot_1,continue_current_plan,task_4,"('r2_c0', 'r1_c0', 'r0_c0', 'r0_c1', 'r0_c2', 'r1_c2', 'r2_c2')","('r2_c0->r1_c0', 'r1_c0->r0_c0', 'r0_c0->r0_c1', 'r0_c1->r0_c2', 'r0_c2->r1_c2', 'r1_c2->r2_c2')",154.0,optimal_mapf_coordinator
581,145.0,robot_2,wait,,(),(),145.25,optimal_mapf_coordinator
582,145.0,robot_3,wait,,(),(),145.25,optimal_mapf_coordinator
583,145.0,robot_4,continue_current_plan,task_5,"('r2_c2', 'r1_c2', 'r0_c2', 'r0_c1', 'r0_c0', 'r0_c1', 'r0_c2', 'r1_c2', 'r2_c2')","('r2_c2->r1_c2', 'r1_c2->r0_c2', 'r0_c2->r0_c1', 'r0_c1->r0_c0', 'r0_c0->r0_c1', 'r0_c1->r0_c2', 'r0_c2->r1_c2', 'r1_c2->r2_c2')",159.0,optimal_mapf_coordinator
584,146.0,robot_1,continue_current_plan,task_4,"('r2_c0', 'r1_c0', 'r0_c0', 'r0_c1', 'r0_c2', 'r1_c2', 'r2_c2')","('r2_c0->r1_c0', 'r1_c0->r0_c0', 'r0_c0->r0_c1', 'r0_c1->r0_c2', 'r0_c2->r1_c2', 'r1_c2->r2_c2')",154.0,optimal_mapf_coordinator
585,146.0,robot_2,wait,,(),(),146.25,optimal_mapf_coordinator
586,146.0,robot_3,wait,,(),(),146.25,optimal_mapf_coordinator
587,146.0,robot_4,continue_current_plan,task_5,"('r2_c2', 'r1_c2', 'r0_c2', 'r0_c1', 'r0_c0', 'r0_c1', 'r0_c2', 'r1_c2', 'r2_c2')","('r2_c2->r1_c2', 'r1_c2->r0_c2', 'r0_c2->r0_c1', 'r0_c1->r0_c0', 'r0_c0->r0_c1', 'r0_c1->r0_c2', 'r0_c2->r1_c2', 'r1_c2->r2_c2')",159.0,optimal_mapf_coordinator
588,147.0,robot_1,continue_current_plan,task_4,"('r2_c0', 'r1_c0', 'r0_c0', 'r0_c1', 'r0_c2', 'r1_c2', 'r2_c2')","('r2_c0->r1_c0', 'r1_c0->r0_c0', 'r0_c0->r0_c1', 'r0_c1->r0_c2', 'r0_c2->r1_c2', 'r1_c2->r2_c2')",154.0,optimal_mapf_coordinator
589,147.0,robot_2,wait,,(),(),147.25,optimal_mapf_coordinator
590,147.0,robot_3,wait,,(),(),147.25,optimal_mapf_coordinator
591,147.0,robot_4,continue_current_plan,task_5,"('r2_c2', 'r1_c2', 'r0_c2', 'r0_c1', 'r0_c0', 'r0_c1', 'r0_c2', 'r1_c2', 'r2_c2')","('r2_c2->r1_c2', 'r1_c2->r0_c2', 'r0_c2->r0_c1', 'r0_c1->r0_c0', 'r0_c0->r0_c1', 'r0_c1->r0_c2', 'r0_c2->r1_c2', 'r1_c2->r2_c2')",159.0,optimal_mapf_coordinator
592,148.0,robot_1,continue_current_plan,task_4,"('r2_c0', 'r1_c0', 'r0_c0', 'r0_c1', 'r0_c2', 'r1_c2', 'r2_c2')","('r2_c0->r1_c0', 'r1_c0->r0_c0', 'r0_c0->r0_c1', 'r0_c1->r0_c2', 'r0_c2->r1_c2', 'r1_c2->r2_c2')",154.0,optimal_mapf_coordinator
593,148.0,robot_2,wait,,(),(),148.25,optimal_mapf_coordinator
594,148.0,robot_3,wait,,(),(),148.25,optimal_mapf_coordinator
595,148.0,robot_4,continue_current_plan,task_5,"('r2_c2', 'r1_c2', 'r0_c2', 'r0_c1', 'r0_c0', 'r0_c1', 'r0_c2', 'r1_c2', 'r2_c2')","('r2_c2->r1_c2', 'r1_c2->r0_c2', 'r0_c2->r0_c1', 'r0_c1->r0_c0', 'r0_c0->r0_c1', 'r0_c1->r0_c2', 'r0_c2->r1_c2', 'r1_c2->r2_c2')",159.0,optimal_mapf_coordinator
596,149.0,robot_1,continue_current_plan,task_4,"('r2_c0', 'r1_c0', 'r0_c0', 'r0_c1', 'r0_c2', 'r1_c2', 'r2_c2')","('r2_c0->r1_c0', 'r1_c0->r0_c0', 'r0_c0->r0_c1', 'r0_c1->r0_c2', 'r0_c2->r1_c2', 'r1_c2->r2_c2')",154.0,optimal_mapf_coordinator
597,149.0,robot_2,wait,,(),(),149.25,optimal_mapf_coordinator
598,149.0,robot_3,wait,,(),(),149.25,optimal_mapf_coordinator
599,149.0,robot_4,continue_current_plan,task_5,"('r2_c2', 'r1_c2', 'r0_c2', 'r0_c1', 'r0_c0', 'r0_c1', 'r0_c2', 'r1_c2', 'r2_c2')","('r2_c2->r1_c2', 'r1_c2->r0_c2', 'r0_c2->r0_c1', 'r0_c1->r0_c0', 'r0_c0->r0_c1', 'r0_c1->r0_c2', 'r0_c2->r1_c2', 'r1_c2->r2_c2')",159.0,optimal_mapf_coordinator
600,150.0,robot_1,continue_current_plan,task_4,"('r2_c0', 'r1_c0', 'r0_c0', 'r0_c1', 'r0_c2', 'r1_c2', 'r2_c2')","('r2_c0->r1_c0', 'r1_c0->r0_c0', 'r0_c0->r0_c1', 'r0_c1->r0_c2', 'r0_c2->r1_c2', 'r1_c2->r2_c2')",154.0,optimal_mapf_coordinator
601,150.0,robot_2,wait,,(),(),150.25,optimal_mapf_coordinator
602,150.0,robot_3,wait,,(),(),150.25,optimal_mapf_coordinator
603,150.0,robot_4,continue_current_plan,task_5,"('r2_c2', 'r1_c2', 'r0_c2', 'r0_c1', 'r0_c0', 'r0_c1', 'r0_c2', 'r1_c2', 'r2_c2')","('r2_c2->r1_c2', 'r1_c2->r0_c2', 'r0_c2->r0_c1', 'r0_c1->r0_c0', 'r0_c0->r0_c1', 'r0_c1->r0_c2', 'r0_c2->r1_c2', 'r1_c2->r2_c2')",159.0,optimal_mapf_coordinator
604,151.0,robot_1,continue_current_plan,task_4,"('r2_c0', 'r1_c0', 'r0_c0', 'r0_c1', 'r0_c2', 'r1_c2', 'r2_c2')","('r2_c0->r1_c0', 'r1_c0->r0_c0', 'r0_c0->r0_c1', 'r0_c1->r0_c2', 'r0_c2->r1_c2', 'r1_c2->r2_c2')",154.0,optimal_mapf_coordinator
605,151.0,robot_2,wait,,(),(),151.25,optimal_mapf_coordinator
606,151.0,robot_3,wait,,(),(),151.25,optimal_mapf_coordinator
607,151.0,robot_4,continue_current_plan,task_5,"('r2_c2', 'r1_c2', 'r0_c2', 'r0_c1', 'r0_c0', 'r0_c1', 'r0_c2', 'r1_c2', 'r2_c2')","('r2_c2->r1_c2', 'r1_c2->r0_c2', 'r0_c2->r0_c1', 'r0_c1->r0_c0', 'r0_c0->r0_c1', 'r0_c1->r0_c2', 'r0_c2->r1_c2', 'r1_c2->r2_c2')",159.0,optimal_mapf_coordinator
608,152.0,robot_1,continue_current_plan,task_4,"('r2_c0', 'r1_c0', 'r0_c0', 'r0_c1', 'r0_c2', 'r1_c2', 'r2_c2')","('r2_c0->r1_c0', 'r1_c0->r0_c0', 'r0_c0->r0_c1', 'r0_c1->r0_c2', 'r0_c2->r1_c2', 'r1_c2->r2_c2')",154.0,optimal_mapf_coordinator
609,152.0,robot_2,wait,,(),(),152.25,optimal_mapf_coordinator
610,152.0,robot_3,wait,,(),(),152.25,optimal_mapf_coordinator
611,152.0,robot_4,continue_current_plan,task_5,"('r2_c2', 'r1_c2', 'r0_c2', 'r0_c1', 'r0_c0', 'r0_c1', 'r0_c2', 'r1_c2', 'r2_c2')","('r2_c2->r1_c2', 'r1_c2->r0_c2', 'r0_c2->r0_c1', 'r0_c1->r0_c0', 'r0_c0->r0_c1', 'r0_c1->r0_c2', 'r0_c2->r1_c2', 'r1_c2->r2_c2')",159.0,optimal_mapf_coordinator
612,153.0,robot_1,continue_current_plan,task_4,"('r2_c0', 'r1_c0', 'r0_c0', 'r0_c1', 'r0_c2', 'r1_c2', 'r2_c2')","('r2_c0->r1_c0', 'r1_c0->r0_c0', 'r0_c0->r0_c1', 'r0_c1->r0_c2', 'r0_c2->r1_c2', 'r1_c2->r2_c2')",154.0,optimal_mapf_coordinator
613,153.0,robot_2,wait,,(),(),153.25,optimal_mapf_coordinator
614,153.0,robot_3,wait,,(),(),153.25,optimal_mapf_coordinator
615,153.0,robot_4,continue_current_plan,task_5,"('r2_c2', 'r1_c2', 'r0_c2', 'r0_c1', 'r0_c0', 'r0_c1', 'r0_c2', 'r1_c2', 'r2_c2')","('r2_c2->r1_c2', 'r1_c2->r0_c2', 'r0_c2->r0_c1', 'r0_c1->r0_c0', 'r0_c0->r0_c1', 'r0_c1->r0_c2', 'r0_c2->r1_c2', 'r1_c2->r2_c2')",159.0,optimal_mapf_coordinator
616,154.0,robot_1,wait,,(),(),154.25,optimal_mapf_coordinator
617,154.0,robot_2,wait,,(),(),154.25,optimal_mapf_coordinator
618,154.0,robot_3,wait,,(),(),154.25,optimal_mapf_coordinator
619,154.0,robot_4,continue_current_plan,task_5,"('r2_c2', 'r1_c2', 'r0_c2', 'r0_c1', 'r0_c0', 'r0_c1', 'r0_c2', 'r1_c2', 'r2_c2')","('r2_c2->r1_c2', 'r1_c2->r0_c2', 'r0_c2->r0_c1', 'r0_c1->r0_c0', 'r0_c0->r0_c1', 'r0_c1->r0_c2', 'r0_c2->r1_c2', 'r1_c2->r2_c2')",159.0,optimal_mapf_coordinator
620,155.0,robot_1,wait,,(),(),155.25,optimal_mapf_coordinator
621,155.0,robot_2,wait,,(),(),155.25,optimal_mapf_coordinator
622,155.0,robot_3,wait,,(),(),155.25,optimal_mapf_coordinator
623,155.0,robot_4,continue_current_plan,task_5,"('r2_c2', 'r1_c2', 'r0_c2', 'r0_c1', 'r0_c0', 'r0_c1', 'r0_c2', 'r1_c2', 'r2_c2')","('r2_c2->r1_c2', 'r1_c2->r0_c2', 'r0_c2->r0_c1', 'r0_c1->r0_c0', 'r0_c0->r0_c1', 'r0_c1->r0_c2', 'r0_c2->r1_c2', 'r1_c2->r2_c2')",159.0,optimal_mapf_coordinator
624,156.0,robot_1,wait,,(),(),156.25,optimal_mapf_coordinator
625,156.0,robot_2,wait,,(),(),156.25,optimal_mapf_coordinator
626,156.0,robot_3,wait,,(),(),156.25,optimal_mapf_coordinator
627,156.0,robot_4,continue_current_plan,task_5,"('r2_c2', 'r1_c2', 'r0_c2', 'r0_c1', 'r0_c0', 'r0_c1', 'r0_c2', 'r1_c2', 'r2_c2')","('r2_c2->r1_c2', 'r1_c2->r0_c2', 'r0_c2->r0_c1', 'r0_c1->r0_c0', 'r0_c0->r0_c1', 'r0_c1->r0_c2', 'r0_c2->r1_c2', 'r1_c2->r2_c2')",159.0,optimal_mapf_coordinator
628,157.0,robot_1,wait,,(),(),157.25,optimal_mapf_coordinator
629,157.0,robot_2,wait,,(),(),157.25,optimal_mapf_coordinator
630,157.0,robot_3,wait,,(),(),157.25,optimal_mapf_coordinator
631,157.0,robot_4,continue_current_plan,task_5,"('r2_c2', 'r1_c2', 'r0_c2', 'r0_c1', 'r0_c0', 'r0_c1', 'r0_c2', 'r1_c2', 'r2_c2')","('r2_c2->r1_c2', 'r1_c2->r0_c2', 'r0_c2->r0_c1', 'r0_c1->r0_c0', 'r0_c0->r0_c1', 'r0_c1->r0_c2', 'r0_c2->r1_c2', 'r1_c2->r2_c2')",159.0,optimal_mapf_coordinator
632,158.0,robot_1,wait,,(),(),158.25,optimal_mapf_coordinator
633,158.0,robot_2,wait,,(),(),158.25,optimal_mapf_coordinator
634,158.0,robot_3,wait,,(),(),158.25,optimal_mapf_coordinator
635,158.0,robot_4,continue_current_plan,task_5,"('r2_c2', 'r1_c2', 'r0_c2', 'r0_c1', 'r0_c0', 'r0_c1', 'r0_c2', 'r1_c2', 'r2_c2')","('r2_c2->r1_c2', 'r1_c2->r0_c2', 'r0_c2->r0_c1', 'r0_c1->r0_c0', 'r0_c0->r0_c1', 'r0_c1->r0_c2', 'r0_c2->r1_c2', 'r1_c2->r2_c2')",159.0,optimal_mapf_coordinator
636,159.0,robot_1,wait,,(),(),159.25,optimal_mapf_coordinator
637,159.0,robot_2,wait,,(),(),159.25,optimal_mapf_coordinator
638,159.0,robot_3,wait,,(),(),159.25,optimal_mapf_coordinator
639,159.0,robot_4,wait,,(),(),159.25,optimal_mapf_coordinator
640,160.0,robot_1,wait,,(),(),160.25,optimal_mapf_coordinator
641,160.0,robot_2,wait,,(),(),160.25,optimal_mapf_coordinator
642,160.0,robot_3,wait,,(),(),160.25,optimal_mapf_coordinator
643,160.0,robot_4,wait,,(),(),160.25,optimal_mapf_coordinator
644,161.0,robot_1,wait,,(),(),161.25,optimal_mapf_coordinator
645,161.0,robot_2,wait,,(),(),161.25,optimal_mapf_coordinator
646,161.0,robot_3,wait,,(),(),161.25,optimal_mapf_coordinator
647,161.0,robot_4,wait,,(),(),161.25,optimal_mapf_coordinator
648,162.0,robot_1,wait,,(),(),162.25,optimal_mapf_coordinator
649,162.0,robot_2,wait,,(),(),162.25,optimal_mapf_coordinator
650,162.0,robot_3,wait,,(),(),162.25,optimal_mapf_coordinator
651,162.0,robot_4,wait,,(),(),162.25,optimal_mapf_coordinator
652,163.0,robot_1,wait,,(),(),163.25,optimal_mapf_coordinator
653,163.0,robot_2,wait,,(),(),163.25,optimal_mapf_coordinator
654,163.0,robot_3,wait,,(),(),163.25,optimal_mapf_coordinator
655,163.0,robot_4,wait,,(),(),163.25,optimal_mapf_coordinator
656,164.0,robot_1,wait,,(),(),164.25,optimal_mapf_coordinator
657,164.0,robot_2,wait,,(),(),164.25,optimal_mapf_coordinator
658,164.0,robot_3,wait,,(),(),164.25,optimal_mapf_coordinator
659,164.0,robot_4,wait,,(),(),164.25,optimal_mapf_coordinator
660,165.0,robot_1,wait,,(),(),165.25,optimal_mapf_coordinator
661,165.0,robot_2,wait,,(),(),165.25,optimal_mapf_coordinator
662,165.0,robot_3,wait,,(),(),165.25,optimal_mapf_coordinator
663,165.0,robot_4,wait,,(),(),165.25,optimal_mapf_coordinator
664,166.0,robot_1,wait,,(),(),166.25,optimal_mapf_coordinator
665,166.0,robot_2,wait,,(),(),166.25,optimal_mapf_coordinator
666,166.0,robot_3,wait,,(),(),166.25,optimal_mapf_coordinator
667,166.0,robot_4,wait,,(),(),166.25,optimal_mapf_coordinator
668,167.0,robot_1,wait,,(),(),167.25,optimal_mapf_coordinator
669,167.0,robot_2,wait,,(),(),167.25,optimal_mapf_coordinator
670,167.0,robot_3,wait,,(),(),167.25,optimal_mapf_coordinator
671,167.0,robot_4,wait,,(),(),167.25,optimal_mapf_coordinator
672,168.0,robot_1,wait,,(),(),168.25,optimal_mapf_coordinator
673,168.0,robot_2,wait,,(),(),168.25,optimal_mapf_coordinator
674,168.0,robot_3,wait,,(),(),168.25,optimal_mapf_coordinator
675,168.0,robot_4,wait,,(),(),168.25,optimal_mapf_coordinator
676,169.0,robot_1,wait,,(),(),169.25,optimal_mapf_coordinator
677,169.0,robot_2,wait,,(),(),169.25,optimal_mapf_coordinator
678,169.0,robot_3,wait,,(),(),169.25,optimal_mapf_coordinator
679,169.0,robot_4,wait,,(),(),169.25,optimal_mapf_coordinator
680,170.0,robot_1,wait,,(),(),170.25,optimal_mapf_coordinator
681,170.0,robot_2,wait,,(),(),170.25,optimal_mapf_coordinator
682,170.0,robot_3,wait,,(),(),170.25,optimal_mapf_coordinator
683,170.0,robot_4,wait,,(),(),170.25,optimal_mapf_coordinator
684,171.0,robot_1,wait,,(),(),171.25,optimal_mapf_coordinator
685,171.0,robot_2,wait,,(),(),171.25,optimal_mapf_coordinator
686,171.0,robot_3,wait,,(),(),171.25,optimal_mapf_coordinator
687,171.0,robot_4,wait,,(),(),171.25,optimal_mapf_coordinator
688,172.0,robot_1,wait,,(),(),172.25,optimal_mapf_coordinator
689,172.0,robot_2,wait,,(),(),172.25,optimal_mapf_coordinator
690,172.0,robot_3,wait,,(),(),172.25,optimal_mapf_coordinator
691,172.0,robot_4,wait,,(),(),172.25,optimal_mapf_coordinator
692,173.0,robot_1,wait,,(),(),173.25,optimal_mapf_coordinator
693,173.0,robot_2,wait,,(),(),173.25,optimal_mapf_coordinator
694,173.0,robot_3,wait,,(),(),173.25,optimal_mapf_coordinator
695,173.0,robot_4,wait,,(),(),173.25,optimal_mapf_coordinator
696,174.0,robot_1,wait,,(),(),174.25,optimal_mapf_coordinator
697,174.0,robot_2,wait,,(),(),174.25,optimal_mapf_coordinator
698,174.0,robot_3,wait,,(),(),174.25,optimal_mapf_coordinator
699,174.0,robot_4,wait,,(),(),174.25,optimal_mapf_coordinator
700,175.0,robot_1,wait,,(),(),175.25,optimal_mapf_coordinator
701,175.0,robot_2,wait,,(),(),175.25,optimal_mapf_coordinator
702,175.0,robot_3,wait,,(),(),175.25,optimal_mapf_coordinator
703,175.0,robot_4,wait,,(),(),175.25,optimal_mapf_coordinator
704,176.0,robot_1,wait,,(),(),176.25,optimal_mapf_coordinator
705,176.0,robot_2,wait,,(),(),176.25,optimal_mapf_coordinator
706,176.0,robot_3,wait,,(),(),176.25,optimal_mapf_coordinator
707,176.0,robot_4,wait,,(),(),176.25,optimal_mapf_coordinator
708,177.0,robot_1,wait,,(),(),177.25,optimal_mapf_coordinator
709,177.0,robot_2,wait,,(),(),177.25,optimal_mapf_coordinator
710,177.0,robot_3,wait,,(),(),177.25,optimal_mapf_coordinator
711,177.0,robot_4,wait,,(),(),177.25,optimal_mapf_coordinator
712,178.0,robot_1,wait,,(),(),178.25,optimal_mapf_coordinator
713,178.0,robot_2,wait,,(),(),178.25,optimal_mapf_coordinator
714,178.0,robot_3,wait,,(),(),178.25,optimal_mapf_coordinator
715,178.0,robot_4,wait,,(),(),178.25,optimal_mapf_coordinator
716,179.0,robot_1,wait,,(),(),179.25,optimal_mapf_coordinator
717,179.0,robot_2,wait,,(),(),179.25,optimal_mapf_coordinator
718,179.0,robot_3,wait,,(),(),179.25,optimal_mapf_coordinator
719,179.0,robot_4,wait,,(),(),179.25,optimal_mapf_coordinator
720,180.0,robot_1,wait,,(),(),180.25,optimal_mapf_coordinator
721,180.0,robot_2,wait,,(),(),180.25,optimal_mapf_coordinator
722,180.0,robot_3,wait,,(),(),180.25,optimal_mapf_coordinator
723,180.0,robot_4,wait,,(),(),180.25,optimal_mapf_coordinator
724,181.0,robot_1,wait,,(),(),181.25,optimal_mapf_coordinator
725,181.0,robot_2,wait,,(),(),181.25,optimal_mapf_coordinator
726,181.0,robot_3,wait,,(),(),181.25,optimal_mapf_coordinator
727,181.0,robot_4,wait,,(),(),181.25,optimal_mapf_coordinator
728,182.0,robot_1,wait,,(),(),182.25,optimal_mapf_coordinator
729,182.0,robot_2,wait,,(),(),182.25,optimal_mapf_coordinator
730,182.0,robot_3,wait,,(),(),182.25,optimal_mapf_coordinator
731,182.0,robot_4,wait,,(),(),182.25,optimal_mapf_coordinator
732,183.0,robot_1,wait,,(),(),183.25,optimal_mapf_coordinator
733,183.0,robot_2,wait,,(),(),183.25,optimal_mapf_coordinator
734,183.0,robot_3,wait,,(),(),183.25,optimal_mapf_coordinator
735,183.0,robot_4,wait,,(),(),183.25,optimal_mapf_coordinator
736,184.0,robot_1,wait,,(),(),184.25,optimal_mapf_coordinator
737,184.0,robot_2,wait,,(),(),184.25,optimal_mapf_coordinator
738,184.0,robot_3,wait,,(),(),184.25,optimal_mapf_coordinator
739,184.0,robot_4,wait,,(),(),184.25,optimal_mapf_coordinator
740,185.0,robot_1,wait,,(),(),185.25,optimal_mapf_coordinator
741,185.0,robot_2,wait,,(),(),185.25,optimal_mapf_coordinator
742,185.0,robot_3,wait,,(),(),185.25,optimal_mapf_coordinator
743,185.0,robot_4,wait,,(),(),185.25,optimal_mapf_coordinator
744,186.0,robot_1,wait,,(),(),186.25,optimal_mapf_coordinator
745,186.0,robot_2,wait,,(),(),186.25,optimal_mapf_coordinator
746,186.0,robot_3,wait,,(),(),186.25,optimal_mapf_coordinator
747,186.0,robot_4,wait,,(),(),186.25,optimal_mapf_coordinator
748,187.0,robot_1,wait,,(),(),187.25,optimal_mapf_coordinator
749,187.0,robot_2,wait,,(),(),187.25,optimal_mapf_coordinator
750,187.0,robot_3,wait,,(),(),187.25,optimal_mapf_coordinator
751,187.0,robot_4,wait,,(),(),187.25,optimal_mapf_coordinator
752,188.0,robot_1,wait,,(),(),188.25,optimal_mapf_coordinator
753,188.0,robot_2,wait,,(),(),188.25,optimal_mapf_coordinator
754,188.0,robot_3,wait,,(),(),188.25,optimal_mapf_coordinator
755,188.0,robot_4,wait,,(),(),188.25,optimal_mapf_coordinator
756,189.0,robot_1,wait,,(),(),189.25,optimal_mapf_coordinator
757,189.0,robot_2,wait,,(),(),189.25,optimal_mapf_coordinator
758,189.0,robot_3,wait,,(),(),189.25,optimal_mapf_coordinator
759,189.0,robot_4,wait,,(),(),189.25,optimal_mapf_coordinator
760,190.0,robot_1,wait,,(),(),190.25,optimal_mapf_coordinator
761,190.0,robot_2,wait,,(),(),190.25,optimal_mapf_coordinator
762,190.0,robot_3,wait,,(),(),190.25,optimal_mapf_coordinator
763,190.0,robot_4,wait,,(),(),190.25,optimal_mapf_coordinator
764,191.0,robot_1,wait,,(),(),191.25,optimal_mapf_coordinator
765,191.0,robot_2,wait,,(),(),191.25,optimal_mapf_coordinator
766,191.0,robot_3,wait,,(),(),191.25,optimal_mapf_coordinator
767,191.0,robot_4,wait,,(),(),191.25,optimal_mapf_coordinator
768,192.0,robot_1,wait,,(),(),192.25,optimal_mapf_coordinator
769,192.0,robot_2,wait,,(),(),192.25,optimal_mapf_coordinator
770,192.0,robot_3,wait,,(),(),192.25,optimal_mapf_coordinator
771,192.0,robot_4,wait,,(),(),192.25,optimal_mapf_coordinator
772,193.0,robot_1,wait,,(),(),193.25,optimal_mapf_coordinator
773,193.0,robot_2,wait,,(),(),193.25,optimal_mapf_coordinator
774,193.0,robot_3,wait,,(),(),193.25,optimal_mapf_coordinator
775,193.0,robot_4,wait,,(),(),193.25,optimal_mapf_coordinator
776,194.0,robot_1,wait,,(),(),194.25,optimal_mapf_coordinator
777,194.0,robot_2,wait,,(),(),194.25,optimal_mapf_coordinator
778,194.0,robot_3,wait,,(),(),194.25,optimal_mapf_coordinator
779,194.0,robot_4,wait,,(),(),194.25,optimal_mapf_coordinator
780,195.0,robot_1,wait,,(),(),195.25,optimal_mapf_coordinator
781,195.0,robot_2,wait,,(),(),195.25,optimal_mapf_coordinator
782,195.0,robot_3,wait,,(),(),195.25,optimal_mapf_coordinator
783,195.0,robot_4,wait,,(),(),195.25,optimal_mapf_coordinator
784,196.0,robot_1,wait,,(),(),196.25,optimal_mapf_coordinator
785,196.0,robot_2,wait,,(),(),196.25,optimal_mapf_coordinator
786,196.0,robot_3,wait,,(),(),196.25,optimal_mapf_coordinator
787,196.0,robot_4,wait,,(),(),196.25,optimal_mapf_coordinator
788,197.0,robot_1,wait,,(),(),197.25,optimal_mapf_coordinator
789,197.0,robot_2,wait,,(),(),197.25,optimal_mapf_coordinator
790,197.0,robot_3,wait,,(),(),197.25,optimal_mapf_coordinator
791,197.0,robot_4,wait,,(),(),197.25,optimal_mapf_coordinator
792,198.0,robot_1,wait,,(),(),198.25,optimal_mapf_coordinator
793,198.0,robot_2,wait,,(),(),198.25,optimal_mapf_coordinator
794,198.0,robot_3,wait,,(),(),198.25,optimal_mapf_coordinator
795,198.0,robot_4,wait,,(),(),198.25,optimal_mapf_coordinator
796,199.0,robot_1,wait,,(),(),199.25,optimal_mapf_coordinator
797,199.0,robot_2,wait,,(),(),199.25,optimal_mapf_coordinator
798,199.0,robot_3,wait,,(),(),199.25,optimal_mapf_coordinator
799,199.0,robot_4,wait,,(),(),199.25,optimal_mapf_coordinator
800,200.0,robot_1,wait,,(),(),200.25,optimal_mapf_coordinator
801,200.0,robot_2,wait,,(),(),200.25,optimal_mapf_coordinator
802,200.0,robot_3,wait,,(),(),200.25,optimal_mapf_coordinator
803,200.0,robot_4,wait,,(),(),200.25,optimal_mapf_coordinator
804,201.0,robot_1,wait,,(),(),201.25,optimal_mapf_coordinator
805,201.0,robot_2,wait,,(),(),201.25,optimal_mapf_coordinator
806,201.0,robot_3,wait,,(),(),201.25,optimal_mapf_coordinator
807,201.0,robot_4,task_route,task_6,"('r2_c2', 'r1_c2', 'r0_c2', 'r0_c1', 'r0_c0', 'r0_c1', 'r0_c2', 'r1_c2', 'r2_c2')","('r2_c2->r1_c2', 'r1_c2->r0_c2', 'r0_c2->r0_c1', 'r0_c1->r0_c0', 'r0_c0->r0_c1', 'r0_c1->r0_c2', 'r0_c2->r1_c2', 'r1_c2->r2_c2')",8.0,optimal_mapf_coordinator
808,202.0,robot_1,wait,,(),(),202.25,optimal_mapf_coordinator
809,202.0,robot_2,wait,,(),(),202.25,optimal_mapf_coordinator
810,202.0,robot_3,wait,,(),(),202.25,optimal_mapf_coordinator
811,202.0,robot_4,continue_current_plan,task_6,"('r2_c2', 'r1_c2', 'r0_c2', 'r0_c1', 'r0_c0', 'r0_c1', 'r0_c2', 'r1_c2', 'r2_c2')","('r2_c2->r1_c2', 'r1_c2->r0_c2', 'r0_c2->r0_c1', 'r0_c1->r0_c0', 'r0_c0->r0_c1', 'r0_c1->r0_c2', 'r0_c2->r1_c2', 'r1_c2->r2_c2')",224.0,optimal_mapf_coordinator
812,203.0,robot_1,wait,,(),(),203.25,optimal_mapf_coordinator
813,203.0,robot_2,wait,,(),(),203.25,optimal_mapf_coordinator
814,203.0,robot_3,wait,,(),(),203.25,optimal_mapf_coordinator
815,203.0,robot_4,continue_current_plan,task_6,"('r2_c2', 'r1_c2', 'r0_c2', 'r0_c1', 'r0_c0', 'r0_c1', 'r0_c2', 'r1_c2', 'r2_c2')","('r2_c2->r1_c2', 'r1_c2->r0_c2', 'r0_c2->r0_c1', 'r0_c1->r0_c0', 'r0_c0->r0_c1', 'r0_c1->r0_c2', 'r0_c2->r1_c2', 'r1_c2->r2_c2')",224.0,optimal_mapf_coordinator
816,204.0,robot_1,wait,,(),(),204.25,optimal_mapf_coordinator
817,204.0,robot_2,wait,,(),(),204.25,optimal_mapf_coordinator
818,204.0,robot_3,wait,,(),(),204.25,optimal_mapf_coordinator
819,204.0,robot_4,continue_current_plan,task_6,"('r2_c2', 'r1_c2', 'r0_c2', 'r0_c1', 'r0_c0', 'r0_c1', 'r0_c2', 'r1_c2', 'r2_c2')","('r2_c2->r1_c2', 'r1_c2->r0_c2', 'r0_c2->r0_c1', 'r0_c1->r0_c0', 'r0_c0->r0_c1', 'r0_c1->r0_c2', 'r0_c2->r1_c2', 'r1_c2->r2_c2')",224.0,optimal_mapf_coordinator
820,205.0,robot_1,wait,,(),(),205.25,optimal_mapf_coordinator
821,205.0,robot_2,wait,,(),(),205.25,optimal_mapf_coordinator
822,205.0,robot_3,wait,,(),(),205.25,optimal_mapf_coordinator
823,205.0,robot_4,continue_current_plan,task_6,"('r2_c2', 'r1_c2', 'r0_c2', 'r0_c1', 'r0_c0', 'r0_c1', 'r0_c2', 'r1_c2', 'r2_c2')","('r2_c2->r1_c2', 'r1_c2->r0_c2', 'r0_c2->r0_c1', 'r0_c1->r0_c0', 'r0_c0->r0_c1', 'r0_c1->r0_c2', 'r0_c2->r1_c2', 'r1_c2->r2_c2')",224.0,optimal_mapf_coordinator
824,206.0,robot_1,wait,,(),(),206.25,optimal_mapf_coordinator
825,206.0,robot_2,wait,,(),(),206.25,optimal_mapf_coordinator
826,206.0,robot_3,wait,,(),(),206.25,optimal_mapf_coordinator
827,206.0,robot_4,continue_current_plan,task_6,"('r2_c2', 'r1_c2', 'r0_c2', 'r0_c1', 'r0_c0', 'r0_c1', 'r0_c2', 'r1_c2', 'r2_c2')","('r2_c2->r1_c2', 'r1_c2->r0_c2', 'r0_c2->r0_c1', 'r0_c1->r0_c0', 'r0_c0->r0_c1', 'r0_c1->r0_c2', 'r0_c2->r1_c2', 'r1_c2->r2_c2')",224.0,optimal_mapf_coordinator
828,207.0,robot_1,wait,,(),(),207.25,optimal_mapf_coordinator
829,207.0,robot_2,wait,,(),(),207.25,optimal_mapf_coordinator
830,207.0,robot_3,task_route,task_7,"('r2_c2', 'r1_c2', 'r0_c2', 'r0_c1', 'r0_c0', 'r0_c1', 'r0_c2', 'r1_c2', 'r2_c2')","('r2_c2->r1_c2', 'r1_c2->r0_c2', 'r0_c2->r0_c1', 'r0_c1->r0_c0', 'r0_c0->r0_c1', 'r0_c1->r0_c2', 'r0_c2->r1_c2', 'r1_c2->r2_c2')",8.0,optimal_mapf_coordinator
831,207.0,robot_4,continue_current_plan,task_6,"('r2_c2', 'r1_c2', 'r0_c2', 'r0_c1', 'r0_c0', 'r0_c1', 'r0_c2', 'r1_c2', 'r2_c2')","('r2_c2->r1_c2', 'r1_c2->r0_c2', 'r0_c2->r0_c1', 'r0_c1->r0_c0', 'r0_c0->r0_c1', 'r0_c1->r0_c2', 'r0_c2->r1_c2', 'r1_c2->r2_c2')",224.0,optimal_mapf_coordinator
832,208.0,robot_1,wait,,(),(),208.25,optimal_mapf_coordinator
833,208.0,robot_2,wait,,(),(),208.25,optimal_mapf_coordinator
834,208.0,robot_3,continue_current_plan,task_7,"('r2_c2', 'r1_c2', 'r0_c2', 'r0_c1', 'r0_c0', 'r0_c1', 'r0_c2', 'r1_c2', 'r2_c2')","('r2_c2->r1_c2', 'r1_c2->r0_c2', 'r0_c2->r0_c1', 'r0_c1->r0_c0', 'r0_c0->r0_c1', 'r0_c1->r0_c2', 'r0_c2->r1_c2', 'r1_c2->r2_c2')",230.0,optimal_mapf_coordinator
835,208.0,robot_4,continue_current_plan,task_6,"('r2_c2', 'r1_c2', 'r0_c2', 'r0_c1', 'r0_c0', 'r0_c1', 'r0_c2', 'r1_c2', 'r2_c2')","('r2_c2->r1_c2', 'r1_c2->r0_c2', 'r0_c2->r0_c1', 'r0_c1->r0_c0', 'r0_c0->r0_c1', 'r0_c1->r0_c2', 'r0_c2->r1_c2', 'r1_c2->r2_c2')",224.0,optimal_mapf_coordinator
836,209.0,robot_1,wait,,(),(),209.25,optimal_mapf_coordinator
837,209.0,robot_2,wait,,(),(),209.25,optimal_mapf_coordinator
838,209.0,robot_3,continue_current_plan,task_7,"('r2_c2', 'r1_c2', 'r0_c2', 'r0_c1', 'r0_c0', 'r0_c1', 'r0_c2', 'r1_c2', 'r2_c2')","('r2_c2->r1_c2', 'r1_c2->r0_c2', 'r0_c2->r0_c1', 'r0_c1->r0_c0', 'r0_c0->r0_c1', 'r0_c1->r0_c2', 'r0_c2->r1_c2', 'r1_c2->r2_c2')",230.0,optimal_mapf_coordinator
839,209.0,robot_4,continue_current_plan,task_6,"('r2_c2', 'r1_c2', 'r0_c2', 'r0_c1', 'r0_c0', 'r0_c1', 'r0_c2', 'r1_c2', 'r2_c2')","('r2_c2->r1_c2', 'r1_c2->r0_c2', 'r0_c2->r0_c1', 'r0_c1->r0_c0', 'r0_c0->r0_c1', 'r0_c1->r0_c2', 'r0_c2->r1_c2', 'r1_c2->r2_c2')",224.0,optimal_mapf_coordinator
840,210.0,robot_1,wait,,(),(),210.25,optimal_mapf_coordinator
841,210.0,robot_2,wait,,(),(),210.25,optimal_mapf_coordinator
842,210.0,robot_3,continue_current_plan,task_7,"('r2_c2', 'r1_c2', 'r0_c2', 'r0_c1', 'r0_c0', 'r0_c1', 'r0_c2', 'r1_c2', 'r2_c2')","('r2_c2->r1_c2', 'r1_c2->r0_c2', 'r0_c2->r0_c1', 'r0_c1->r0_c0', 'r0_c0->r0_c1', 'r0_c1->r0_c2', 'r0_c2->r1_c2', 'r1_c2->r2_c2')",230.0,optimal_mapf_coordinator
843,210.0,robot_4,continue_current_plan,task_6,"('r2_c2', 'r1_c2', 'r0_c2', 'r0_c1', 'r0_c0', 'r0_c1', 'r0_c2', 'r1_c2', 'r2_c2')","('r2_c2->r1_c2', 'r1_c2->r0_c2', 'r0_c2->r0_c1', 'r0_c1->r0_c0', 'r0_c0->r0_c1', 'r0_c1->r0_c2', 'r0_c2->r1_c2', 'r1_c2->r2_c2')",224.0,optimal_mapf_coordinator
844,211.0,robot_1,wait,,(),(),211.25,optimal_mapf_coordinator
845,211.0,robot_2,wait,,(),(),211.25,optimal_mapf_coordinator
846,211.0,robot_3,continue_current_plan,task_7,"('r2_c2', 'r1_c2', 'r0_c2', 'r0_c1', 'r0_c0', 'r0_c1', 'r0_c2', 'r1_c2', 'r2_c2')","('r2_c2->r1_c2', 'r1_c2->r0_c2', 'r0_c2->r0_c1', 'r0_c1->r0_c0', 'r0_c0->r0_c1', 'r0_c1->r0_c2', 'r0_c2->r1_c2', 'r1_c2->r2_c2')",230.0,optimal_mapf_coordinator
847,211.0,robot_4,continue_current_plan,task_6,"('r2_c2', 'r1_c2', 'r0_c2', 'r0_c1', 'r0_c0', 'r0_c1', 'r0_c2', 'r1_c2', 'r2_c2')","('r2_c2->r1_c2', 'r1_c2->r0_c2', 'r0_c2->r0_c1', 'r0_c1->r0_c0', 'r0_c0->r0_c1', 'r0_c1->r0_c2', 'r0_c2->r1_c2', 'r1_c2->r2_c2')",224.0,optimal_mapf_coordinator
848,212.0,robot_1,wait,,(),(),212.25,optimal_mapf_coordinator
849,212.0,robot_2,wait,,(),(),212.25,optimal_mapf_coordinator
850,212.0,robot_3,continue_current_plan,task_7,"('r2_c2', 'r1_c2', 'r0_c2', 'r0_c1', 'r0_c0', 'r0_c1', 'r0_c2', 'r1_c2', 'r2_c2')","('r2_c2->r1_c2', 'r1_c2->r0_c2', 'r0_c2->r0_c1', 'r0_c1->r0_c0', 'r0_c0->r0_c1', 'r0_c1->r0_c2', 'r0_c2->r1_c2', 'r1_c2->r2_c2')",230.0,optimal_mapf_coordinator
851,212.0,robot_4,continue_current_plan,task_6,"('r2_c2', 'r1_c2', 'r0_c2', 'r0_c1', 'r0_c0', 'r0_c1', 'r0_c2', 'r1_c2', 'r2_c2')","('r2_c2->r1_c2', 'r1_c2->r0_c2', 'r0_c2->r0_c1', 'r0_c1->r0_c0', 'r0_c0->r0_c1', 'r0_c1->r0_c2', 'r0_c2->r1_c2', 'r1_c2->r2_c2')",224.0,optimal_mapf_coordinator
852,213.0,robot_1,wait,,(),(),213.25,optimal_mapf_coordinator
853,213.0,robot_2,wait,,(),(),213.25,optimal_mapf_coordinator
854,213.0,robot_3,continue_current_plan,task_7,"('r2_c2', 'r1_c2', 'r0_c2', 'r0_c1', 'r0_c0', 'r0_c1', 'r0_c2', 'r1_c2', 'r2_c2')","('r2_c2->r1_c2', 'r1_c2->r0_c2', 'r0_c2->r0_c1', 'r0_c1->r0_c0', 'r0_c0->r0_c1', 'r0_c1->r0_c2', 'r0_c2->r1_c2', 'r1_c2->r2_c2')",230.0,optimal_mapf_coordinator
855,213.0,robot_4,continue_current_plan,task_6,"('r2_c2', 'r1_c2', 'r0_c2', 'r0_c1', 'r0_c0', 'r0_c1', 'r0_c2', 'r1_c2', 'r2_c2')","('r2_c2->r1_c2', 'r1_c2->r0_c2', 'r0_c2->r0_c1', 'r0_c1->r0_c0', 'r0_c0->r0_c1', 'r0_c1->r0_c2', 'r0_c2->r1_c2', 'r1_c2->r2_c2')",224.0,optimal_mapf_coordinator
856,214.0,robot_1,wait,,(),(),214.25,optimal_mapf_coordinator
857,214.0,robot_2,wait,,(),(),214.25,optimal_mapf_coordinator
858,214.0,robot_3,continue_current_plan,task_7,"('r2_c2', 'r1_c2', 'r0_c2', 'r0_c1', 'r0_c0', 'r0_c1', 'r0_c2', 'r1_c2', 'r2_c2')","('r2_c2->r1_c2', 'r1_c2->r0_c2', 'r0_c2->r0_c1', 'r0_c1->r0_c0', 'r0_c0->r0_c1', 'r0_c1->r0_c2', 'r0_c2->r1_c2', 'r1_c2->r2_c2')",230.0,optimal_mapf_coordinator
859,214.0,robot_4,continue_current_plan,task_6,"('r2_c2', 'r1_c2', 'r0_c2', 'r0_c1', 'r0_c0', 'r0_c1', 'r0_c2', 'r1_c2', 'r2_c2')","('r2_c2->r1_c2', 'r1_c2->r0_c2', 'r0_c2->r0_c1', 'r0_c1->r0_c0', 'r0_c0->r0_c1', 'r0_c1->r0_c2', 'r0_c2->r1_c2', 'r1_c2->r2_c2')",224.0,optimal_mapf_coordinator
860,215.0,robot_1,wait,,(),(),215.25,optimal_mapf_coordinator
861,215.0,robot_2,wait,,(),(),215.25,optimal_mapf_coordinator
862,215.0,robot_3,continue_current_plan,task_7,"('r2_c2', 'r1_c2', 'r0_c2', 'r0_c1', 'r0_c0', 'r0_c1', 'r0_c2', 'r1_c2', 'r2_c2')","('r2_c2->r1_c2', 'r1_c2->r0_c2', 'r0_c2->r0_c1', 'r0_c1->r0_c0', 'r0_c0->r0_c1', 'r0_c1->r0_c2', 'r0_c2->r1_c2', 'r1_c2->r2_c2')",230.0,optimal_mapf_coordinator
863,215.0,robot_4,continue_current_plan,task_6,"('r2_c2', 'r1_c2', 'r0_c2', 'r0_c1', 'r0_c0', 'r0_c1', 'r0_c2', 'r1_c2', 'r2_c2')","('r2_c2->r1_c2', 'r1_c2->r0_c2', 'r0_c2->r0_c1', 'r0_c1->r0_c0', 'r0_c0->r0_c1', 'r0_c1->r0_c2', 'r0_c2->r1_c2', 'r1_c2->r2_c2')",224.0,optimal_mapf_coordinator
864,216.0,robot_1,wait,,(),(),216.25,optimal_mapf_coordinator
865,216.0,robot_2,wait,,(),(),216.25,optimal_mapf_coordinator
866,216.0,robot_3,continue_current_plan,task_7,"('r2_c2', 'r1_c2', 'r0_c2', 'r0_c1', 'r0_c0', 'r0_c1', 'r0_c2', 'r1_c2', 'r2_c2')","('r2_c2->r1_c2', 'r1_c2->r0_c2', 'r0_c2->r0_c1', 'r0_c1->r0_c0', 'r0_c0->r0_c1', 'r0_c1->r0_c2', 'r0_c2->r1_c2', 'r1_c2->r2_c2')",230.0,optimal_mapf_coordinator
867,216.0,robot_4,continue_current_plan,task_6,"('r2_c2', 'r1_c2', 'r0_c2', 'r0_c1', 'r0_c0', 'r0_c1', 'r0_c2', 'r1_c2', 'r2_c2')","('r2_c2->r1_c2', 'r1_c2->r0_c2', 'r0_c2->r0_c1', 'r0_c1->r0_c0', 'r0_c0->r0_c1', 'r0_c1->r0_c2', 'r0_c2->r1_c2', 'r1_c2->r2_c2')",224.0,optimal_mapf_coordinator
868,217.0,robot_1,wait,,(),(),217.25,optimal_mapf_coordinator
869,217.0,robot_2,wait,,(),(),217.25,optimal_mapf_coordinator
870,217.0,robot_3,continue_current_plan,task_7,"('r2_c2', 'r1_c2', 'r0_c2', 'r0_c1', 'r0_c0', 'r0_c1', 'r0_c2', 'r1_c2', 'r2_c2')","('r2_c2->r1_c2', 'r1_c2->r0_c2', 'r0_c2->r0_c1', 'r0_c1->r0_c0', 'r0_c0->r0_c1', 'r0_c1->r0_c2', 'r0_c2->r1_c2', 'r1_c2->r2_c2')",230.0,optimal_mapf_coordinator
871,217.0,robot_4,continue_current_plan,task_6,"('r2_c2', 'r1_c2', 'r0_c2', 'r0_c1', 'r0_c0', 'r0_c1', 'r0_c2', 'r1_c2', 'r2_c2')","('r2_c2->r1_c2', 'r1_c2->r0_c2', 'r0_c2->r0_c1', 'r0_c1->r0_c0', 'r0_c0->r0_c1', 'r0_c1->r0_c2', 'r0_c2->r1_c2', 'r1_c2->r2_c2')",224.0,optimal_mapf_coordinator
872,218.0,robot_1,wait,,(),(),218.25,optimal_mapf_coordinator
873,218.0,robot_2,wait,,(),(),218.25,optimal_mapf_coordinator
874,218.0,robot_3,continue_current_plan,task_7,"('r2_c2', 'r1_c2', 'r0_c2', 'r0_c1', 'r0_c0', 'r0_c1', 'r0_c2', 'r1_c2', 'r2_c2')","('r2_c2->r1_c2', 'r1_c2->r0_c2', 'r0_c2->r0_c1', 'r0_c1->r0_c0', 'r0_c0->r0_c1', 'r0_c1->r0_c2', 'r0_c2->r1_c2', 'r1_c2->r2_c2')",230.0,optimal_mapf_coordinator
875,218.0,robot_4,continue_current_plan,task_6,"('r2_c2', 'r1_c2', 'r0_c2', 'r0_c1', 'r0_c0', 'r0_c1', 'r0_c2', 'r1_c2', 'r2_c2')","('r2_c2->r1_c2', 'r1_c2->r0_c2', 'r0_c2->r0_c1', 'r0_c1->r0_c0', 'r0_c0->r0_c1', 'r0_c1->r0_c2', 'r0_c2->r1_c2', 'r1_c2->r2_c2')",224.0,optimal_mapf_coordinator
876,219.0,robot_1,wait,,(),(),219.25,optimal_mapf_coordinator
877,219.0,robot_2,wait,,(),(),219.25,optimal_mapf_coordinator
878,219.0,robot_3,continue_current_plan,task_7,"('r2_c2', 'r1_c2', 'r0_c2', 'r0_c1', 'r0_c0', 'r0_c1', 'r0_c2', 'r1_c2', 'r2_c2')","('r2_c2->r1_c2', 'r1_c2->r0_c2', 'r0_c2->r0_c1', 'r0_c1->r0_c0', 'r0_c0->r0_c1', 'r0_c1->r0_c2', 'r0_c2->r1_c2', 'r1_c2->r2_c2')",230.0,optimal_mapf_coordinator
879,219.0,robot_4,continue_current_plan,task_6,"('r2_c2', 'r1_c2', 'r0_c2', 'r0_c1', 'r0_c0', 'r0_c1', 'r0_c2', 'r1_c2', 'r2_c2')","('r2_c2->r1_c2', 'r1_c2->r0_c2', 'r0_c2->r0_c1', 'r0_c1->r0_c0', 'r0_c0->r0_c1', 'r0_c1->r0_c2', 'r0_c2->r1_c2', 'r1_c2->r2_c2')",224.0,optimal_mapf_coordinator
880,220.0,robot_1,wait,,(),(),220.25,optimal_mapf_coordinator
881,220.0,robot_2,wait,,(),(),220.25,optimal_mapf_coordinator
882,220.0,robot_3,continue_current_plan,task_7,"('r2_c2', 'r1_c2', 'r0_c2', 'r0_c1', 'r0_c0', 'r0_c1', 'r0_c2', 'r1_c2', 'r2_c2')","('r2_c2->r1_c2', 'r1_c2->r0_c2', 'r0_c2->r0_c1', 'r0_c1->r0_c0', 'r0_c0->r0_c1', 'r0_c1->r0_c2', 'r0_c2->r1_c2', 'r1_c2->r2_c2')",230.0,optimal_mapf_coordinator
883,220.0,robot_4,continue_current_plan,task_6,"('r2_c2', 'r1_c2', 'r0_c2', 'r0_c1', 'r0_c0', 'r0_c1', 'r0_c2', 'r1_c2', 'r2_c2')","('r2_c2->r1_c2', 'r1_c2->r0_c2', 'r0_c2->r0_c1', 'r0_c1->r0_c0', 'r0_c0->r0_c1', 'r0_c1->r0_c2', 'r0_c2->r1_c2', 'r1_c2->r2_c2')",224.0,optimal_mapf_coordinator
884,221.0,robot_1,wait,,(),(),221.25,optimal_mapf_coordinator
885,221.0,robot_2,wait,,(),(),221.25,optimal_mapf_coordinator
886,221.0,robot_3,continue_current_plan,task_7,"('r2_c2', 'r1_c2', 'r0_c2', 'r0_c1', 'r0_c0', 'r0_c1', 'r0_c2', 'r1_c2', 'r2_c2')","('r2_c2->r1_c2', 'r1_c2->r0_c2', 'r0_c2->r0_c1', 'r0_c1->r0_c0', 'r0_c0->r0_c1', 'r0_c1->r0_c2', 'r0_c2->r1_c2', 'r1_c2->r2_c2')",230.0,optimal_mapf_coordinator
887,221.0,robot_4,continue_current_plan,task_6,"('r2_c2', 'r1_c2', 'r0_c2', 'r0_c1', 'r0_c0', 'r0_c1', 'r0_c2', 'r1_c2', 'r2_c2')","('r2_c2->r1_c2', 'r1_c2->r0_c2', 'r0_c2->r0_c1', 'r0_c1->r0_c0', 'r0_c0->r0_c1', 'r0_c1->r0_c2', 'r0_c2->r1_c2', 'r1_c2->r2_c2')",224.0,optimal_mapf_coordinator
888,222.0,robot_1,wait,,(),(),222.25,optimal_mapf_coordinator
889,222.0,robot_2,wait,,(),(),222.25,optimal_mapf_coordinator
890,222.0,robot_3,continue_current_plan,task_7,"('r2_c2', 'r1_c2', 'r0_c2', 'r0_c1', 'r0_c0', 'r0_c1', 'r0_c2', 'r1_c2', 'r2_c2')","('r2_c2->r1_c2', 'r1_c2->r0_c2', 'r0_c2->r0_c1', 'r0_c1->r0_c0', 'r0_c0->r0_c1', 'r0_c1->r0_c2', 'r0_c2->r1_c2', 'r1_c2->r2_c2')",230.0,optimal_mapf_coordinator
891,222.0,robot_4,continue_current_plan,task_6,"('r2_c2', 'r1_c2', 'r0_c2', 'r0_c1', 'r0_c0', 'r0_c1', 'r0_c2', 'r1_c2', 'r2_c2')","('r2_c2->r1_c2', 'r1_c2->r0_c2', 'r0_c2->r0_c1', 'r0_c1->r0_c0', 'r0_c0->r0_c1', 'r0_c1->r0_c2', 'r0_c2->r1_c2', 'r1_c2->r2_c2')",224.0,optimal_mapf_coordinator
892,223.0,robot_1,wait,,(),(),223.25,optimal_mapf_coordinator
893,223.0,robot_2,wait,,(),(),223.25,optimal_mapf_coordinator
894,223.0,robot_3,continue_current_plan,task_7,"('r2_c2', 'r1_c2', 'r0_c2', 'r0_c1', 'r0_c0', 'r0_c1', 'r0_c2', 'r1_c2', 'r2_c2')","('r2_c2->r1_c2', 'r1_c2->r0_c2', 'r0_c2->r0_c1', 'r0_c1->r0_c0', 'r0_c0->r0_c1', 'r0_c1->r0_c2', 'r0_c2->r1_c2', 'r1_c2->r2_c2')",230.0,optimal_mapf_coordinator
895,223.0,robot_4,continue_current_plan,task_6,"('r2_c2', 'r1_c2', 'r0_c2', 'r0_c1', 'r0_c0', 'r0_c1', 'r0_c2', 'r1_c2', 'r2_c2')","('r2_c2->r1_c2', 'r1_c2->r0_c2', 'r0_c2->r0_c1', 'r0_c1->r0_c0', 'r0_c0->r0_c1', 'r0_c1->r0_c2', 'r0_c2->r1_c2', 'r1_c2->r2_c2')",224.0,optimal_mapf_coordinator
896,224.0,robot_1,wait,,(),(),224.25,optimal_mapf_coordinator
897,224.0,robot_2,wait,,(),(),224.25,optimal_mapf_coordinator
898,224.0,robot_3,continue_current_plan,task_7,"('r2_c2', 'r1_c2', 'r0_c2', 'r0_c1', 'r0_c0', 'r0_c1', 'r0_c2', 'r1_c2', 'r2_c2')","('r2_c2->r1_c2', 'r1_c2->r0_c2', 'r0_c2->r0_c1', 'r0_c1->r0_c0', 'r0_c0->r0_c1', 'r0_c1->r0_c2', 'r0_c2->r1_c2', 'r1_c2->r2_c2')",230.0,optimal_mapf_coordinator
899,224.0,robot_4,wait,,(),(),224.25,optimal_mapf_coordinator
900,225.0,robot_1,wait,,(),(),225.25,optimal_mapf_coordinator
901,225.0,robot_2,wait,,(),(),225.25,optimal_mapf_coordinator
902,225.0,robot_3,continue_current_plan,task_7,"('r2_c2', 'r1_c2', 'r0_c2', 'r0_c1', 'r0_c0', 'r0_c1', 'r0_c2', 'r1_c2', 'r2_c2')","('r2_c2->r1_c2', 'r1_c2->r0_c2', 'r0_c2->r0_c1', 'r0_c1->r0_c0', 'r0_c0->r0_c1', 'r0_c1->r0_c2', 'r0_c2->r1_c2', 'r1_c2->r2_c2')",230.0,optimal_mapf_coordinator
903,225.0,robot_4,wait,,(),(),225.25,optimal_mapf_coordinator
904,226.0,robot_1,wait,,(),(),226.25,optimal_mapf_coordinator
905,226.0,robot_2,wait,,(),(),226.25,optimal_mapf_coordinator
906,226.0,robot_3,continue_current_plan,task_7,"('r2_c2', 'r1_c2', 'r0_c2', 'r0_c1', 'r0_c0', 'r0_c1', 'r0_c2', 'r1_c2', 'r2_c2')","('r2_c2->r1_c2', 'r1_c2->r0_c2', 'r0_c2->r0_c1', 'r0_c1->r0_c0', 'r0_c0->r0_c1', 'r0_c1->r0_c2', 'r0_c2->r1_c2', 'r1_c2->r2_c2')",230.0,optimal_mapf_coordinator
907,226.0,robot_4,wait,,(),(),226.25,optimal_mapf_coordinator
908,227.0,robot_1,wait,,(),(),227.25,optimal_mapf_coordinator
909,227.0,robot_2,wait,,(),(),227.25,optimal_mapf_coordinator
910,227.0,robot_3,continue_current_plan,task_7,"('r2_c2', 'r1_c2', 'r0_c2', 'r0_c1', 'r0_c0', 'r0_c1', 'r0_c2', 'r1_c2', 'r2_c2')","('r2_c2->r1_c2', 'r1_c2->r0_c2', 'r0_c2->r0_c1', 'r0_c1->r0_c0', 'r0_c0->r0_c1', 'r0_c1->r0_c2', 'r0_c2->r1_c2', 'r1_c2->r2_c2')",230.0,optimal_mapf_coordinator
911,227.0,robot_4,wait,,(),(),227.25,optimal_mapf_coordinator
912,228.0,robot_1,wait,,(),(),228.25,optimal_mapf_coordinator
913,228.0,robot_2,wait,,(),(),228.25,optimal_mapf_coordinator
914,228.0,robot_3,continue_current_plan,task_7,"('r2_c2', 'r1_c2', 'r0_c2', 'r0_c1', 'r0_c0', 'r0_c1', 'r0_c2', 'r1_c2', 'r2_c2')","('r2_c2->r1_c2', 'r1_c2->r0_c2', 'r0_c2->r0_c1', 'r0_c1->r0_c0', 'r0_c0->r0_c1', 'r0_c1->r0_c2', 'r0_c2->r1_c2', 'r1_c2->r2_c2')",230.0,optimal_mapf_coordinator
915,228.0,robot_4,wait,,(),(),228.25,optimal_mapf_coordinator
916,229.0,robot_1,wait,,(),(),229.25,optimal_mapf_coordinator
917,229.0,robot_2,wait,,(),(),229.25,optimal_mapf_coordinator
918,229.0,robot_3,continue_current_plan,task_7,"('r2_c2', 'r1_c2', 'r0_c2', 'r0_c1', 'r0_c0', 'r0_c1', 'r0_c2', 'r1_c2', 'r2_c2')","('r2_c2->r1_c2', 'r1_c2->r0_c2', 'r0_c2->r0_c1', 'r0_c1->r0_c0', 'r0_c0->r0_c1', 'r0_c1->r0_c2', 'r0_c2->r1_c2', 'r1_c2->r2_c2')",230.0,optimal_mapf_coordinator
919,229.0,robot_4,wait,,(),(),229.25,optimal_mapf_coordinator
920,230.0,robot_1,wait,,(),(),230.25,optimal_mapf_coordinator
921,230.0,robot_2,wait,,(),(),230.25,optimal_mapf_coordinator
922,230.0,robot_3,wait,,(),(),230.25,optimal_mapf_coordinator
923,230.0,robot_4,wait,,(),(),230.25,optimal_mapf_coordinator
924,231.0,robot_1,wait,,(),(),231.25,optimal_mapf_coordinator
925,231.0,robot_2,wait,,(),(),231.25,optimal_mapf_coordinator
926,231.0,robot_3,wait,,(),(),231.25,optimal_mapf_coordinator
927,231.0,robot_4,wait,,(),(),231.25,optimal_mapf_coordinator
928,232.0,robot_1,wait,,(),(),232.25,optimal_mapf_coordinator
929,232.0,robot_2,wait,,(),(),232.25,optimal_mapf_coordinator
930,232.0,robot_3,wait,,(),(),232.25,optimal_mapf_coordinator
931,232.0,robot_4,wait,,(),(),232.25,optimal_mapf_coordinator
932,233.0,robot_1,wait,,(),(),233.25,optimal_mapf_coordinator
933,233.0,robot_2,wait,,(),(),233.25,optimal_mapf_coordinator
934,233.0,robot_3,wait,,(),(),233.25,optimal_mapf_coordinator
935,233.0,robot_4,wait,,(),(),233.25,optimal_mapf_coordinator
936,234.0,robot_1,wait,,(),(),234.25,optimal_mapf_coordinator
937,234.0,robot_2,wait,,(),(),234.25,optimal_mapf_coordinator
938,234.0,robot_3,wait,,(),(),234.25,optimal_mapf_coordinator
939,234.0,robot_4,wait,,(),(),234.25,optimal_mapf_coordinator
940,235.0,robot_1,wait,,(),(),235.25,optimal_mapf_coordinator
941,235.0,robot_2,wait,,(),(),235.25,optimal_mapf_coordinator
942,235.0,robot_3,wait,,(),(),235.25,optimal_mapf_coordinator
943,235.0,robot_4,wait,,(),(),235.25,optimal_mapf_coordinator
944,236.0,robot_1,wait,,(),(),236.25,optimal_mapf_coordinator
945,236.0,robot_2,wait,,(),(),236.25,optimal_mapf_coordinator
946,236.0,robot_3,wait,,(),(),236.25,optimal_mapf_coordinator
947,236.0,robot_4,wait,,(),(),236.25,optimal_mapf_coordinator
948,237.0,robot_1,wait,,(),(),237.25,optimal_mapf_coordinator
949,237.0,robot_2,wait,,(),(),237.25,optimal_mapf_coordinator
950,237.0,robot_3,wait,,(),(),237.25,optimal_mapf_coordinator
951,237.0,robot_4,wait,,(),(),237.25,optimal_mapf_coordinator
952,238.0,robot_1,wait,,(),(),238.25,optimal_mapf_coordinator
953,238.0,robot_2,wait,,(),(),238.25,optimal_mapf_coordinator
954,238.0,robot_3,wait,,(),(),238.25,optimal_mapf_coordinator
955,238.0,robot_4,wait,,(),(),238.25,optimal_mapf_coordinator
956,239.0,robot_1,wait,,(),(),239.25,optimal_mapf_coordinator
957,239.0,robot_2,wait,,(),(),239.25,optimal_mapf_coordinator
958,239.0,robot_3,wait,,(),(),239.25,optimal_mapf_coordinator
959,239.0,robot_4,wait,,(),(),239.25,optimal_mapf_coordinator
960,240.0,robot_1,wait,,(),(),240.25,optimal_mapf_coordinator
961,240.0,robot_2,wait,,(),(),240.25,optimal_mapf_coordinator
962,240.0,robot_3,wait,,(),(),240.25,optimal_mapf_coordinator
963,240.0,robot_4,wait,,(),(),240.25,optimal_mapf_coordinator
964,241.0,robot_1,wait,,(),(),241.25,optimal_mapf_coordinator
965,241.0,robot_2,wait,,(),(),241.25,optimal_mapf_coordinator
966,241.0,robot_3,wait,,(),(),241.25,optimal_mapf_coordinator
967,241.0,robot_4,wait,,(),(),241.25,optimal_mapf_coordinator
968,242.0,robot_1,wait,,(),(),242.25,optimal_mapf_coordinator
969,242.0,robot_2,wait,,(),(),242.25,optimal_mapf_coordinator
970,242.0,robot_3,wait,,(),(),242.25,optimal_mapf_coordinator
971,242.0,robot_4,wait,,(),(),242.25,optimal_mapf_coordinator
972,243.0,robot_1,wait,,(),(),243.25,optimal_mapf_coordinator
973,243.0,robot_2,wait,,(),(),243.25,optimal_mapf_coordinator
974,243.0,robot_3,wait,,(),(),243.25,optimal_mapf_coordinator
975,243.0,robot_4,wait,,(),(),243.25,optimal_mapf_coordinator
976,244.0,robot_1,wait,,(),(),244.25,optimal_mapf_coordinator
977,244.0,robot_2,wait,,(),(),244.25,optimal_mapf_coordinator
978,244.0,robot_3,wait,,(),(),244.25,optimal_mapf_coordinator
979,244.0,robot_4,wait,,(),(),244.25,optimal_mapf_coordinator
980,245.0,robot_1,wait,,(),(),245.25,optimal_mapf_coordinator
981,245.0,robot_2,wait,,(),(),245.25,optimal_mapf_coordinator
982,245.0,robot_3,wait,,(),(),245.25,optimal_mapf_coordinator
983,245.0,robot_4,wait,,(),(),245.25,optimal_mapf_coordinator
984,246.0,robot_1,wait,,(),(),246.25,optimal_mapf_coordinator
985,246.0,robot_2,wait,,(),(),246.25,optimal_mapf_coordinator
986,246.0,robot_3,wait,,(),(),246.25,optimal_mapf_coordinator
987,246.0,robot_4,wait,,(),(),246.25,optimal_mapf_coordinator
988,247.0,robot_1,wait,,(),(),247.25,optimal_mapf_coordinator
989,247.0,robot_2,wait,,(),(),247.25,optimal_mapf_coordinator
990,247.0,robot_3,wait,,(),(),247.25,optimal_mapf_coordinator
991,247.0,robot_4,wait,,(),(),247.25,optimal_mapf_coordinator
992,248.0,robot_1,wait,,(),(),248.25,optimal_mapf_coordinator
993,248.0,robot_2,wait,,(),(),248.25,optimal_mapf_coordinator
994,248.0,robot_3,wait,,(),(),248.25,optimal_mapf_coordinator
995,248.0,robot_4,task_route,task_8,"('r2_c2', 'r1_c2', 'r0_c2', 'r0_c1', 'r0_c0', 'r0_c1', 'r0_c2', 'r1_c2', 'r2_c2')","('r2_c2->r1_c2', 'r1_c2->r0_c2', 'r0_c2->r0_c1', 'r0_c1->r0_c0', 'r0_c0->r0_c1', 'r0_c1->r0_c2', 'r0_c2->r1_c2', 'r1_c2->r2_c2')",8.0,optimal_mapf_coordinator
996,249.0,robot_1,wait,,(),(),249.25,optimal_mapf_coordinator
997,249.0,robot_2,wait,,(),(),249.25,optimal_mapf_coordinator
998,249.0,robot_3,wait,,(),(),249.25,optimal_mapf_coordinator
999,249.0,robot_4,continue_current_plan,task_8,"('r2_c2', 'r1_c2', 'r0_c2', 'r0_c1', 'r0_c0', 'r0_c1', 'r0_c2', 'r1_c2', 'r2_c2')","('r2_c2->r1_c2', 'r1_c2->r0_c2', 'r0_c2->r0_c1', 'r0_c1->r0_c0', 'r0_c0->r0_c1', 'r0_c1->r0_c2', 'r0_c2->r1_c2', 'r1_c2->r2_c2')",271.0,optimal_mapf_coordinator
1000,250.0,robot_1,wait,,(),(),250.25,optimal_mapf_coordinator
1001,250.0,robot_2,wait,,(),(),250.25,optimal_mapf_coordinator
1002,250.0,robot_3,task_route,task_9,"('r2_c2', 'r1_c2', 'r0_c2', 'r0_c1', 'r0_c0', 'r0_c1', 'r0_c2', 'r1_c2', 'r2_c2')","('r2_c2->r1_c2', 'r1_c2->r0_c2', 'r0_c2->r0_c1', 'r0_c1->r0_c0', 'r0_c0->r0_c1', 'r0_c1->r0_c2', 'r0_c2->r1_c2', 'r1_c2->r2_c2')",8.0,optimal_mapf_coordinator
1003,250.0,robot_4,continue_current_plan,task_8,"('r2_c2', 'r1_c2', 'r0_c2', 'r0_c1', 'r0_c0', 'r0_c1', 'r0_c2', 'r1_c2', 'r2_c2')","('r2_c2->r1_c2', 'r1_c2->r0_c2', 'r0_c2->r0_c1', 'r0_c1->r0_c0', 'r0_c0->r0_c1', 'r0_c1->r0_c2', 'r0_c2->r1_c2', 'r1_c2->r2_c2')",271.0,optimal_mapf_coordinator
1004,251.0,robot_1,wait,,(),(),251.25,optimal_mapf_coordinator
1005,251.0,robot_2,wait,,(),(),251.25,optimal_mapf_coordinator
1006,251.0,robot_3,continue_current_plan,task_9,"('r2_c2', 'r1_c2', 'r0_c2', 'r0_c1', 'r0_c0', 'r0_c1', 'r0_c2', 'r1_c2', 'r2_c2')","('r2_c2->r1_c2', 'r1_c2->r0_c2', 'r0_c2->r0_c1', 'r0_c1->r0_c0', 'r0_c0->r0_c1', 'r0_c1->r0_c2', 'r0_c2->r1_c2', 'r1_c2->r2_c2')",273.0,optimal_mapf_coordinator
1007,251.0,robot_4,continue_current_plan,task_8,"('r2_c2', 'r1_c2', 'r0_c2', 'r0_c1', 'r0_c0', 'r0_c1', 'r0_c2', 'r1_c2', 'r2_c2')","('r2_c2->r1_c2', 'r1_c2->r0_c2', 'r0_c2->r0_c1', 'r0_c1->r0_c0', 'r0_c0->r0_c1', 'r0_c1->r0_c2', 'r0_c2->r1_c2', 'r1_c2->r2_c2')",271.0,optimal_mapf_coordinator
1008,252.0,robot_1,wait,,(),(),252.25,optimal_mapf_coordinator
1009,252.0,robot_2,wait,,(),(),252.25,optimal_mapf_coordinator
1010,252.0,robot_3,continue_current_plan,task_9,"('r2_c2', 'r1_c2', 'r0_c2', 'r0_c1', 'r0_c0', 'r0_c1', 'r0_c2', 'r1_c2', 'r2_c2')","('r2_c2->r1_c2', 'r1_c2->r0_c2', 'r0_c2->r0_c1', 'r0_c1->r0_c0', 'r0_c0->r0_c1', 'r0_c1->r0_c2', 'r0_c2->r1_c2', 'r1_c2->r2_c2')",273.0,optimal_mapf_coordinator
1011,252.0,robot_4,continue_current_plan,task_8,"('r2_c2', 'r1_c2', 'r0_c2', 'r0_c1', 'r0_c0', 'r0_c1', 'r0_c2', 'r1_c2', 'r2_c2')","('r2_c2->r1_c2', 'r1_c2->r0_c2', 'r0_c2->r0_c1', 'r0_c1->r0_c0', 'r0_c0->r0_c1', 'r0_c1->r0_c2', 'r0_c2->r1_c2', 'r1_c2->r2_c2')",271.0,optimal_mapf_coordinator
1012,253.0,robot_1,wait,,(),(),253.25,optimal_mapf_coordinator
1013,253.0,robot_2,wait,,(),(),253.25,optimal_mapf_coordinator
1014,253.0,robot_3,continue_current_plan,task_9,"('r2_c2', 'r1_c2', 'r0_c2', 'r0_c1', 'r0_c0', 'r0_c1', 'r0_c2', 'r1_c2', 'r2_c2')","('r2_c2->r1_c2', 'r1_c2->r0_c2', 'r0_c2->r0_c1', 'r0_c1->r0_c0', 'r0_c0->r0_c1', 'r0_c1->r0_c2', 'r0_c2->r1_c2', 'r1_c2->r2_c2')",273.0,optimal_mapf_coordinator
1015,253.0,robot_4,continue_current_plan,task_8,"('r2_c2', 'r1_c2', 'r0_c2', 'r0_c1', 'r0_c0', 'r0_c1', 'r0_c2', 'r1_c2', 'r2_c2')","('r2_c2->r1_c2', 'r1_c2->r0_c2', 'r0_c2->r0_c1', 'r0_c1->r0_c0', 'r0_c0->r0_c1', 'r0_c1->r0_c2', 'r0_c2->r1_c2', 'r1_c2->r2_c2')",271.0,optimal_mapf_coordinator
1016,254.0,robot_1,wait,,(),(),254.25,optimal_mapf_coordinator
1017,254.0,robot_2,wait,,(),(),254.25,optimal_mapf_coordinator
1018,254.0,robot_3,continue_current_plan,task_9,"('r2_c2', 'r1_c2', 'r0_c2', 'r0_c1', 'r0_c0', 'r0_c1', 'r0_c2', 'r1_c2', 'r2_c2')","('r2_c2->r1_c2', 'r1_c2->r0_c2', 'r0_c2->r0_c1', 'r0_c1->r0_c0', 'r0_c0->r0_c1', 'r0_c1->r0_c2', 'r0_c2->r1_c2', 'r1_c2->r2_c2')",273.0,optimal_mapf_coordinator
1019,254.0,robot_4,continue_current_plan,task_8,"('r2_c2', 'r1_c2', 'r0_c2', 'r0_c1', 'r0_c0', 'r0_c1', 'r0_c2', 'r1_c2', 'r2_c2')","('r2_c2->r1_c2', 'r1_c2->r0_c2', 'r0_c2->r0_c1', 'r0_c1->r0_c0', 'r0_c0->r0_c1', 'r0_c1->r0_c2', 'r0_c2->r1_c2', 'r1_c2->r2_c2')",271.0,optimal_mapf_coordinator
1020,255.0,robot_1,wait,,(),(),255.25,optimal_mapf_coordinator
1021,255.0,robot_2,wait,,(),(),255.25,optimal_mapf_coordinator
1022,255.0,robot_3,continue_current_plan,task_9,"('r2_c2', 'r1_c2', 'r0_c2', 'r0_c1', 'r0_c0', 'r0_c1', 'r0_c2', 'r1_c2', 'r2_c2')","('r2_c2->r1_c2', 'r1_c2->r0_c2', 'r0_c2->r0_c1', 'r0_c1->r0_c0', 'r0_c0->r0_c1', 'r0_c1->r0_c2', 'r0_c2->r1_c2', 'r1_c2->r2_c2')",273.0,optimal_mapf_coordinator
1023,255.0,robot_4,continue_current_plan,task_8,"('r2_c2', 'r1_c2', 'r0_c2', 'r0_c1', 'r0_c0', 'r0_c1', 'r0_c2', 'r1_c2', 'r2_c2')","('r2_c2->r1_c2', 'r1_c2->r0_c2', 'r0_c2->r0_c1', 'r0_c1->r0_c0', 'r0_c0->r0_c1', 'r0_c1->r0_c2', 'r0_c2->r1_c2', 'r1_c2->r2_c2')",271.0,optimal_mapf_coordinator
1024,256.0,robot_1,wait,,(),(),256.25,optimal_mapf_coordinator
1025,256.0,robot_2,wait,,(),(),256.25,optimal_mapf_coordinator
1026,256.0,robot_3,continue_current_plan,task_9,"('r2_c2', 'r1_c2', 'r0_c2', 'r0_c1', 'r0_c0', 'r0_c1', 'r0_c2', 'r1_c2', 'r2_c2')","('r2_c2->r1_c2', 'r1_c2->r0_c2', 'r0_c2->r0_c1', 'r0_c1->r0_c0', 'r0_c0->r0_c1', 'r0_c1->r0_c2', 'r0_c2->r1_c2', 'r1_c2->r2_c2')",273.0,optimal_mapf_coordinator
1027,256.0,robot_4,continue_current_plan,task_8,"('r2_c2', 'r1_c2', 'r0_c2', 'r0_c1', 'r0_c0', 'r0_c1', 'r0_c2', 'r1_c2', 'r2_c2')","('r2_c2->r1_c2', 'r1_c2->r0_c2', 'r0_c2->r0_c1', 'r0_c1->r0_c0', 'r0_c0->r0_c1', 'r0_c1->r0_c2', 'r0_c2->r1_c2', 'r1_c2->r2_c2')",271.0,optimal_mapf_coordinator
1028,257.0,robot_1,wait,,(),(),257.25,optimal_mapf_coordinator
1029,257.0,robot_2,wait,,(),(),257.25,optimal_mapf_coordinator
1030,257.0,robot_3,continue_current_plan,task_9,"('r2_c2', 'r1_c2', 'r0_c2', 'r0_c1', 'r0_c0', 'r0_c1', 'r0_c2', 'r1_c2', 'r2_c2')","('r2_c2->r1_c2', 'r1_c2->r0_c2', 'r0_c2->r0_c1', 'r0_c1->r0_c0', 'r0_c0->r0_c1', 'r0_c1->r0_c2', 'r0_c2->r1_c2', 'r1_c2->r2_c2')",273.0,optimal_mapf_coordinator
1031,257.0,robot_4,continue_current_plan,task_8,"('r2_c2', 'r1_c2', 'r0_c2', 'r0_c1', 'r0_c0', 'r0_c1', 'r0_c2', 'r1_c2', 'r2_c2')","('r2_c2->r1_c2', 'r1_c2->r0_c2', 'r0_c2->r0_c1', 'r0_c1->r0_c0', 'r0_c0->r0_c1', 'r0_c1->r0_c2', 'r0_c2->r1_c2', 'r1_c2->r2_c2')",271.0,optimal_mapf_coordinator
1032,258.0,robot_1,wait,,(),(),258.25,optimal_mapf_coordinator
1033,258.0,robot_2,wait,,(),(),258.25,optimal_mapf_coordinator
1034,258.0,robot_3,continue_current_plan,task_9,"('r2_c2', 'r1_c2', 'r0_c2', 'r0_c1', 'r0_c0', 'r0_c1', 'r0_c2', 'r1_c2', 'r2_c2')","('r2_c2->r1_c2', 'r1_c2->r0_c2', 'r0_c2->r0_c1', 'r0_c1->r0_c0', 'r0_c0->r0_c1', 'r0_c1->r0_c2', 'r0_c2->r1_c2', 'r1_c2->r2_c2')",273.0,optimal_mapf_coordinator
1035,258.0,robot_4,continue_current_plan,task_8,"('r2_c2', 'r1_c2', 'r0_c2', 'r0_c1', 'r0_c0', 'r0_c1', 'r0_c2', 'r1_c2', 'r2_c2')","('r2_c2->r1_c2', 'r1_c2->r0_c2', 'r0_c2->r0_c1', 'r0_c1->r0_c0', 'r0_c0->r0_c1', 'r0_c1->r0_c2', 'r0_c2->r1_c2', 'r1_c2->r2_c2')",271.0,optimal_mapf_coordinator
1036,259.0,robot_1,wait,,(),(),259.25,optimal_mapf_coordinator
1037,259.0,robot_2,wait,,(),(),259.25,optimal_mapf_coordinator
1038,259.0,robot_3,continue_current_plan,task_9,"('r2_c2', 'r1_c2', 'r0_c2', 'r0_c1', 'r0_c0', 'r0_c1', 'r0_c2', 'r1_c2', 'r2_c2')","('r2_c2->r1_c2', 'r1_c2->r0_c2', 'r0_c2->r0_c1', 'r0_c1->r0_c0', 'r0_c0->r0_c1', 'r0_c1->r0_c2', 'r0_c2->r1_c2', 'r1_c2->r2_c2')",273.0,optimal_mapf_coordinator
1039,259.0,robot_4,continue_current_plan,task_8,"('r2_c2', 'r1_c2', 'r0_c2', 'r0_c1', 'r0_c0', 'r0_c1', 'r0_c2', 'r1_c2', 'r2_c2')","('r2_c2->r1_c2', 'r1_c2->r0_c2', 'r0_c2->r0_c1', 'r0_c1->r0_c0', 'r0_c0->r0_c1', 'r0_c1->r0_c2', 'r0_c2->r1_c2', 'r1_c2->r2_c2')",271.0,optimal_mapf_coordinator
1040,260.0,robot_1,wait,,(),(),260.25,optimal_mapf_coordinator
1041,260.0,robot_2,wait,,(),(),260.25,optimal_mapf_coordinator
1042,260.0,robot_3,continue_current_plan,task_9,"('r2_c2', 'r1_c2', 'r0_c2', 'r0_c1', 'r0_c0', 'r0_c1', 'r0_c2', 'r1_c2', 'r2_c2')","('r2_c2->r1_c2', 'r1_c2->r0_c2', 'r0_c2->r0_c1', 'r0_c1->r0_c0', 'r0_c0->r0_c1', 'r0_c1->r0_c2', 'r0_c2->r1_c2', 'r1_c2->r2_c2')",273.0,optimal_mapf_coordinator
1043,260.0,robot_4,continue_current_plan,task_8,"('r2_c2', 'r1_c2', 'r0_c2', 'r0_c1', 'r0_c0', 'r0_c1', 'r0_c2', 'r1_c2', 'r2_c2')","('r2_c2->r1_c2', 'r1_c2->r0_c2', 'r0_c2->r0_c1', 'r0_c1->r0_c0', 'r0_c0->r0_c1', 'r0_c1->r0_c2', 'r0_c2->r1_c2', 'r1_c2->r2_c2')",271.0,optimal_mapf_coordinator
1044,261.0,robot_1,wait,,(),(),261.25,optimal_mapf_coordinator
1045,261.0,robot_2,wait,,(),(),261.25,optimal_mapf_coordinator
1046,261.0,robot_3,continue_current_plan,task_9,"('r2_c2', 'r1_c2', 'r0_c2', 'r0_c1', 'r0_c0', 'r0_c1', 'r0_c2', 'r1_c2', 'r2_c2')","('r2_c2->r1_c2', 'r1_c2->r0_c2', 'r0_c2->r0_c1', 'r0_c1->r0_c0', 'r0_c0->r0_c1', 'r0_c1->r0_c2', 'r0_c2->r1_c2', 'r1_c2->r2_c2')",273.0,optimal_mapf_coordinator
1047,261.0,robot_4,continue_current_plan,task_8,"('r2_c2', 'r1_c2', 'r0_c2', 'r0_c1', 'r0_c0', 'r0_c1', 'r0_c2', 'r1_c2', 'r2_c2')","('r2_c2->r1_c2', 'r1_c2->r0_c2', 'r0_c2->r0_c1', 'r0_c1->r0_c0', 'r0_c0->r0_c1', 'r0_c1->r0_c2', 'r0_c2->r1_c2', 'r1_c2->r2_c2')",271.0,optimal_mapf_coordinator
1048,262.0,robot_1,wait,,(),(),262.25,optimal_mapf_coordinator
1049,262.0,robot_2,wait,,(),(),262.25,optimal_mapf_coordinator
1050,262.0,robot_3,continue_current_plan,task_9,"('r2_c2', 'r1_c2', 'r0_c2', 'r0_c1', 'r0_c0', 'r0_c1', 'r0_c2', 'r1_c2', 'r2_c2')","('r2_c2->r1_c2', 'r1_c2->r0_c2', 'r0_c2->r0_c1', 'r0_c1->r0_c0', 'r0_c0->r0_c1', 'r0_c1->r0_c2', 'r0_c2->r1_c2', 'r1_c2->r2_c2')",273.0,optimal_mapf_coordinator
1051,262.0,robot_4,continue_current_plan,task_8,"('r2_c2', 'r1_c2', 'r0_c2', 'r0_c1', 'r0_c0', 'r0_c1', 'r0_c2', 'r1_c2', 'r2_c2')","('r2_c2->r1_c2', 'r1_c2->r0_c2', 'r0_c2->r0_c1', 'r0_c1->r0_c0', 'r0_c0->r0_c1', 'r0_c1->r0_c2', 'r0_c2->r1_c2', 'r1_c2->r2_c2')",271.0,optimal_mapf_coordinator
1052,263.0,robot_1,wait,,(),(),263.25,optimal_mapf_coordinator
1053,263.0,robot_2,wait,,(),(),263.25,optimal_mapf_coordinator
1054,263.0,robot_3,continue_current_plan,task_9,"('r2_c2', 'r1_c2', 'r0_c2', 'r0_c1', 'r0_c0', 'r0_c1', 'r0_c2', 'r1_c2', 'r2_c2')","('r2_c2->r1_c2', 'r1_c2->r0_c2', 'r0_c2->r0_c1', 'r0_c1->r0_c0', 'r0_c0->r0_c1', 'r0_c1->r0_c2', 'r0_c2->r1_c2', 'r1_c2->r2_c2')",273.0,optimal_mapf_coordinator
1055,263.0,robot_4,continue_current_plan,task_8,"('r2_c2', 'r1_c2', 'r0_c2', 'r0_c1', 'r0_c0', 'r0_c1', 'r0_c2', 'r1_c2', 'r2_c2')","('r2_c2->r1_c2', 'r1_c2->r0_c2', 'r0_c2->r0_c1', 'r0_c1->r0_c0', 'r0_c0->r0_c1', 'r0_c1->r0_c2', 'r0_c2->r1_c2', 'r1_c2->r2_c2')",271.0,optimal_mapf_coordinator
1056,264.0,robot_1,wait,,(),(),264.25,optimal_mapf_coordinator
1057,264.0,robot_2,wait,,(),(),264.25,optimal_mapf_coordinator
1058,264.0,robot_3,continue_current_plan,task_9,"('r2_c2', 'r1_c2', 'r0_c2', 'r0_c1', 'r0_c0', 'r0_c1', 'r0_c2', 'r1_c2', 'r2_c2')","('r2_c2->r1_c2', 'r1_c2->r0_c2', 'r0_c2->r0_c1', 'r0_c1->r0_c0', 'r0_c0->r0_c1', 'r0_c1->r0_c2', 'r0_c2->r1_c2', 'r1_c2->r2_c2')",273.0,optimal_mapf_coordinator
1059,264.0,robot_4,continue_current_plan,task_8,"('r2_c2', 'r1_c2', 'r0_c2', 'r0_c1', 'r0_c0', 'r0_c1', 'r0_c2', 'r1_c2', 'r2_c2')","('r2_c2->r1_c2', 'r1_c2->r0_c2', 'r0_c2->r0_c1', 'r0_c1->r0_c0', 'r0_c0->r0_c1', 'r0_c1->r0_c2', 'r0_c2->r1_c2', 'r1_c2->r2_c2')",271.0,optimal_mapf_coordinator
1060,265.0,robot_1,wait,,(),(),265.25,optimal_mapf_coordinator
1061,265.0,robot_2,wait,,(),(),265.25,optimal_mapf_coordinator
1062,265.0,robot_3,continue_current_plan,task_9,"('r2_c2', 'r1_c2', 'r0_c2', 'r0_c1', 'r0_c0', 'r0_c1', 'r0_c2', 'r1_c2', 'r2_c2')","('r2_c2->r1_c2', 'r1_c2->r0_c2', 'r0_c2->r0_c1', 'r0_c1->r0_c0', 'r0_c0->r0_c1', 'r0_c1->r0_c2', 'r0_c2->r1_c2', 'r1_c2->r2_c2')",273.0,optimal_mapf_coordinator
1063,265.0,robot_4,continue_current_plan,task_8,"('r2_c2', 'r1_c2', 'r0_c2', 'r0_c1', 'r0_c0', 'r0_c1', 'r0_c2', 'r1_c2', 'r2_c2')","('r2_c2->r1_c2', 'r1_c2->r0_c2', 'r0_c2->r0_c1', 'r0_c1->r0_c0', 'r0_c0->r0_c1', 'r0_c1->r0_c2', 'r0_c2->r1_c2', 'r1_c2->r2_c2')",271.0,optimal_mapf_coordinator
1064,266.0,robot_1,wait,,(),(),266.25,optimal_mapf_coordinator
1065,266.0,robot_2,wait,,(),(),266.25,optimal_mapf_coordinator
1066,266.0,robot_3,continue_current_plan,task_9,"('r2_c2', 'r1_c2', 'r0_c2', 'r0_c1', 'r0_c0', 'r0_c1', 'r0_c2', 'r1_c2', 'r2_c2')","('r2_c2->r1_c2', 'r1_c2->r0_c2', 'r0_c2->r0_c1', 'r0_c1->r0_c0', 'r0_c0->r0_c1', 'r0_c1->r0_c2', 'r0_c2->r1_c2', 'r1_c2->r2_c2')",273.0,optimal_mapf_coordinator
1067,266.0,robot_4,continue_current_plan,task_8,"('r2_c2', 'r1_c2', 'r0_c2', 'r0_c1', 'r0_c0', 'r0_c1', 'r0_c2', 'r1_c2', 'r2_c2')","('r2_c2->r1_c2', 'r1_c2->r0_c2', 'r0_c2->r0_c1', 'r0_c1->r0_c0', 'r0_c0->r0_c1', 'r0_c1->r0_c2', 'r0_c2->r1_c2', 'r1_c2->r2_c2')",271.0,optimal_mapf_coordinator
1068,267.0,robot_1,wait,,(),(),267.25,optimal_mapf_coordinator
1069,267.0,robot_2,wait,,(),(),267.25,optimal_mapf_coordinator
1070,267.0,robot_3,continue_current_plan,task_9,"('r2_c2', 'r1_c2', 'r0_c2', 'r0_c1', 'r0_c0', 'r0_c1', 'r0_c2', 'r1_c2', 'r2_c2')","('r2_c2->r1_c2', 'r1_c2->r0_c2', 'r0_c2->r0_c1', 'r0_c1->r0_c0', 'r0_c0->r0_c1', 'r0_c1->r0_c2', 'r0_c2->r1_c2', 'r1_c2->r2_c2')",273.0,optimal_mapf_coordinator
1071,267.0,robot_4,continue_current_plan,task_8,"('r2_c2', 'r1_c2', 'r0_c2', 'r0_c1', 'r0_c0', 'r0_c1', 'r0_c2', 'r1_c2', 'r2_c2')","('r2_c2->r1_c2', 'r1_c2->r0_c2', 'r0_c2->r0_c1', 'r0_c1->r0_c0', 'r0_c0->r0_c1', 'r0_c1->r0_c2', 'r0_c2->r1_c2', 'r1_c2->r2_c2')",271.0,optimal_mapf_coordinator
1072,268.0,robot_1,wait,,(),(),268.25,optimal_mapf_coordinator
1073,268.0,robot_2,wait,,(),(),268.25,optimal_mapf_coordinator
1074,268.0,robot_3,continue_current_plan,task_9,"('r2_c2', 'r1_c2', 'r0_c2', 'r0_c1', 'r0_c0', 'r0_c1', 'r0_c2', 'r1_c2', 'r2_c2')","('r2_c2->r1_c2', 'r1_c2->r0_c2', 'r0_c2->r0_c1', 'r0_c1->r0_c0', 'r0_c0->r0_c1', 'r0_c1->r0_c2', 'r0_c2->r1_c2', 'r1_c2->r2_c2')",273.0,optimal_mapf_coordinator
1075,268.0,robot_4,continue_current_plan,task_8,"('r2_c2', 'r1_c2', 'r0_c2', 'r0_c1', 'r0_c0', 'r0_c1', 'r0_c2', 'r1_c2', 'r2_c2')","('r2_c2->r1_c2', 'r1_c2->r0_c2', 'r0_c2->r0_c1', 'r0_c1->r0_c0', 'r0_c0->r0_c1', 'r0_c1->r0_c2', 'r0_c2->r1_c2', 'r1_c2->r2_c2')",271.0,optimal_mapf_coordinator
1076,269.0,robot_1,wait,,(),(),269.25,optimal_mapf_coordinator
1077,269.0,robot_2,wait,,(),(),269.25,optimal_mapf_coordinator
1078,269.0,robot_3,continue_current_plan,task_9,"('r2_c2', 'r1_c2', 'r0_c2', 'r0_c1', 'r0_c0', 'r0_c1', 'r0_c2', 'r1_c2', 'r2_c2')","('r2_c2->r1_c2', 'r1_c2->r0_c2', 'r0_c2->r0_c1', 'r0_c1->r0_c0', 'r0_c0->r0_c1', 'r0_c1->r0_c2', 'r0_c2->r1_c2', 'r1_c2->r2_c2')",273.0,optimal_mapf_coordinator
1079,269.0,robot_4,continue_current_plan,task_8,"('r2_c2', 'r1_c2', 'r0_c2', 'r0_c1', 'r0_c0', 'r0_c1', 'r0_c2', 'r1_c2', 'r2_c2')","('r2_c2->r1_c2', 'r1_c2->r0_c2', 'r0_c2->r0_c1', 'r0_c1->r0_c0', 'r0_c0->r0_c1', 'r0_c1->r0_c2', 'r0_c2->r1_c2', 'r1_c2->r2_c2')",271.0,optimal_mapf_coordinator
1080,270.0,robot_1,wait,,(),(),270.25,optimal_mapf_coordinator
1081,270.0,robot_2,wait,,(),(),270.25,optimal_mapf_coordinator
1082,270.0,robot_3,continue_current_plan,task_9,"('r2_c2', 'r1_c2', 'r0_c2', 'r0_c1', 'r0_c0', 'r0_c1', 'r0_c2', 'r1_c2', 'r2_c2')","('r2_c2->r1_c2', 'r1_c2->r0_c2', 'r0_c2->r0_c1', 'r0_c1->r0_c0', 'r0_c0->r0_c1', 'r0_c1->r0_c2', 'r0_c2->r1_c2', 'r1_c2->r2_c2')",273.0,optimal_mapf_coordinator
1083,270.0,robot_4,continue_current_plan,task_8,"('r2_c2', 'r1_c2', 'r0_c2', 'r0_c1', 'r0_c0', 'r0_c1', 'r0_c2', 'r1_c2', 'r2_c2')","('r2_c2->r1_c2', 'r1_c2->r0_c2', 'r0_c2->r0_c1', 'r0_c1->r0_c0', 'r0_c0->r0_c1', 'r0_c1->r0_c2', 'r0_c2->r1_c2', 'r1_c2->r2_c2')",271.0,optimal_mapf_coordinator
1084,271.0,robot_1,wait,,(),(),271.25,optimal_mapf_coordinator
1085,271.0,robot_2,wait,,(),(),271.25,optimal_mapf_coordinator
1086,271.0,robot_3,continue_current_plan,task_9,"('r2_c2', 'r1_c2', 'r0_c2', 'r0_c1', 'r0_c0', 'r0_c1', 'r0_c2', 'r1_c2', 'r2_c2')","('r2_c2->r1_c2', 'r1_c2->r0_c2', 'r0_c2->r0_c1', 'r0_c1->r0_c0', 'r0_c0->r0_c1', 'r0_c1->r0_c2', 'r0_c2->r1_c2', 'r1_c2->r2_c2')",273.0,optimal_mapf_coordinator
1087,271.0,robot_4,wait,,(),(),271.25,optimal_mapf_coordinator
1088,272.0,robot_1,wait,,(),(),272.25,optimal_mapf_coordinator
1089,272.0,robot_2,wait,,(),(),272.25,optimal_mapf_coordinator
1090,272.0,robot_3,continue_current_plan,task_9,"('r2_c2', 'r1_c2', 'r0_c2', 'r0_c1', 'r0_c0', 'r0_c1', 'r0_c2', 'r1_c2', 'r2_c2')","('r2_c2->r1_c2', 'r1_c2->r0_c2', 'r0_c2->r0_c1', 'r0_c1->r0_c0', 'r0_c0->r0_c1', 'r0_c1->r0_c2', 'r0_c2->r1_c2', 'r1_c2->r2_c2')",273.0,optimal_mapf_coordinator
1091,272.0,robot_4,wait,,(),(),272.25,optimal_mapf_coordinator
1092,273.0,robot_1,wait,,(),(),273.25,optimal_mapf_coordinator
1093,273.0,robot_2,wait,,(),(),273.25,optimal_mapf_coordinator
1094,273.0,robot_3,wait,,(),(),273.25,optimal_mapf_coordinator
1095,273.0,robot_4,wait,,(),(),273.25,optimal_mapf_coordinator
1096,274.0,robot_1,wait,,(),(),274.25,optimal_mapf_coordinator
1097,274.0,robot_2,wait,,(),(),274.25,optimal_mapf_coordinator
1098,274.0,robot_3,wait,,(),(),274.25,optimal_mapf_coordinator
1099,274.0,robot_4,wait,,(),(),274.25,optimal_mapf_coordinator
1100,275.0,robot_1,wait,,(),(),275.25,optimal_mapf_coordinator
1101,275.0,robot_2,wait,,(),(),275.25,optimal_mapf_coordinator
1102,275.0,robot_3,wait,,(),(),275.25,optimal_mapf_coordinator
1103,275.0,robot_4,wait,,(),(),275.25,optimal_mapf_coordinator
1104,276.0,robot_1,wait,,(),(),276.25,optimal_mapf_coordinator
1105,276.0,robot_2,wait,,(),(),276.25,optimal_mapf_coordinator
1106,276.0,robot_3,wait,,(),(),276.25,optimal_mapf_coordinator
1107,276.0,robot_4,wait,,(),(),276.25,optimal_mapf_coordinator
1108,277.0,robot_1,wait,,(),(),277.25,optimal_mapf_coordinator
1109,277.0,robot_2,wait,,(),(),277.25,optimal_mapf_coordinator
1110,277.0,robot_3,wait,,(),(),277.25,optimal_mapf_coordinator
1111,277.0,robot_4,wait,,(),(),277.25,optimal_mapf_coordinator
1112,278.0,robot_1,wait,,(),(),278.25,optimal_mapf_coordinator
1113,278.0,robot_2,wait,,(),(),278.25,optimal_mapf_coordinator
1114,278.0,robot_3,wait,,(),(),278.25,optimal_mapf_coordinator
1115,278.0,robot_4,wait,,(),(),278.25,optimal_mapf_coordinator
1116,279.0,robot_1,wait,,(),(),279.25,optimal_mapf_coordinator
1117,279.0,robot_2,wait,,(),(),279.25,optimal_mapf_coordinator
1118,279.0,robot_3,wait,,(),(),279.25,optimal_mapf_coordinator
1119,279.0,robot_4,wait,,(),(),279.25,optimal_mapf_coordinator
1120,280.0,robot_1,wait,,(),(),280.25,optimal_mapf_coordinator
1121,280.0,robot_2,wait,,(),(),280.25,optimal_mapf_coordinator
1122,280.0,robot_3,wait,,(),(),280.25,optimal_mapf_coordinator
1123,280.0,robot_4,wait,,(),(),280.25,optimal_mapf_coordinator
1124,281.0,robot_1,wait,,(),(),281.25,optimal_mapf_coordinator
1125,281.0,robot_2,wait,,(),(),281.25,optimal_mapf_coordinator
1126,281.0,robot_3,wait,,(),(),281.25,optimal_mapf_coordinator
1127,281.0,robot_4,wait,,(),(),281.25,optimal_mapf_coordinator
1128,282.0,robot_1,wait,,(),(),282.25,optimal_mapf_coordinator
1129,282.0,robot_2,wait,,(),(),282.25,optimal_mapf_coordinator
1130,282.0,robot_3,wait,,(),(),282.25,optimal_mapf_coordinator
1131,282.0,robot_4,wait,,(),(),282.25,optimal_mapf_coordinator
1132,283.0,robot_1,wait,,(),(),283.25,optimal_mapf_coordinator
1133,283.0,robot_2,wait,,(),(),283.25,optimal_mapf_coordinator
1134,283.0,robot_3,wait,,(),(),283.25,optimal_mapf_coordinator
1135,283.0,robot_4,wait,,(),(),283.25,optimal_mapf_coordinator
1136,284.0,robot_1,wait,,(),(),284.25,optimal_mapf_coordinator
1137,284.0,robot_2,wait,,(),(),284.25,optimal_mapf_coordinator
1138,284.0,robot_3,wait,,(),(),284.25,optimal_mapf_coordinator
1139,284.0,robot_4,wait,,(),(),284.25,optimal_mapf_coordinator
1140,285.0,robot_1,wait,,(),(),285.25,optimal_mapf_coordinator
1141,285.0,robot_2,wait,,(),(),285.25,optimal_mapf_coordinator
1142,285.0,robot_3,wait,,(),(),285.25,optimal_mapf_coordinator
1143,285.0,robot_4,wait,,(),(),285.25,optimal_mapf_coordinator
1144,286.0,robot_1,wait,,(),(),286.25,optimal_mapf_coordinator
1145,286.0,robot_2,wait,,(),(),286.25,optimal_mapf_coordinator
1146,286.0,robot_3,wait,,(),(),286.25,optimal_mapf_coordinator
1147,286.0,robot_4,task_route,task_10,"('r2_c2', 'r1_c2', 'r0_c2', 'r0_c1', 'r0_c0', 'r0_c1', 'r0_c2', 'r1_c2', 'r2_c2')","('r2_c2->r1_c2', 'r1_c2->r0_c2', 'r0_c2->r0_c1', 'r0_c1->r0_c0', 'r0_c0->r0_c1', 'r0_c1->r0_c2', 'r0_c2->r1_c2', 'r1_c2->r2_c2')",8.0,optimal_mapf_coordinator
1148,287.0,robot_1,wait,,(),(),287.25,optimal_mapf_coordinator
1149,287.0,robot_2,wait,,(),(),287.25,optimal_mapf_coordinator
1150,287.0,robot_3,wait,,(),(),287.25,optimal_mapf_coordinator
1151,287.0,robot_4,continue_current_plan,task_10,"('r2_c2', 'r1_c2', 'r0_c2', 'r0_c1', 'r0_c0', 'r0_c1', 'r0_c2', 'r1_c2', 'r2_c2')","('r2_c2->r1_c2', 'r1_c2->r0_c2', 'r0_c2->r0_c1', 'r0_c1->r0_c0', 'r0_c0->r0_c1', 'r0_c1->r0_c2', 'r0_c2->r1_c2', 'r1_c2->r2_c2')",309.0,optimal_mapf_coordinator
1152,288.0,robot_1,wait,,(),(),288.25,optimal_mapf_coordinator
1153,288.0,robot_2,wait,,(),(),288.25,optimal_mapf_coordinator
1154,288.0,robot_3,wait,,(),(),288.25,optimal_mapf_coordinator
1155,288.0,robot_4,continue_current_plan,task_10,"('r2_c2', 'r1_c2', 'r0_c2', 'r0_c1', 'r0_c0', 'r0_c1', 'r0_c2', 'r1_c2', 'r2_c2')","('r2_c2->r1_c2', 'r1_c2->r0_c2', 'r0_c2->r0_c1', 'r0_c1->r0_c0', 'r0_c0->r0_c1', 'r0_c1->r0_c2', 'r0_c2->r1_c2', 'r1_c2->r2_c2')",309.0,optimal_mapf_coordinator
1156,289.0,robot_1,wait,,(),(),289.25,optimal_mapf_coordinator
1157,289.0,robot_2,wait,,(),(),289.25,optimal_mapf_coordinator
1158,289.0,robot_3,wait,,(),(),289.25,optimal_mapf_coordinator
1159,289.0,robot_4,continue_current_plan,task_10,"('r2_c2', 'r1_c2', 'r0_c2', 'r0_c1', 'r0_c0', 'r0_c1', 'r0_c2', 'r1_c2', 'r2_c2')","('r2_c2->r1_c2', 'r1_c2->r0_c2', 'r0_c2->r0_c1', 'r0_c1->r0_c0', 'r0_c0->r0_c1', 'r0_c1->r0_c2', 'r0_c2->r1_c2', 'r1_c2->r2_c2')",309.0,optimal_mapf_coordinator
1160,290.0,robot_1,wait,,(),(),290.25,optimal_mapf_coordinator
1161,290.0,robot_2,wait,,(),(),290.25,optimal_mapf_coordinator
1162,290.0,robot_3,wait,,(),(),290.25,optimal_mapf_coordinator
1163,290.0,robot_4,continue_current_plan,task_10,"('r2_c2', 'r1_c2', 'r0_c2', 'r0_c1', 'r0_c0', 'r0_c1', 'r0_c2', 'r1_c2', 'r2_c2')","('r2_c2->r1_c2', 'r1_c2->r0_c2', 'r0_c2->r0_c1', 'r0_c1->r0_c0', 'r0_c0->r0_c1', 'r0_c1->r0_c2', 'r0_c2->r1_c2', 'r1_c2->r2_c2')",309.0,optimal_mapf_coordinator
1164,291.0,robot_1,wait,,(),(),291.25,optimal_mapf_coordinator
1165,291.0,robot_2,wait,,(),(),291.25,optimal_mapf_coordinator
1166,291.0,robot_3,wait,,(),(),291.25,optimal_mapf_coordinator
1167,291.0,robot_4,continue_current_plan,task_10,"('r2_c2', 'r1_c2', 'r0_c2', 'r0_c1', 'r0_c0', 'r0_c1', 'r0_c2', 'r1_c2', 'r2_c2')","('r2_c2->r1_c2', 'r1_c2->r0_c2', 'r0_c2->r0_c1', 'r0_c1->r0_c0', 'r0_c0->r0_c1', 'r0_c1->r0_c2', 'r0_c2->r1_c2', 'r1_c2->r2_c2')",309.0,optimal_mapf_coordinator
1168,292.0,robot_1,wait,,(),(),292.25,optimal_mapf_coordinator
1169,292.0,robot_2,wait,,(),(),292.25,optimal_mapf_coordinator
1170,292.0,robot_3,wait,,(),(),292.25,optimal_mapf_coordinator
1171,292.0,robot_4,continue_current_plan,task_10,"('r2_c2', 'r1_c2', 'r0_c2', 'r0_c1', 'r0_c0', 'r0_c1', 'r0_c2', 'r1_c2', 'r2_c2')","('r2_c2->r1_c2', 'r1_c2->r0_c2', 'r0_c2->r0_c1', 'r0_c1->r0_c0', 'r0_c0->r0_c1', 'r0_c1->r0_c2', 'r0_c2->r1_c2', 'r1_c2->r2_c2')",309.0,optimal_mapf_coordinator
1172,293.0,robot_1,wait,,(),(),293.25,optimal_mapf_coordinator
1173,293.0,robot_2,wait,,(),(),293.25,optimal_mapf_coordinator
1174,293.0,robot_3,wait,,(),(),293.25,optimal_mapf_coordinator
1175,293.0,robot_4,continue_current_plan,task_10,"('r2_c2', 'r1_c2', 'r0_c2', 'r0_c1', 'r0_c0', 'r0_c1', 'r0_c2', 'r1_c2', 'r2_c2')","('r2_c2->r1_c2', 'r1_c2->r0_c2', 'r0_c2->r0_c1', 'r0_c1->r0_c0', 'r0_c0->r0_c1', 'r0_c1->r0_c2', 'r0_c2->r1_c2', 'r1_c2->r2_c2')",309.0,optimal_mapf_coordinator
1176,294.0,robot_1,wait,,(),(),294.25,optimal_mapf_coordinator
1177,294.0,robot_2,wait,,(),(),294.25,optimal_mapf_coordinator
1178,294.0,robot_3,wait,,(),(),294.25,optimal_mapf_coordinator
1179,294.0,robot_4,continue_current_plan,task_10,"('r2_c2', 'r1_c2', 'r0_c2', 'r0_c1', 'r0_c0', 'r0_c1', 'r0_c2', 'r1_c2', 'r2_c2')","('r2_c2->r1_c2', 'r1_c2->r0_c2', 'r0_c2->r0_c1', 'r0_c1->r0_c0', 'r0_c0->r0_c1', 'r0_c1->r0_c2', 'r0_c2->r1_c2', 'r1_c2->r2_c2')",309.0,optimal_mapf_coordinator
1180,295.0,robot_1,wait,,(),(),295.25,optimal_mapf_coordinator
1181,295.0,robot_2,wait,,(),(),295.25,optimal_mapf_coordinator
1182,295.0,robot_3,wait,,(),(),295.25,optimal_mapf_coordinator
1183,295.0,robot_4,continue_current_plan,task_10,"('r2_c2', 'r1_c2', 'r0_c2', 'r0_c1', 'r0_c0', 'r0_c1', 'r0_c2', 'r1_c2', 'r2_c2')","('r2_c2->r1_c2', 'r1_c2->r0_c2', 'r0_c2->r0_c1', 'r0_c1->r0_c0', 'r0_c0->r0_c1', 'r0_c1->r0_c2', 'r0_c2->r1_c2', 'r1_c2->r2_c2')",309.0,optimal_mapf_coordinator
1184,296.0,robot_1,wait,,(),(),296.25,optimal_mapf_coordinator
1185,296.0,robot_2,wait,,(),(),296.25,optimal_mapf_coordinator
1186,296.0,robot_3,wait,,(),(),296.25,optimal_mapf_coordinator
1187,296.0,robot_4,continue_current_plan,task_10,"('r2_c2', 'r1_c2', 'r0_c2', 'r0_c1', 'r0_c0', 'r0_c1', 'r0_c2', 'r1_c2', 'r2_c2')","('r2_c2->r1_c2', 'r1_c2->r0_c2', 'r0_c2->r0_c1', 'r0_c1->r0_c0', 'r0_c0->r0_c1', 'r0_c1->r0_c2', 'r0_c2->r1_c2', 'r1_c2->r2_c2')",309.0,optimal_mapf_coordinator
1188,297.0,robot_1,wait,,(),(),297.25,optimal_mapf_coordinator
1189,297.0,robot_2,wait,,(),(),297.25,optimal_mapf_coordinator
1190,297.0,robot_3,wait,,(),(),297.25,optimal_mapf_coordinator
1191,297.0,robot_4,continue_current_plan,task_10,"('r2_c2', 'r1_c2', 'r0_c2', 'r0_c1', 'r0_c0', 'r0_c1', 'r0_c2', 'r1_c2', 'r2_c2')","('r2_c2->r1_c2', 'r1_c2->r0_c2', 'r0_c2->r0_c1', 'r0_c1->r0_c0', 'r0_c0->r0_c1', 'r0_c1->r0_c2', 'r0_c2->r1_c2', 'r1_c2->r2_c2')",309.0,optimal_mapf_coordinator
1192,298.0,robot_1,wait,,(),(),298.25,optimal_mapf_coordinator
1193,298.0,robot_2,wait,,(),(),298.25,optimal_mapf_coordinator
1194,298.0,robot_3,wait,,(),(),298.25,optimal_mapf_coordinator
1195,298.0,robot_4,continue_current_plan,task_10,"('r2_c2', 'r1_c2', 'r0_c2', 'r0_c1', 'r0_c0', 'r0_c1', 'r0_c2', 'r1_c2', 'r2_c2')","('r2_c2->r1_c2', 'r1_c2->r0_c2', 'r0_c2->r0_c1', 'r0_c1->r0_c0', 'r0_c0->r0_c1', 'r0_c1->r0_c2', 'r0_c2->r1_c2', 'r1_c2->r2_c2')",309.0,optimal_mapf_coordinator
1196,299.0,robot_1,wait,,(),(),299.25,optimal_mapf_coordinator
1197,299.0,robot_2,wait,,(),(),299.25,optimal_mapf_coordinator
1198,299.0,robot_3,wait,,(),(),299.25,optimal_mapf_coordinator
1199,299.0,robot_4,continue_current_plan,task_10,"('r2_c2', 'r1_c2', 'r0_c2', 'r0_c1', 'r0_c0', 'r0_c1', 'r0_c2', 'r1_c2', 'r2_c2')","('r2_c2->r1_c2', 'r1_c2->r0_c2', 'r0_c2->r0_c1', 'r0_c1->r0_c0', 'r0_c0->r0_c1', 'r0_c1->r0_c2', 'r0_c2->r1_c2', 'r1_c2->r2_c2')",309.0,optimal_mapf_coordinator
1200,300.0,robot_1,wait,,(),(),300.25,optimal_mapf_coordinator
1201,300.0,robot_2,wait,,(),(),300.25,optimal_mapf_coordinator
1202,300.0,robot_3,wait,,(),(),300.25,optimal_mapf_coordinator
1203,300.0,robot_4,continue_current_plan,task_10,"('r2_c2', 'r1_c2', 'r0_c2', 'r0_c1', 'r0_c0', 'r0_c1', 'r0_c2', 'r1_c2', 'r2_c2')","('r2_c2->r1_c2', 'r1_c2->r0_c2', 'r0_c2->r0_c1', 'r0_c1->r0_c0', 'r0_c0->r0_c1', 'r0_c1->r0_c2', 'r0_c2->r1_c2', 'r1_c2->r2_c2')",309.0,optimal_mapf_coordinator
1204,301.0,robot_1,wait,,(),(),301.25,optimal_mapf_coordinator
1205,301.0,robot_2,wait,,(),(),301.25,optimal_mapf_coordinator
1206,301.0,robot_3,wait,,(),(),301.25,optimal_mapf_coordinator
1207,301.0,robot_4,continue_current_plan,task_10,"('r2_c2', 'r1_c2', 'r0_c2', 'r0_c1', 'r0_c0', 'r0_c1', 'r0_c2', 'r1_c2', 'r2_c2')","('r2_c2->r1_c2', 'r1_c2->r0_c2', 'r0_c2->r0_c1', 'r0_c1->r0_c0', 'r0_c0->r0_c1', 'r0_c1->r0_c2', 'r0_c2->r1_c2', 'r1_c2->r2_c2')",309.0,optimal_mapf_coordinator
1208,302.0,robot_1,wait,,(),(),302.25,optimal_mapf_coordinator
1209,302.0,robot_2,wait,,(),(),302.25,optimal_mapf_coordinator
1210,302.0,robot_3,wait,,(),(),302.25,optimal_mapf_coordinator
1211,302.0,robot_4,continue_current_plan,task_10,"('r2_c2', 'r1_c2', 'r0_c2', 'r0_c1', 'r0_c0', 'r0_c1', 'r0_c2', 'r1_c2', 'r2_c2')","('r2_c2->r1_c2', 'r1_c2->r0_c2', 'r0_c2->r0_c1', 'r0_c1->r0_c0', 'r0_c0->r0_c1', 'r0_c1->r0_c2', 'r0_c2->r1_c2', 'r1_c2->r2_c2')",309.0,optimal_mapf_coordinator
1212,303.0,robot_1,wait,,(),(),303.25,optimal_mapf_coordinator
1213,303.0,robot_2,wait,,(),(),303.25,optimal_mapf_coordinator
1214,303.0,robot_3,wait,,(),(),303.25,optimal_mapf_coordinator
1215,303.0,robot_4,continue_current_plan,task_10,"('r2_c2', 'r1_c2', 'r0_c2', 'r0_c1', 'r0_c0', 'r0_c1', 'r0_c2', 'r1_c2', 'r2_c2')","('r2_c2->r1_c2', 'r1_c2->r0_c2', 'r0_c2->r0_c1', 'r0_c1->r0_c0', 'r0_c0->r0_c1', 'r0_c1->r0_c2', 'r0_c2->r1_c2', 'r1_c2->r2_c2')",309.0,optimal_mapf_coordinator
1216,304.0,robot_1,wait,,(),(),304.25,optimal_mapf_coordinator
1217,304.0,robot_2,wait,,(),(),304.25,optimal_mapf_coordinator
1218,304.0,robot_3,wait,,(),(),304.25,optimal_mapf_coordinator
1219,304.0,robot_4,continue_current_plan,task_10,"('r2_c2', 'r1_c2', 'r0_c2', 'r0_c1', 'r0_c0', 'r0_c1', 'r0_c2', 'r1_c2', 'r2_c2')","('r2_c2->r1_c2', 'r1_c2->r0_c2', 'r0_c2->r0_c1', 'r0_c1->r0_c0', 'r0_c0->r0_c1', 'r0_c1->r0_c2', 'r0_c2->r1_c2', 'r1_c2->r2_c2')",309.0,optimal_mapf_coordinator
1220,305.0,robot_1,wait,,(),(),305.25,optimal_mapf_coordinator
1221,305.0,robot_2,wait,,(),(),305.25,optimal_mapf_coordinator
1222,305.0,robot_3,wait,,(),(),305.25,optimal_mapf_coordinator
1223,305.0,robot_4,continue_current_plan,task_10,"('r2_c2', 'r1_c2', 'r0_c2', 'r0_c1', 'r0_c0', 'r0_c1', 'r0_c2', 'r1_c2', 'r2_c2')","('r2_c2->r1_c2', 'r1_c2->r0_c2', 'r0_c2->r0_c1', 'r0_c1->r0_c0', 'r0_c0->r0_c1', 'r0_c1->r0_c2', 'r0_c2->r1_c2', 'r1_c2->r2_c2')",309.0,optimal_mapf_coordinator
1224,306.0,robot_1,wait,,(),(),306.25,optimal_mapf_coordinator
1225,306.0,robot_2,wait,,(),(),306.25,optimal_mapf_coordinator
1226,306.0,robot_3,wait,,(),(),306.25,optimal_mapf_coordinator
1227,306.0,robot_4,continue_current_plan,task_10,"('r2_c2', 'r1_c2', 'r0_c2', 'r0_c1', 'r0_c0', 'r0_c1', 'r0_c2', 'r1_c2', 'r2_c2')","('r2_c2->r1_c2', 'r1_c2->r0_c2', 'r0_c2->r0_c1', 'r0_c1->r0_c0', 'r0_c0->r0_c1', 'r0_c1->r0_c2', 'r0_c2->r1_c2', 'r1_c2->r2_c2')",309.0,optimal_mapf_coordinator
1228,307.0,robot_1,wait,,(),(),307.25,optimal_mapf_coordinator
1229,307.0,robot_2,wait,,(),(),307.25,optimal_mapf_coordinator
1230,307.0,robot_3,wait,,(),(),307.25,optimal_mapf_coordinator
1231,307.0,robot_4,continue_current_plan,task_10,"('r2_c2', 'r1_c2', 'r0_c2', 'r0_c1', 'r0_c0', 'r0_c1', 'r0_c2', 'r1_c2', 'r2_c2')","('r2_c2->r1_c2', 'r1_c2->r0_c2', 'r0_c2->r0_c1', 'r0_c1->r0_c0', 'r0_c0->r0_c1', 'r0_c1->r0_c2', 'r0_c2->r1_c2', 'r1_c2->r2_c2')",309.0,optimal_mapf_coordinator
1232,308.0,robot_1,wait,,(),(),308.25,optimal_mapf_coordinator
1233,308.0,robot_2,wait,,(),(),308.25,optimal_mapf_coordinator
1234,308.0,robot_3,wait,,(),(),308.25,optimal_mapf_coordinator
1235,308.0,robot_4,continue_current_plan,task_10,"('r2_c2', 'r1_c2', 'r0_c2', 'r0_c1', 'r0_c0', 'r0_c1', 'r0_c2', 'r1_c2', 'r2_c2')","('r2_c2->r1_c2', 'r1_c2->r0_c2', 'r0_c2->r0_c1', 'r0_c1->r0_c0', 'r0_c0->r0_c1', 'r0_c1->r0_c2', 'r0_c2->r1_c2', 'r1_c2->r2_c2')",309.0,optimal_mapf_coordinator
1236,309.0,robot_1,wait,,(),(),309.25,optimal_mapf_coordinator
1237,309.0,robot_2,wait,,(),(),309.25,optimal_mapf_coordinator
1238,309.0,robot_3,wait,,(),(),309.25,optimal_mapf_coordinator
1239,309.0,robot_4,wait,,(),(),309.25,optimal_mapf_coordinator
1240,310.0,robot_1,wait,,(),(),310.25,optimal_mapf_coordinator
1241,310.0,robot_2,wait,,(),(),310.25,optimal_mapf_coordinator
1242,310.0,robot_3,wait,,(),(),310.25,optimal_mapf_coordinator
1243,310.0,robot_4,wait,,(),(),310.25,optimal_mapf_coordinator
1244,311.0,robot_1,wait,,(),(),311.25,optimal_mapf_coordinator
1245,311.0,robot_2,wait,,(),(),311.25,optimal_mapf_coordinator
1246,311.0,robot_3,wait,,(),(),311.25,optimal_mapf_coordinator
1247,311.0,robot_4,wait,,(),(),311.25,optimal_mapf_coordinator
1248,312.0,robot_1,wait,,(),(),312.25,optimal_mapf_coordinator
1249,312.0,robot_2,wait,,(),(),312.25,optimal_mapf_coordinator
1250,312.0,robot_3,wait,,(),(),312.25,optimal_mapf_coordinator
1251,312.0,robot_4,wait,,(),(),312.25,optimal_mapf_coordinator
1252,313.0,robot_1,wait,,(),(),313.25,optimal_mapf_coordinator
1253,313.0,robot_2,wait,,(),(),313.25,optimal_mapf_coordinator
1254,313.0,robot_3,wait,,(),(),313.25,optimal_mapf_coordinator
1255,313.0,robot_4,wait,,(),(),313.25,optimal_mapf_coordinator
1256,314.0,robot_1,wait,,(),(),314.25,optimal_mapf_coordinator
1257,314.0,robot_2,wait,,(),(),314.25,optimal_mapf_coordinator
1258,314.0,robot_3,wait,,(),(),314.25,optimal_mapf_coordinator
1259,314.0,robot_4,wait,,(),(),314.25,optimal_mapf_coordinator
1260,315.0,robot_1,wait,,(),(),315.25,optimal_mapf_coordinator
1261,315.0,robot_2,wait,,(),(),315.25,optimal_mapf_coordinator
1262,315.0,robot_3,wait,,(),(),315.25,optimal_mapf_coordinator
1263,315.0,robot_4,wait,,(),(),315.25,optimal_mapf_coordinator
1264,316.0,robot_1,wait,,(),(),316.25,optimal_mapf_coordinator
1265,316.0,robot_2,wait,,(),(),316.25,optimal_mapf_coordinator
1266,316.0,robot_3,wait,,(),(),316.25,optimal_mapf_coordinator
1267,316.0,robot_4,wait,,(),(),316.25,optimal_mapf_coordinator
1268,317.0,robot_1,wait,,(),(),317.25,optimal_mapf_coordinator
1269,317.0,robot_2,wait,,(),(),317.25,optimal_mapf_coordinator
1270,317.0,robot_3,wait,,(),(),317.25,optimal_mapf_coordinator
1271,317.0,robot_4,wait,,(),(),317.25,optimal_mapf_coordinator
1272,318.0,robot_1,wait,,(),(),318.25,optimal_mapf_coordinator
1273,318.0,robot_2,wait,,(),(),318.25,optimal_mapf_coordinator
1274,318.0,robot_3,wait,,(),(),318.25,optimal_mapf_coordinator
1275,318.0,robot_4,wait,,(),(),318.25,optimal_mapf_coordinator
1276,319.0,robot_1,wait,,(),(),319.25,optimal_mapf_coordinator
1277,319.0,robot_2,wait,,(),(),319.25,optimal_mapf_coordinator
1278,319.0,robot_3,wait,,(),(),319.25,optimal_mapf_coordinator
1279,319.0,robot_4,wait,,(),(),319.25,optimal_mapf_coordinator
1280,320.0,robot_1,wait,,(),(),320.25,optimal_mapf_coordinator
1281,320.0,robot_2,wait,,(),(),320.25,optimal_mapf_coordinator
1282,320.0,robot_3,wait,,(),(),320.25,optimal_mapf_coordinator
1283,320.0,robot_4,wait,,(),(),320.25,optimal_mapf_coordinator
1284,321.0,robot_1,wait,,(),(),321.25,optimal_mapf_coordinator
1285,321.0,robot_2,wait,,(),(),321.25,optimal_mapf_coordinator
1286,321.0,robot_3,wait,,(),(),321.25,optimal_mapf_coordinator
1287,321.0,robot_4,wait,,(),(),321.25,optimal_mapf_coordinator
1288,322.0,robot_1,wait,,(),(),322.25,optimal_mapf_coordinator
1289,322.0,robot_2,wait,,(),(),322.25,optimal_mapf_coordinator
1290,322.0,robot_3,wait,,(),(),322.25,optimal_mapf_coordinator
1291,322.0,robot_4,wait,,(),(),322.25,optimal_mapf_coordinator
1292,323.0,robot_1,wait,,(),(),323.25,optimal_mapf_coordinator
1293,323.0,robot_2,wait,,(),(),323.25,optimal_mapf_coordinator
1294,323.0,robot_3,wait,,(),(),323.25,optimal_mapf_coordinator
1295,323.0,robot_4,wait,,(),(),323.25,optimal_mapf_coordinator
1296,324.0,robot_1,wait,,(),(),324.25,optimal_mapf_coordinator
1297,324.0,robot_2,wait,,(),(),324.25,optimal_mapf_coordinator
1298,324.0,robot_3,wait,,(),(),324.25,optimal_mapf_coordinator
1299,324.0,robot_4,wait,,(),(),324.25,optimal_mapf_coordinator
1300,325.0,robot_1,wait,,(),(),325.25,optimal_mapf_coordinator
1301,325.0,robot_2,wait,,(),(),325.25,optimal_mapf_coordinator
1302,325.0,robot_3,wait,,(),(),325.25,optimal_mapf_coordinator
1303,325.0,robot_4,wait,,(),(),325.25,optimal_mapf_coordinator
1304,326.0,robot_1,wait,,(),(),326.25,optimal_mapf_coordinator
1305,326.0,robot_2,wait,,(),(),326.25,optimal_mapf_coordinator
1306,326.0,robot_3,wait,,(),(),326.25,optimal_mapf_coordinator
1307,326.0,robot_4,wait,,(),(),326.25,optimal_mapf_coordinator
1308,327.0,robot_1,wait,,(),(),327.25,optimal_mapf_coordinator
1309,327.0,robot_2,wait,,(),(),327.25,optimal_mapf_coordinator
1310,327.0,robot_3,wait,,(),(),327.25,optimal_mapf_coordinator
1311,327.0,robot_4,wait,,(),(),327.25,optimal_mapf_coordinator
1312,328.0,robot_1,wait,,(),(),328.25,optimal_mapf_coordinator
1313,328.0,robot_2,wait,,(),(),328.25,optimal_mapf_coordinator
1314,328.0,robot_3,wait,,(),(),328.25,optimal_mapf_coordinator
1315,328.0,robot_4,wait,,(),(),328.25,optimal_mapf_coordinator
1316,329.0,robot_1,wait,,(),(),329.25,optimal_mapf_coordinator
1317,329.0,robot_2,wait,,(),(),329.25,optimal_mapf_coordinator
1318,329.0,robot_3,wait,,(),(),329.25,optimal_mapf_coordinator
1319,329.0,robot_4,wait,,(),(),329.25,optimal_mapf_coordinator
1320,330.0,robot_1,wait,,(),(),330.25,optimal_mapf_coordinator
1321,330.0,robot_2,wait,,(),(),330.25,optimal_mapf_coordinator
1322,330.0,robot_3,wait,,(),(),330.25,optimal_mapf_coordinator
1323,330.0,robot_4,wait,,(),(),330.25,optimal_mapf_coordinator
1324,331.0,robot_1,wait,,(),(),331.25,optimal_mapf_coordinator
1325,331.0,robot_2,wait,,(),(),331.25,optimal_mapf_coordinator
1326,331.0,robot_3,wait,,(),(),331.25,optimal_mapf_coordinator
1327,331.0,robot_4,wait,,(),(),331.25,optimal_mapf_coordinator
1328,332.0,robot_1,wait,,(),(),332.25,optimal_mapf_coordinator
1329,332.0,robot_2,wait,,(),(),332.25,optimal_mapf_coordinator
1330,332.0,robot_3,wait,,(),(),332.25,optimal_mapf_coordinator
1331,332.0,robot_4,wait,,(),(),332.25,optimal_mapf_coordinator
1332,333.0,robot_1,wait,,(),(),333.25,optimal_mapf_coordinator
1333,333.0,robot_2,wait,,(),(),333.25,optimal_mapf_coordinator
1334,333.0,robot_3,wait,,(),(),333.25,optimal_mapf_coordinator
1335,333.0,robot_4,wait,,(),(),333.25,optimal_mapf_coordinator
1336,334.0,robot_1,wait,,(),(),334.25,optimal_mapf_coordinator
1337,334.0,robot_2,wait,,(),(),334.25,optimal_mapf_coordinator
1338,334.0,robot_3,wait,,(),(),334.25,optimal_mapf_coordinator
1339,334.0,robot_4,wait,,(),(),334.25,optimal_mapf_coordinator
1340,335.0,robot_1,wait,,(),(),335.25,optimal_mapf_coordinator
1341,335.0,robot_2,wait,,(),(),335.25,optimal_mapf_coordinator
1342,335.0,robot_3,wait,,(),(),335.25,optimal_mapf_coordinator
1343,335.0,robot_4,wait,,(),(),335.25,optimal_mapf_coordinator
1344,336.0,robot_1,wait,,(),(),336.25,optimal_mapf_coordinator
1345,336.0,robot_2,wait,,(),(),336.25,optimal_mapf_coordinator
1346,336.0,robot_3,wait,,(),(),336.25,optimal_mapf_coordinator
1347,336.0,robot_4,wait,,(),(),336.25,optimal_mapf_coordinator
1348,337.0,robot_1,wait,,(),(),337.25,optimal_mapf_coordinator
1349,337.0,robot_2,wait,,(),(),337.25,optimal_mapf_coordinator
1350,337.0,robot_3,wait,,(),(),337.25,optimal_mapf_coordinator
1351,337.0,robot_4,wait,,(),(),337.25,optimal_mapf_coordinator
1352,338.0,robot_1,wait,,(),(),338.25,optimal_mapf_coordinator
1353,338.0,robot_2,wait,,(),(),338.25,optimal_mapf_coordinator
1354,338.0,robot_3,wait,,(),(),338.25,optimal_mapf_coordinator
1355,338.0,robot_4,wait,,(),(),338.25,optimal_mapf_coordinator
1356,339.0,robot_1,wait,,(),(),339.25,optimal_mapf_coordinator
1357,339.0,robot_2,wait,,(),(),339.25,optimal_mapf_coordinator
1358,339.0,robot_3,wait,,(),(),339.25,optimal_mapf_coordinator
1359,339.0,robot_4,wait,,(),(),339.25,optimal_mapf_coordinator
1360,340.0,robot_1,wait,,(),(),340.25,optimal_mapf_coordinator
1361,340.0,robot_2,wait,,(),(),340.25,optimal_mapf_coordinator
1362,340.0,robot_3,wait,,(),(),340.25,optimal_mapf_coordinator
1363,340.0,robot_4,wait,,(),(),340.25,optimal_mapf_coordinator
1364,341.0,robot_1,wait,,(),(),341.25,optimal_mapf_coordinator
1365,341.0,robot_2,wait,,(),(),341.25,optimal_mapf_coordinator
1366,341.0,robot_3,wait,,(),(),341.25,optimal_mapf_coordinator
1367,341.0,robot_4,wait,,(),(),341.25,optimal_mapf_coordinator
1368,342.0,robot_1,wait,,(),(),342.25,optimal_mapf_coordinator
1369,342.0,robot_2,wait,,(),(),342.25,optimal_mapf_coordinator
1370,342.0,robot_3,wait,,(),(),342.25,optimal_mapf_coordinator
1371,342.0,robot_4,wait,,(),(),342.25,optimal_mapf_coordinator
1372,343.0,robot_1,wait,,(),(),343.25,optimal_mapf_coordinator
1373,343.0,robot_2,wait,,(),(),343.25,optimal_mapf_coordinator
1374,343.0,robot_3,wait,,(),(),343.25,optimal_mapf_coordinator
1375,343.0,robot_4,wait,,(),(),343.25,optimal_mapf_coordinator
1376,344.0,robot_1,wait,,(),(),344.25,optimal_mapf_coordinator
1377,344.0,robot_2,wait,,(),(),344.25,optimal_mapf_coordinator
1378,344.0,robot_3,wait,,(),(),344.25,optimal_mapf_coordinator
1379,344.0,robot_4,wait,,(),(),344.25,optimal_mapf_coordinator
1380,345.0,robot_1,wait,,(),(),345.25,optimal_mapf_coordinator
1381,345.0,robot_2,wait,,(),(),345.25,optimal_mapf_coordinator
1382,345.0,robot_3,wait,,(),(),345.25,optimal_mapf_coordinator
1383,345.0,robot_4,wait,,(),(),345.25,optimal_mapf_coordinator
1384,346.0,robot_1,wait,,(),(),346.25,optimal_mapf_coordinator
1385,346.0,robot_2,wait,,(),(),346.25,optimal_mapf_coordinator
1386,346.0,robot_3,wait,,(),(),346.25,optimal_mapf_coordinator
1387,346.0,robot_4,wait,,(),(),346.25,optimal_mapf_coordinator
1388,347.0,robot_1,wait,,(),(),347.25,optimal_mapf_coordinator
1389,347.0,robot_2,wait,,(),(),347.25,optimal_mapf_coordinator
1390,347.0,robot_3,wait,,(),(),347.25,optimal_mapf_coordinator
1391,347.0,robot_4,wait,,(),(),347.25,optimal_mapf_coordinator
1392,348.0,robot_1,wait,,(),(),348.25,optimal_mapf_coordinator
1393,348.0,robot_2,wait,,(),(),348.25,optimal_mapf_coordinator
1394,348.0,robot_3,wait,,(),(),348.25,optimal_mapf_coordinator
1395,348.0,robot_4,wait,,(),(),348.25,optimal_mapf_coordinator
1396,349.0,robot_1,wait,,(),(),349.25,optimal_mapf_coordinator
1397,349.0,robot_2,wait,,(),(),349.25,optimal_mapf_coordinator
1398,349.0,robot_3,wait,,(),(),349.25,optimal_mapf_coordinator
1399,349.0,robot_4,wait,,(),(),349.25,optimal_mapf_coordinator
1400,350.0,robot_1,wait,,(),(),350.25,optimal_mapf_coordinator
1401,350.0,robot_2,wait,,(),(),350.25,optimal_mapf_coordinator
1402,350.0,robot_3,wait,,(),(),350.25,optimal_mapf_coordinator
1403,350.0,robot_4,task_route,task_11,"('r2_c2', 'r1_c2', 'r0_c2', 'r0_c1', 'r0_c0', 'r0_c1', 'r0_c2', 'r1_c2', 'r2_c2')","('r2_c2->r1_c2', 'r1_c2->r0_c2', 'r0_c2->r0_c1', 'r0_c1->r0_c0', 'r0_c0->r0_c1', 'r0_c1->r0_c2', 'r0_c2->r1_c2', 'r1_c2->r2_c2')",8.0,optimal_mapf_coordinator
1404,351.0,robot_1,wait,,(),(),351.25,optimal_mapf_coordinator
1405,351.0,robot_2,wait,,(),(),351.25,optimal_mapf_coordinator
1406,351.0,robot_3,wait,,(),(),351.25,optimal_mapf_coordinator
1407,351.0,robot_4,continue_current_plan,task_11,"('r2_c2', 'r1_c2', 'r0_c2', 'r0_c1', 'r0_c0', 'r0_c1', 'r0_c2', 'r1_c2', 'r2_c2')","('r2_c2->r1_c2', 'r1_c2->r0_c2', 'r0_c2->r0_c1', 'r0_c1->r0_c0', 'r0_c0->r0_c1', 'r0_c1->r0_c2', 'r0_c2->r1_c2', 'r1_c2->r2_c2')",373.0,optimal_mapf_coordinator
1408,352.0,robot_1,wait,,(),(),352.25,optimal_mapf_coordinator
1409,352.0,robot_2,wait,,(),(),352.25,optimal_mapf_coordinator
1410,352.0,robot_3,wait,,(),(),352.25,optimal_mapf_coordinator
1411,352.0,robot_4,continue_current_plan,task_11,"('r2_c2', 'r1_c2', 'r0_c2', 'r0_c1', 'r0_c0', 'r0_c1', 'r0_c2', 'r1_c2', 'r2_c2')","('r2_c2->r1_c2', 'r1_c2->r0_c2', 'r0_c2->r0_c1', 'r0_c1->r0_c0', 'r0_c0->r0_c1', 'r0_c1->r0_c2', 'r0_c2->r1_c2', 'r1_c2->r2_c2')",373.0,optimal_mapf_coordinator
1412,353.0,robot_1,wait,,(),(),353.25,optimal_mapf_coordinator
1413,353.0,robot_2,wait,,(),(),353.25,optimal_mapf_coordinator
1414,353.0,robot_3,wait,,(),(),353.25,optimal_mapf_coordinator
1415,353.0,robot_4,continue_current_plan,task_11,"('r2_c2', 'r1_c2', 'r0_c2', 'r0_c1', 'r0_c0', 'r0_c1', 'r0_c2', 'r1_c2', 'r2_c2')","('r2_c2->r1_c2', 'r1_c2->r0_c2', 'r0_c2->r0_c1', 'r0_c1->r0_c0', 'r0_c0->r0_c1', 'r0_c1->r0_c2', 'r0_c2->r1_c2', 'r1_c2->r2_c2')",373.0,optimal_mapf_coordinator
1416,354.0,robot_1,wait,,(),(),354.25,optimal_mapf_coordinator
1417,354.0,robot_2,wait,,(),(),354.25,optimal_mapf_coordinator
1418,354.0,robot_3,wait,,(),(),354.25,optimal_mapf_coordinator
1419,354.0,robot_4,continue_current_plan,task_11,"('r2_c2', 'r1_c2', 'r0_c2', 'r0_c1', 'r0_c0', 'r0_c1', 'r0_c2', 'r1_c2', 'r2_c2')","('r2_c2->r1_c2', 'r1_c2->r0_c2', 'r0_c2->r0_c1', 'r0_c1->r0_c0', 'r0_c0->r0_c1', 'r0_c1->r0_c2', 'r0_c2->r1_c2', 'r1_c2->r2_c2')",373.0,optimal_mapf_coordinator
1420,355.0,robot_1,wait,,(),(),355.25,optimal_mapf_coordinator
1421,355.0,robot_2,wait,,(),(),355.25,optimal_mapf_coordinator
1422,355.0,robot_3,wait,,(),(),355.25,optimal_mapf_coordinator
1423,355.0,robot_4,continue_current_plan,task_11,"('r2_c2', 'r1_c2', 'r0_c2', 'r0_c1', 'r0_c0', 'r0_c1', 'r0_c2', 'r1_c2', 'r2_c2')","('r2_c2->r1_c2', 'r1_c2->r0_c2', 'r0_c2->r0_c1', 'r0_c1->r0_c0', 'r0_c0->r0_c1', 'r0_c1->r0_c2', 'r0_c2->r1_c2', 'r1_c2->r2_c2')",373.0,optimal_mapf_coordinator
1424,356.0,robot_1,wait,,(),(),356.25,optimal_mapf_coordinator
1425,356.0,robot_2,wait,,(),(),356.25,optimal_mapf_coordinator
1426,356.0,robot_3,wait,,(),(),356.25,optimal_mapf_coordinator
1427,356.0,robot_4,continue_current_plan,task_11,"('r2_c2', 'r1_c2', 'r0_c2', 'r0_c1', 'r0_c0', 'r0_c1', 'r0_c2', 'r1_c2', 'r2_c2')","('r2_c2->r1_c2', 'r1_c2->r0_c2', 'r0_c2->r0_c1', 'r0_c1->r0_c0', 'r0_c0->r0_c1', 'r0_c1->r0_c2', 'r0_c2->r1_c2', 'r1_c2->r2_c2')",373.0,optimal_mapf_coordinator
1428,357.0,robot_1,wait,,(),(),357.25,optimal_mapf_coordinator
1429,357.0,robot_2,wait,,(),(),357.25,optimal_mapf_coordinator
1430,357.0,robot_3,wait,,(),(),357.25,optimal_mapf_coordinator
1431,357.0,robot_4,continue_current_plan,task_11,"('r2_c2', 'r1_c2', 'r0_c2', 'r0_c1', 'r0_c0', 'r0_c1', 'r0_c2', 'r1_c2', 'r2_c2')","('r2_c2->r1_c2', 'r1_c2->r0_c2', 'r0_c2->r0_c1', 'r0_c1->r0_c0', 'r0_c0->r0_c1', 'r0_c1->r0_c2', 'r0_c2->r1_c2', 'r1_c2->r2_c2')",373.0,optimal_mapf_coordinator
1432,358.0,robot_1,wait,,(),(),358.25,optimal_mapf_coordinator
1433,358.0,robot_2,wait,,(),(),358.25,optimal_mapf_coordinator
1434,358.0,robot_3,wait,,(),(),358.25,optimal_mapf_coordinator
1435,358.0,robot_4,continue_current_plan,task_11,"('r2_c2', 'r1_c2', 'r0_c2', 'r0_c1', 'r0_c0', 'r0_c1', 'r0_c2', 'r1_c2', 'r2_c2')","('r2_c2->r1_c2', 'r1_c2->r0_c2', 'r0_c2->r0_c1', 'r0_c1->r0_c0', 'r0_c0->r0_c1', 'r0_c1->r0_c2', 'r0_c2->r1_c2', 'r1_c2->r2_c2')",373.0,optimal_mapf_coordinator
1436,359.0,robot_1,wait,,(),(),359.25,optimal_mapf_coordinator
1437,359.0,robot_2,wait,,(),(),359.25,optimal_mapf_coordinator
1438,359.0,robot_3,wait,,(),(),359.25,optimal_mapf_coordinator
1439,359.0,robot_4,continue_current_plan,task_11,"('r2_c2', 'r1_c2', 'r0_c2', 'r0_c1', 'r0_c0', 'r0_c1', 'r0_c2', 'r1_c2', 'r2_c2')","('r2_c2->r1_c2', 'r1_c2->r0_c2', 'r0_c2->r0_c1', 'r0_c1->r0_c0', 'r0_c0->r0_c1', 'r0_c1->r0_c2', 'r0_c2->r1_c2', 'r1_c2->r2_c2')",373.0,optimal_mapf_coordinator
1440,360.0,robot_1,wait,,(),(),360.25,optimal_mapf_coordinator
1441,360.0,robot_2,wait,,(),(),360.25,optimal_mapf_coordinator
1442,360.0,robot_3,wait,,(),(),360.25,optimal_mapf_coordinator
1443,360.0,robot_4,continue_current_plan,task_11,"('r2_c2', 'r1_c2', 'r0_c2', 'r0_c1', 'r0_c0', 'r0_c1', 'r0_c2', 'r1_c2', 'r2_c2')","('r2_c2->r1_c2', 'r1_c2->r0_c2', 'r0_c2->r0_c1', 'r0_c1->r0_c0', 'r0_c0->r0_c1', 'r0_c1->r0_c2', 'r0_c2->r1_c2', 'r1_c2->r2_c2')",373.0,optimal_mapf_coordinator
1444,361.0,robot_1,wait,,(),(),361.25,optimal_mapf_coordinator
1445,361.0,robot_2,wait,,(),(),361.25,optimal_mapf_coordinator
1446,361.0,robot_3,wait,,(),(),361.25,optimal_mapf_coordinator
1447,361.0,robot_4,continue_current_plan,task_11,"('r2_c2', 'r1_c2', 'r0_c2', 'r0_c1', 'r0_c0', 'r0_c1', 'r0_c2', 'r1_c2', 'r2_c2')","('r2_c2->r1_c2', 'r1_c2->r0_c2', 'r0_c2->r0_c1', 'r0_c1->r0_c0', 'r0_c0->r0_c1', 'r0_c1->r0_c2', 'r0_c2->r1_c2', 'r1_c2->r2_c2')",373.0,optimal_mapf_coordinator
1448,362.0,robot_1,wait,,(),(),362.25,optimal_mapf_coordinator
1449,362.0,robot_2,wait,,(),(),362.25,optimal_mapf_coordinator
1450,362.0,robot_3,wait,,(),(),362.25,optimal_mapf_coordinator
1451,362.0,robot_4,continue_current_plan,task_11,"('r2_c2', 'r1_c2', 'r0_c2', 'r0_c1', 'r0_c0', 'r0_c1', 'r0_c2', 'r1_c2', 'r2_c2')","('r2_c2->r1_c2', 'r1_c2->r0_c2', 'r0_c2->r0_c1', 'r0_c1->r0_c0', 'r0_c0->r0_c1', 'r0_c1->r0_c2', 'r0_c2->r1_c2', 'r1_c2->r2_c2')",373.0,optimal_mapf_coordinator
1452,363.0,robot_1,wait,,(),(),363.25,optimal_mapf_coordinator
1453,363.0,robot_2,wait,,(),(),363.25,optimal_mapf_coordinator
1454,363.0,robot_3,wait,,(),(),363.25,optimal_mapf_coordinator
1455,363.0,robot_4,continue_current_plan,task_11,"('r2_c2', 'r1_c2', 'r0_c2', 'r0_c1', 'r0_c0', 'r0_c1', 'r0_c2', 'r1_c2', 'r2_c2')","('r2_c2->r1_c2', 'r1_c2->r0_c2', 'r0_c2->r0_c1', 'r0_c1->r0_c0', 'r0_c0->r0_c1', 'r0_c1->r0_c2', 'r0_c2->r1_c2', 'r1_c2->r2_c2')",373.0,optimal_mapf_coordinator
1456,364.0,robot_1,wait,,(),(),364.25,optimal_mapf_coordinator
1457,364.0,robot_2,wait,,(),(),364.25,optimal_mapf_coordinator
1458,364.0,robot_3,wait,,(),(),364.25,optimal_mapf_coordinator
1459,364.0,robot_4,continue_current_plan,task_11,"('r2_c2', 'r1_c2', 'r0_c2', 'r0_c1', 'r0_c0', 'r0_c1', 'r0_c2', 'r1_c2', 'r2_c2')","('r2_c2->r1_c2', 'r1_c2->r0_c2', 'r0_c2->r0_c1', 'r0_c1->r0_c0', 'r0_c0->r0_c1', 'r0_c1->r0_c2', 'r0_c2->r1_c2', 'r1_c2->r2_c2')",373.0,optimal_mapf_coordinator
1460,365.0,robot_1,wait,,(),(),365.25,optimal_mapf_coordinator
1461,365.0,robot_2,wait,,(),(),365.25,optimal_mapf_coordinator
1462,365.0,robot_3,wait,,(),(),365.25,optimal_mapf_coordinator
1463,365.0,robot_4,continue_current_plan,task_11,"('r2_c2', 'r1_c2', 'r0_c2', 'r0_c1', 'r0_c0', 'r0_c1', 'r0_c2', 'r1_c2', 'r2_c2')","('r2_c2->r1_c2', 'r1_c2->r0_c2', 'r0_c2->r0_c1', 'r0_c1->r0_c0', 'r0_c0->r0_c1', 'r0_c1->r0_c2', 'r0_c2->r1_c2', 'r1_c2->r2_c2')",373.0,optimal_mapf_coordinator
1464,366.0,robot_1,wait,,(),(),366.25,optimal_mapf_coordinator
1465,366.0,robot_2,wait,,(),(),366.25,optimal_mapf_coordinator
1466,366.0,robot_3,wait,,(),(),366.25,optimal_mapf_coordinator
1467,366.0,robot_4,continue_current_plan,task_11,"('r2_c2', 'r1_c2', 'r0_c2', 'r0_c1', 'r0_c0', 'r0_c1', 'r0_c2', 'r1_c2', 'r2_c2')","('r2_c2->r1_c2', 'r1_c2->r0_c2', 'r0_c2->r0_c1', 'r0_c1->r0_c0', 'r0_c0->r0_c1', 'r0_c1->r0_c2', 'r0_c2->r1_c2', 'r1_c2->r2_c2')",373.0,optimal_mapf_coordinator
1468,367.0,robot_1,wait,,(),(),367.25,optimal_mapf_coordinator
1469,367.0,robot_2,wait,,(),(),367.25,optimal_mapf_coordinator
1470,367.0,robot_3,wait,,(),(),367.25,optimal_mapf_coordinator
1471,367.0,robot_4,continue_current_plan,task_11,"('r2_c2', 'r1_c2', 'r0_c2', 'r0_c1', 'r0_c0', 'r0_c1', 'r0_c2', 'r1_c2', 'r2_c2')","('r2_c2->r1_c2', 'r1_c2->r0_c2', 'r0_c2->r0_c1', 'r0_c1->r0_c0', 'r0_c0->r0_c1', 'r0_c1->r0_c2', 'r0_c2->r1_c2', 'r1_c2->r2_c2')",373.0,optimal_mapf_coordinator
1472,368.0,robot_1,wait,,(),(),368.25,optimal_mapf_coordinator
1473,368.0,robot_2,wait,,(),(),368.25,optimal_mapf_coordinator
1474,368.0,robot_3,wait,,(),(),368.25,optimal_mapf_coordinator
1475,368.0,robot_4,continue_current_plan,task_11,"('r2_c2', 'r1_c2', 'r0_c2', 'r0_c1', 'r0_c0', 'r0_c1', 'r0_c2', 'r1_c2', 'r2_c2')","('r2_c2->r1_c2', 'r1_c2->r0_c2', 'r0_c2->r0_c1', 'r0_c1->r0_c0', 'r0_c0->r0_c1', 'r0_c1->r0_c2', 'r0_c2->r1_c2', 'r1_c2->r2_c2')",373.0,optimal_mapf_coordinator
1476,369.0,robot_1,wait,,(),(),369.25,optimal_mapf_coordinator
1477,369.0,robot_2,wait,,(),(),369.25,optimal_mapf_coordinator
1478,369.0,robot_3,wait,,(),(),369.25,optimal_mapf_coordinator
1479,369.0,robot_4,continue_current_plan,task_11,"('r2_c2', 'r1_c2', 'r0_c2', 'r0_c1', 'r0_c0', 'r0_c1', 'r0_c2', 'r1_c2', 'r2_c2')","('r2_c2->r1_c2', 'r1_c2->r0_c2', 'r0_c2->r0_c1', 'r0_c1->r0_c0', 'r0_c0->r0_c1', 'r0_c1->r0_c2', 'r0_c2->r1_c2', 'r1_c2->r2_c2')",373.0,optimal_mapf_coordinator
1480,370.0,robot_1,wait,,(),(),370.25,optimal_mapf_coordinator
1481,370.0,robot_2,wait,,(),(),370.25,optimal_mapf_coordinator
1482,370.0,robot_3,wait,,(),(),370.25,optimal_mapf_coordinator
1483,370.0,robot_4,continue_current_plan,task_11,"('r2_c2', 'r1_c2', 'r0_c2', 'r0_c1', 'r0_c0', 'r0_c1', 'r0_c2', 'r1_c2', 'r2_c2')","('r2_c2->r1_c2', 'r1_c2->r0_c2', 'r0_c2->r0_c1', 'r0_c1->r0_c0', 'r0_c0->r0_c1', 'r0_c1->r0_c2', 'r0_c2->r1_c2', 'r1_c2->r2_c2')",373.0,optimal_mapf_coordinator
1484,371.0,robot_1,wait,,(),(),371.25,optimal_mapf_coordinator
1485,371.0,robot_2,wait,,(),(),371.25,optimal_mapf_coordinator
1486,371.0,robot_3,wait,,(),(),371.25,optimal_mapf_coordinator
1487,371.0,robot_4,continue_current_plan,task_11,"('r2_c2', 'r1_c2', 'r0_c2', 'r0_c1', 'r0_c0', 'r0_c1', 'r0_c2', 'r1_c2', 'r2_c2')","('r2_c2->r1_c2', 'r1_c2->r0_c2', 'r0_c2->r0_c1', 'r0_c1->r0_c0', 'r0_c0->r0_c1', 'r0_c1->r0_c2', 'r0_c2->r1_c2', 'r1_c2->r2_c2')",373.0,optimal_mapf_coordinator
1488,372.0,robot_1,wait,,(),(),372.25,optimal_mapf_coordinator
1489,372.0,robot_2,wait,,(),(),372.25,optimal_mapf_coordinator
1490,372.0,robot_3,wait,,(),(),372.25,optimal_mapf_coordinator
1491,372.0,robot_4,continue_current_plan,task_11,"('r2_c2', 'r1_c2', 'r0_c2', 'r0_c1', 'r0_c0', 'r0_c1', 'r0_c2', 'r1_c2', 'r2_c2')","('r2_c2->r1_c2', 'r1_c2->r0_c2', 'r0_c2->r0_c1', 'r0_c1->r0_c0', 'r0_c0->r0_c1', 'r0_c1->r0_c2', 'r0_c2->r1_c2', 'r1_c2->r2_c2')",373.0,optimal_mapf_coordinator
1492,373.0,robot_1,wait,,(),(),373.25,optimal_mapf_coordinator
1493,373.0,robot_2,wait,,(),(),373.25,optimal_mapf_coordinator
1494,373.0,robot_3,wait,,(),(),373.25,optimal_mapf_coordinator
1495,373.0,robot_4,wait,,(),(),373.25,optimal_mapf_coordinator
1496,374.0,robot_1,wait,,(),(),374.25,optimal_mapf_coordinator
1497,374.0,robot_2,wait,,(),(),374.25,optimal_mapf_coordinator
1498,374.0,robot_3,wait,,(),(),374.25,optimal_mapf_coordinator
1499,374.0,robot_4,wait,,(),(),374.25,optimal_mapf_coordinator
1500,375.0,robot_1,wait,,(),(),375.25,optimal_mapf_coordinator
1501,375.0,robot_2,wait,,(),(),375.25,optimal_mapf_coordinator
1502,375.0,robot_3,wait,,(),(),375.25,optimal_mapf_coordinator
1503,375.0,robot_4,wait,,(),(),375.25,optimal_mapf_coordinator
1504,376.0,robot_1,wait,,(),(),376.25,optimal_mapf_coordinator
1505,376.0,robot_2,wait,,(),(),376.25,optimal_mapf_coordinator
1506,376.0,robot_3,wait,,(),(),376.25,optimal_mapf_coordinator
1507,376.0,robot_4,wait,,(),(),376.25,optimal_mapf_coordinator
1508,377.0,robot_1,wait,,(),(),377.25,optimal_mapf_coordinator
1509,377.0,robot_2,wait,,(),(),377.25,optimal_mapf_coordinator
1510,377.0,robot_3,wait,,(),(),377.25,optimal_mapf_coordinator
1511,377.0,robot_4,wait,,(),(),377.25,optimal_mapf_coordinator
1512,378.0,robot_1,wait,,(),(),378.25,optimal_mapf_coordinator
1513,378.0,robot_2,wait,,(),(),378.25,optimal_mapf_coordinator
1514,378.0,robot_3,wait,,(),(),378.25,optimal_mapf_coordinator
1515,378.0,robot_4,wait,,(),(),378.25,optimal_mapf_coordinator
1516,379.0,robot_1,wait,,(),(),379.25,optimal_mapf_coordinator
1517,379.0,robot_2,wait,,(),(),379.25,optimal_mapf_coordinator
1518,379.0,robot_3,wait,,(),(),379.25,optimal_mapf_coordinator
1519,379.0,robot_4,wait,,(),(),379.25,optimal_mapf_coordinator
1520,380.0,robot_1,wait,,(),(),380.25,optimal_mapf_coordinator
1521,380.0,robot_2,wait,,(),(),380.25,optimal_mapf_coordinator
1522,380.0,robot_3,wait,,(),(),380.25,optimal_mapf_coordinator
1523,380.0,robot_4,wait,,(),(),380.25,optimal_mapf_coordinator
1524,381.0,robot_1,wait,,(),(),381.25,optimal_mapf_coordinator
1525,381.0,robot_2,wait,,(),(),381.25,optimal_mapf_coordinator
1526,381.0,robot_3,wait,,(),(),381.25,optimal_mapf_coordinator
1527,381.0,robot_4,wait,,(),(),381.25,optimal_mapf_coordinator
1528,382.0,robot_1,wait,,(),(),382.25,optimal_mapf_coordinator
1529,382.0,robot_2,wait,,(),(),382.25,optimal_mapf_coordinator
1530,382.0,robot_3,wait,,(),(),382.25,optimal_mapf_coordinator
1531,382.0,robot_4,wait,,(),(),382.25,optimal_mapf_coordinator
1532,383.0,robot_1,wait,,(),(),383.25,optimal_mapf_coordinator
1533,383.0,robot_2,wait,,(),(),383.25,optimal_mapf_coordinator
1534,383.0,robot_3,wait,,(),(),383.25,optimal_mapf_coordinator
1535,383.0,robot_4,wait,,(),(),383.25,optimal_mapf_coordinator
1536,384.0,robot_1,wait,,(),(),384.25,optimal_mapf_coordinator
1537,384.0,robot_2,wait,,(),(),384.25,optimal_mapf_coordinator
1538,384.0,robot_3,wait,,(),(),384.25,optimal_mapf_coordinator
1539,384.0,robot_4,wait,,(),(),384.25,optimal_mapf_coordinator
1540,385.0,robot_1,wait,,(),(),385.25,optimal_mapf_coordinator
1541,385.0,robot_2,wait,,(),(),385.25,optimal_mapf_coordinator
1542,385.0,robot_3,wait,,(),(),385.25,optimal_mapf_coordinator
1543,385.0,robot_4,wait,,(),(),385.25,optimal_mapf_coordinator
1544,386.0,robot_1,wait,,(),(),386.25,optimal_mapf_coordinator
1545,386.0,robot_2,wait,,(),(),386.25,optimal_mapf_coordinator
1546,386.0,robot_3,wait,,(),(),386.25,optimal_mapf_coordinator
1547,386.0,robot_4,wait,,(),(),386.25,optimal_mapf_coordinator
1548,387.0,robot_1,wait,,(),(),387.25,optimal_mapf_coordinator
1549,387.0,robot_2,wait,,(),(),387.25,optimal_mapf_coordinator
1550,387.0,robot_3,wait,,(),(),387.25,optimal_mapf_coordinator
1551,387.0,robot_4,wait,,(),(),387.25,optimal_mapf_coordinator
1552,388.0,robot_1,wait,,(),(),388.25,optimal_mapf_coordinator
1553,388.0,robot_2,wait,,(),(),388.25,optimal_mapf_coordinator
1554,388.0,robot_3,wait,,(),(),388.25,optimal_mapf_coordinator
1555,388.0,robot_4,wait,,(),(),388.25,optimal_mapf_coordinator
1556,389.0,robot_1,wait,,(),(),389.25,optimal_mapf_coordinator
1557,389.0,robot_2,wait,,(),(),389.25,optimal_mapf_coordinator
1558,389.0,robot_3,wait,,(),(),389.25,optimal_mapf_coordinator
1559,389.0,robot_4,wait,,(),(),389.25,optimal_mapf_coordinator
1560,390.0,robot_1,wait,,(),(),390.25,optimal_mapf_coordinator
1561,390.0,robot_2,wait,,(),(),390.25,optimal_mapf_coordinator
1562,390.0,robot_3,wait,,(),(),390.25,optimal_mapf_coordinator
1563,390.0,robot_4,wait,,(),(),390.25,optimal_mapf_coordinator
1564,391.0,robot_1,wait,,(),(),391.25,optimal_mapf_coordinator
1565,391.0,robot_2,wait,,(),(),391.25,optimal_mapf_coordinator
1566,391.0,robot_3,wait,,(),(),391.25,optimal_mapf_coordinator
1567,391.0,robot_4,wait,,(),(),391.25,optimal_mapf_coordinator
1568,392.0,robot_1,wait,,(),(),392.25,optimal_mapf_coordinator
1569,392.0,robot_2,wait,,(),(),392.25,optimal_mapf_coordinator
1570,392.0,robot_3,wait,,(),(),392.25,optimal_mapf_coordinator
1571,392.0,robot_4,wait,,(),(),392.25,optimal_mapf_coordinator
1572,393.0,robot_1,wait,,(),(),393.25,optimal_mapf_coordinator
1573,393.0,robot_2,wait,,(),(),393.25,optimal_mapf_coordinator
1574,393.0,robot_3,wait,,(),(),393.25,optimal_mapf_coordinator
1575,393.0,robot_4,wait,,(),(),393.25,optimal_mapf_coordinator
1576,394.0,robot_1,wait,,(),(),394.25,optimal_mapf_coordinator
1577,394.0,robot_2,wait,,(),(),394.25,optimal_mapf_coordinator
1578,394.0,robot_3,wait,,(),(),394.25,optimal_mapf_coordinator
1579,394.0,robot_4,wait,,(),(),394.25,optimal_mapf_coordinator
1580,395.0,robot_1,wait,,(),(),395.25,optimal_mapf_coordinator
1581,395.0,robot_2,wait,,(),(),395.25,optimal_mapf_coordinator
1582,395.0,robot_3,wait,,(),(),395.25,optimal_mapf_coordinator
1583,395.0,robot_4,wait,,(),(),395.25,optimal_mapf_coordinator
1584,396.0,robot_1,wait,,(),(),396.25,optimal_mapf_coordinator
1585,396.0,robot_2,wait,,(),(),396.25,optimal_mapf_coordinator
1586,396.0,robot_3,wait,,(),(),396.25,optimal_mapf_coordinator
1587,396.0,robot_4,wait,,(),(),396.25,optimal_mapf_coordinator
1588,397.0,robot_1,wait,,(),(),397.25,optimal_mapf_coordinator
1589,397.0,robot_2,wait,,(),(),397.25,optimal_mapf_coordinator
1590,397.0,robot_3,wait,,(),(),397.25,optimal_mapf_coordinator
1591,397.0,robot_4,wait,,(),(),397.25,optimal_mapf_coordinator
1592,398.0,robot_1,wait,,(),(),398.25,optimal_mapf_coordinator
1593,398.0,robot_2,wait,,(),(),398.25,optimal_mapf_coordinator
1594,398.0,robot_3,wait,,(),(),398.25,optimal_mapf_coordinator
1595,398.0,robot_4,wait,,(),(),398.25,optimal_mapf_coordinator
1596,399.0,robot_1,wait,,(),(),399.25,optimal_mapf_coordinator
1597,399.0,robot_2,wait,,(),(),399.25,optimal_mapf_coordinator
1598,399.0,robot_3,wait,,(),(),399.25,optimal_mapf_coordinator
1599,399.0,robot_4,wait,,(),(),399.25,optimal_mapf_coordinator
1600,400.0,robot_1,wait,,(),(),400.25,optimal_mapf_coordinator
1601,400.0,robot_2,wait,,(),(),400.25,optimal_mapf_coordinator
1602,400.0,robot_3,wait,,(),(),400.25,optimal_mapf_coordinator
1603,400.0,robot_4,wait,,(),(),400.25,optimal_mapf_coordinator
1604,401.0,robot_1,wait,,(),(),401.25,optimal_mapf_coordinator
1605,401.0,robot_2,wait,,(),(),401.25,optimal_mapf_coordinator
1606,401.0,robot_3,wait,,(),(),401.25,optimal_mapf_coordinator
1607,401.0,robot_4,wait,,(),(),401.25,optimal_mapf_coordinator
1608,402.0,robot_1,wait,,(),(),402.25,optimal_mapf_coordinator
1609,402.0,robot_2,wait,,(),(),402.25,optimal_mapf_coordinator
1610,402.0,robot_3,wait,,(),(),402.25,optimal_mapf_coordinator
1611,402.0,robot_4,wait,,(),(),402.25,optimal_mapf_coordinator
1612,403.0,robot_1,wait,,(),(),403.25,optimal_mapf_coordinator
1613,403.0,robot_2,wait,,(),(),403.25,optimal_mapf_coordinator
1614,403.0,robot_3,wait,,(),(),403.25,optimal_mapf_coordinator
1615,403.0,robot_4,task_route,task_12,"('r2_c2', 'r1_c2', 'r0_c2', 'r0_c1', 'r0_c0', 'r0_c1', 'r0_c2', 'r1_c2', 'r2_c2')","('r2_c2->r1_c2', 'r1_c2->r0_c2', 'r0_c2->r0_c1', 'r0_c1->r0_c0', 'r0_c0->r0_c1', 'r0_c1->r0_c2', 'r0_c2->r1_c2', 'r1_c2->r2_c2')",8.0,optimal_mapf_coordinator
1616,404.0,robot_1,wait,,(),(),404.25,optimal_mapf_coordinator
1617,404.0,robot_2,wait,,(),(),404.25,optimal_mapf_coordinator
1618,404.0,robot_3,wait,,(),(),404.25,optimal_mapf_coordinator
1619,404.0,robot_4,continue_current_plan,task_12,"('r2_c2', 'r1_c2', 'r0_c2', 'r0_c1', 'r0_c0', 'r0_c1', 'r0_c2', 'r1_c2', 'r2_c2')","('r2_c2->r1_c2', 'r1_c2->r0_c2', 'r0_c2->r0_c1', 'r0_c1->r0_c0', 'r0_c0->r0_c1', 'r0_c1->r0_c2', 'r0_c2->r1_c2', 'r1_c2->r2_c2')",426.0,optimal_mapf_coordinator
1620,405.0,robot_1,wait,,(),(),405.25,optimal_mapf_coordinator
1621,405.0,robot_2,wait,,(),(),405.25,optimal_mapf_coordinator
1622,405.0,robot_3,wait,,(),(),405.25,optimal_mapf_coordinator
1623,405.0,robot_4,continue_current_plan,task_12,"('r2_c2', 'r1_c2', 'r0_c2', 'r0_c1', 'r0_c0', 'r0_c1', 'r0_c2', 'r1_c2', 'r2_c2')","('r2_c2->r1_c2', 'r1_c2->r0_c2', 'r0_c2->r0_c1', 'r0_c1->r0_c0', 'r0_c0->r0_c1', 'r0_c1->r0_c2', 'r0_c2->r1_c2', 'r1_c2->r2_c2')",426.0,optimal_mapf_coordinator
1624,406.0,robot_1,wait,,(),(),406.25,optimal_mapf_coordinator
1625,406.0,robot_2,wait,,(),(),406.25,optimal_mapf_coordinator
1626,406.0,robot_3,wait,,(),(),406.25,optimal_mapf_coordinator
1627,406.0,robot_4,continue_current_plan,task_12,"('r2_c2', 'r1_c2', 'r0_c2', 'r0_c1', 'r0_c0', 'r0_c1', 'r0_c2', 'r1_c2', 'r2_c2')","('r2_c2->r1_c2', 'r1_c2->r0_c2', 'r0_c2->r0_c1', 'r0_c1->r0_c0', 'r0_c0->r0_c1', 'r0_c1->r0_c2', 'r0_c2->r1_c2', 'r1_c2->r2_c2')",426.0,optimal_mapf_coordinator
1628,407.0,robot_1,wait,,(),(),407.25,optimal_mapf_coordinator
1629,407.0,robot_2,wait,,(),(),407.25,optimal_mapf_coordinator
1630,407.0,robot_3,wait,,(),(),407.25,optimal_mapf_coordinator
1631,407.0,robot_4,continue_current_plan,task_12,"('r2_c2', 'r1_c2', 'r0_c2', 'r0_c1', 'r0_c0', 'r0_c1', 'r0_c2', 'r1_c2', 'r2_c2')","('r2_c2->r1_c2', 'r1_c2->r0_c2', 'r0_c2->r0_c1', 'r0_c1->r0_c0', 'r0_c0->r0_c1', 'r0_c1->r0_c2', 'r0_c2->r1_c2', 'r1_c2->r2_c2')",426.0,optimal_mapf_coordinator
1632,408.0,robot_1,wait,,(),(),408.25,optimal_mapf_coordinator
1633,408.0,robot_2,wait,,(),(),408.25,optimal_mapf_coordinator
1634,408.0,robot_3,wait,,(),(),408.25,optimal_mapf_coordinator
1635,408.0,robot_4,continue_current_plan,task_12,"('r2_c2', 'r1_c2', 'r0_c2', 'r0_c1', 'r0_c0', 'r0_c1', 'r0_c2', 'r1_c2', 'r2_c2')","('r2_c2->r1_c2', 'r1_c2->r0_c2', 'r0_c2->r0_c1', 'r0_c1->r0_c0', 'r0_c0->r0_c1', 'r0_c1->r0_c2', 'r0_c2->r1_c2', 'r1_c2->r2_c2')",426.0,optimal_mapf_coordinator
1636,409.0,robot_1,wait,,(),(),409.25,optimal_mapf_coordinator
1637,409.0,robot_2,wait,,(),(),409.25,optimal_mapf_coordinator
1638,409.0,robot_3,wait,,(),(),409.25,optimal_mapf_coordinator
1639,409.0,robot_4,continue_current_plan,task_12,"('r2_c2', 'r1_c2', 'r0_c2', 'r0_c1', 'r0_c0', 'r0_c1', 'r0_c2', 'r1_c2', 'r2_c2')","('r2_c2->r1_c2', 'r1_c2->r0_c2', 'r0_c2->r0_c1', 'r0_c1->r0_c0', 'r0_c0->r0_c1', 'r0_c1->r0_c2', 'r0_c2->r1_c2', 'r1_c2->r2_c2')",426.0,optimal_mapf_coordinator
1640,410.0,robot_1,wait,,(),(),410.25,optimal_mapf_coordinator
1641,410.0,robot_2,wait,,(),(),410.25,optimal_mapf_coordinator
1642,410.0,robot_3,wait,,(),(),410.25,optimal_mapf_coordinator
1643,410.0,robot_4,continue_current_plan,task_12,"('r2_c2', 'r1_c2', 'r0_c2', 'r0_c1', 'r0_c0', 'r0_c1', 'r0_c2', 'r1_c2', 'r2_c2')","('r2_c2->r1_c2', 'r1_c2->r0_c2', 'r0_c2->r0_c1', 'r0_c1->r0_c0', 'r0_c0->r0_c1', 'r0_c1->r0_c2', 'r0_c2->r1_c2', 'r1_c2->r2_c2')",426.0,optimal_mapf_coordinator
1644,411.0,robot_1,wait,,(),(),411.25,optimal_mapf_coordinator
1645,411.0,robot_2,wait,,(),(),411.25,optimal_mapf_coordinator
1646,411.0,robot_3,wait,,(),(),411.25,optimal_mapf_coordinator
1647,411.0,robot_4,continue_current_plan,task_12,"('r2_c2', 'r1_c2', 'r0_c2', 'r0_c1', 'r0_c0', 'r0_c1', 'r0_c2', 'r1_c2', 'r2_c2')","('r2_c2->r1_c2', 'r1_c2->r0_c2', 'r0_c2->r0_c1', 'r0_c1->r0_c0', 'r0_c0->r0_c1', 'r0_c1->r0_c2', 'r0_c2->r1_c2', 'r1_c2->r2_c2')",426.0,optimal_mapf_coordinator
1648,412.0,robot_1,wait,,(),(),412.25,optimal_mapf_coordinator
1649,412.0,robot_2,wait,,(),(),412.25,optimal_mapf_coordinator
1650,412.0,robot_3,wait,,(),(),412.25,optimal_mapf_coordinator
1651,412.0,robot_4,continue_current_plan,task_12,"('r2_c2', 'r1_c2', 'r0_c2', 'r0_c1', 'r0_c0', 'r0_c1', 'r0_c2', 'r1_c2', 'r2_c2')","('r2_c2->r1_c2', 'r1_c2->r0_c2', 'r0_c2->r0_c1', 'r0_c1->r0_c0', 'r0_c0->r0_c1', 'r0_c1->r0_c2', 'r0_c2->r1_c2', 'r1_c2->r2_c2')",426.0,optimal_mapf_coordinator
1652,413.0,robot_1,wait,,(),(),413.25,optimal_mapf_coordinator
1653,413.0,robot_2,wait,,(),(),413.25,optimal_mapf_coordinator
1654,413.0,robot_3,wait,,(),(),413.25,optimal_mapf_coordinator
1655,413.0,robot_4,continue_current_plan,task_12,"('r2_c2', 'r1_c2', 'r0_c2', 'r0_c1', 'r0_c0', 'r0_c1', 'r0_c2', 'r1_c2', 'r2_c2')","('r2_c2->r1_c2', 'r1_c2->r0_c2', 'r0_c2->r0_c1', 'r0_c1->r0_c0', 'r0_c0->r0_c1', 'r0_c1->r0_c2', 'r0_c2->r1_c2', 'r1_c2->r2_c2')",426.0,optimal_mapf_coordinator
1656,414.0,robot_1,wait,,(),(),414.25,optimal_mapf_coordinator
1657,414.0,robot_2,wait,,(),(),414.25,optimal_mapf_coordinator
1658,414.0,robot_3,wait,,(),(),414.25,optimal_mapf_coordinator
1659,414.0,robot_4,continue_current_plan,task_12,"('r2_c2', 'r1_c2', 'r0_c2', 'r0_c1', 'r0_c0', 'r0_c1', 'r0_c2', 'r1_c2', 'r2_c2')","('r2_c2->r1_c2', 'r1_c2->r0_c2', 'r0_c2->r0_c1', 'r0_c1->r0_c0', 'r0_c0->r0_c1', 'r0_c1->r0_c2', 'r0_c2->r1_c2', 'r1_c2->r2_c2')",426.0,optimal_mapf_coordinator
1660,415.0,robot_1,wait,,(),(),415.25,optimal_mapf_coordinator
1661,415.0,robot_2,wait,,(),(),415.25,optimal_mapf_coordinator
1662,415.0,robot_3,wait,,(),(),415.25,optimal_mapf_coordinator
1663,415.0,robot_4,continue_current_plan,task_12,"('r2_c2', 'r1_c2', 'r0_c2', 'r0_c1', 'r0_c0', 'r0_c1', 'r0_c2', 'r1_c2', 'r2_c2')","('r2_c2->r1_c2', 'r1_c2->r0_c2', 'r0_c2->r0_c1', 'r0_c1->r0_c0', 'r0_c0->r0_c1', 'r0_c1->r0_c2', 'r0_c2->r1_c2', 'r1_c2->r2_c2')",426.0,optimal_mapf_coordinator
1664,416.0,robot_1,wait,,(),(),416.25,optimal_mapf_coordinator
1665,416.0,robot_2,wait,,(),(),416.25,optimal_mapf_coordinator
1666,416.0,robot_3,wait,,(),(),416.25,optimal_mapf_coordinator
1667,416.0,robot_4,continue_current_plan,task_12,"('r2_c2', 'r1_c2', 'r0_c2', 'r0_c1', 'r0_c0', 'r0_c1', 'r0_c2', 'r1_c2', 'r2_c2')","('r2_c2->r1_c2', 'r1_c2->r0_c2', 'r0_c2->r0_c1', 'r0_c1->r0_c0', 'r0_c0->r0_c1', 'r0_c1->r0_c2', 'r0_c2->r1_c2', 'r1_c2->r2_c2')",426.0,optimal_mapf_coordinator
1668,417.0,robot_1,wait,,(),(),417.25,optimal_mapf_coordinator
1669,417.0,robot_2,wait,,(),(),417.25,optimal_mapf_coordinator
1670,417.0,robot_3,wait,,(),(),417.25,optimal_mapf_coordinator
1671,417.0,robot_4,continue_current_plan,task_12,"('r2_c2', 'r1_c2', 'r0_c2', 'r0_c1', 'r0_c0', 'r0_c1', 'r0_c2', 'r1_c2', 'r2_c2')","('r2_c2->r1_c2', 'r1_c2->r0_c2', 'r0_c2->r0_c1', 'r0_c1->r0_c0', 'r0_c0->r0_c1', 'r0_c1->r0_c2', 'r0_c2->r1_c2', 'r1_c2->r2_c2')",426.0,optimal_mapf_coordinator
1672,418.0,robot_1,wait,,(),(),418.25,optimal_mapf_coordinator
1673,418.0,robot_2,wait,,(),(),418.25,optimal_mapf_coordinator
1674,418.0,robot_3,wait,,(),(),418.25,optimal_mapf_coordinator
1675,418.0,robot_4,continue_current_plan,task_12,"('r2_c2', 'r1_c2', 'r0_c2', 'r0_c1', 'r0_c0', 'r0_c1', 'r0_c2', 'r1_c2', 'r2_c2')","('r2_c2->r1_c2', 'r1_c2->r0_c2', 'r0_c2->r0_c1', 'r0_c1->r0_c0', 'r0_c0->r0_c1', 'r0_c1->r0_c2', 'r0_c2->r1_c2', 'r1_c2->r2_c2')",426.0,optimal_mapf_coordinator
1676,419.0,robot_1,wait,,(),(),419.25,optimal_mapf_coordinator
1677,419.0,robot_2,wait,,(),(),419.25,optimal_mapf_coordinator
1678,419.0,robot_3,wait,,(),(),419.25,optimal_mapf_coordinator
1679,419.0,robot_4,continue_current_plan,task_12,"('r2_c2', 'r1_c2', 'r0_c2', 'r0_c1', 'r0_c0', 'r0_c1', 'r0_c2', 'r1_c2', 'r2_c2')","('r2_c2->r1_c2', 'r1_c2->r0_c2', 'r0_c2->r0_c1', 'r0_c1->r0_c0', 'r0_c0->r0_c1', 'r0_c1->r0_c2', 'r0_c2->r1_c2', 'r1_c2->r2_c2')",426.0,optimal_mapf_coordinator
1680,420.0,robot_1,wait,,(),(),420.25,optimal_mapf_coordinator
1681,420.0,robot_2,wait,,(),(),420.25,optimal_mapf_coordinator
1682,420.0,robot_3,wait,,(),(),420.25,optimal_mapf_coordinator
1683,420.0,robot_4,continue_current_plan,task_12,"('r2_c2', 'r1_c2', 'r0_c2', 'r0_c1', 'r0_c0', 'r0_c1', 'r0_c2', 'r1_c2', 'r2_c2')","('r2_c2->r1_c2', 'r1_c2->r0_c2', 'r0_c2->r0_c1', 'r0_c1->r0_c0', 'r0_c0->r0_c1', 'r0_c1->r0_c2', 'r0_c2->r1_c2', 'r1_c2->r2_c2')",426.0,optimal_mapf_coordinator
1684,421.0,robot_1,wait,,(),(),421.25,optimal_mapf_coordinator
1685,421.0,robot_2,wait,,(),(),421.25,optimal_mapf_coordinator
1686,421.0,robot_3,wait,,(),(),421.25,optimal_mapf_coordinator
1687,421.0,robot_4,continue_current_plan,task_12,"('r2_c2', 'r1_c2', 'r0_c2', 'r0_c1', 'r0_c0', 'r0_c1', 'r0_c2', 'r1_c2', 'r2_c2')","('r2_c2->r1_c2', 'r1_c2->r0_c2', 'r0_c2->r0_c1', 'r0_c1->r0_c0', 'r0_c0->r0_c1', 'r0_c1->r0_c2', 'r0_c2->r1_c2', 'r1_c2->r2_c2')",426.0,optimal_mapf_coordinator
1688,422.0,robot_1,wait,,(),(),422.25,optimal_mapf_coordinator
1689,422.0,robot_2,wait,,(),(),422.25,optimal_mapf_coordinator
1690,422.0,robot_3,wait,,(),(),422.25,optimal_mapf_coordinator
1691,422.0,robot_4,continue_current_plan,task_12,"('r2_c2', 'r1_c2', 'r0_c2', 'r0_c1', 'r0_c0', 'r0_c1', 'r0_c2', 'r1_c2', 'r2_c2')","('r2_c2->r1_c2', 'r1_c2->r0_c2', 'r0_c2->r0_c1', 'r0_c1->r0_c0', 'r0_c0->r0_c1', 'r0_c1->r0_c2', 'r0_c2->r1_c2', 'r1_c2->r2_c2')",426.0,optimal_mapf_coordinator
1692,423.0,robot_1,wait,,(),(),423.25,optimal_mapf_coordinator
1693,423.0,robot_2,wait,,(),(),423.25,optimal_mapf_coordinator
1694,423.0,robot_3,wait,,(),(),423.25,optimal_mapf_coordinator
1695,423.0,robot_4,continue_current_plan,task_12,"('r2_c2', 'r1_c2', 'r0_c2', 'r0_c1', 'r0_c0', 'r0_c1', 'r0_c2', 'r1_c2', 'r2_c2')","('r2_c2->r1_c2', 'r1_c2->r0_c2', 'r0_c2->r0_c1', 'r0_c1->r0_c0', 'r0_c0->r0_c1', 'r0_c1->r0_c2', 'r0_c2->r1_c2', 'r1_c2->r2_c2')",426.0,optimal_mapf_coordinator
1696,424.0,robot_1,wait,,(),(),424.25,optimal_mapf_coordinator
1697,424.0,robot_2,wait,,(),(),424.25,optimal_mapf_coordinator
1698,424.0,robot_3,wait,,(),(),424.25,optimal_mapf_coordinator
1699,424.0,robot_4,continue_current_plan,task_12,"('r2_c2', 'r1_c2', 'r0_c2', 'r0_c1', 'r0_c0', 'r0_c1', 'r0_c2', 'r1_c2', 'r2_c2')","('r2_c2->r1_c2', 'r1_c2->r0_c2', 'r0_c2->r0_c1', 'r0_c1->r0_c0', 'r0_c0->r0_c1', 'r0_c1->r0_c2', 'r0_c2->r1_c2', 'r1_c2->r2_c2')",426.0,optimal_mapf_coordinator
1700,425.0,robot_1,wait,,(),(),425.25,optimal_mapf_coordinator
1701,425.0,robot_2,wait,,(),(),425.25,optimal_mapf_coordinator
1702,425.0,robot_3,wait,,(),(),425.25,optimal_mapf_coordinator
1703,425.0,robot_4,continue_current_plan,task_12,"('r2_c2', 'r1_c2', 'r0_c2', 'r0_c1', 'r0_c0', 'r0_c1', 'r0_c2', 'r1_c2', 'r2_c2')","('r2_c2->r1_c2', 'r1_c2->r0_c2', 'r0_c2->r0_c1', 'r0_c1->r0_c0', 'r0_c0->r0_c1', 'r0_c1->r0_c2', 'r0_c2->r1_c2', 'r1_c2->r2_c2')",426.0,optimal_mapf_coordinator
1704,426.0,robot_1,wait,,(),(),426.25,optimal_mapf_coordinator
1705,426.0,robot_2,wait,,(),(),426.25,optimal_mapf_coordinator
1706,426.0,robot_3,wait,,(),(),426.25,optimal_mapf_coordinator
1707,426.0,robot_4,wait,,(),(),426.25,optimal_mapf_coordinator
1708,427.0,robot_1,wait,,(),(),427.25,optimal_mapf_coordinator
1709,427.0,robot_2,wait,,(),(),427.25,optimal_mapf_coordinator
1710,427.0,robot_3,wait,,(),(),427.25,optimal_mapf_coordinator
1711,427.0,robot_4,wait,,(),(),427.25,optimal_mapf_coordinator
1712,428.0,robot_1,wait,,(),(),428.25,optimal_mapf_coordinator
1713,428.0,robot_2,wait,,(),(),428.25,optimal_mapf_coordinator
1714,428.0,robot_3,wait,,(),(),428.25,optimal_mapf_coordinator
1715,428.0,robot_4,wait,,(),(),428.25,optimal_mapf_coordinator
1716,429.0,robot_1,wait,,(),(),429.25,optimal_mapf_coordinator
1717,429.0,robot_2,wait,,(),(),429.25,optimal_mapf_coordinator
1718,429.0,robot_3,wait,,(),(),429.25,optimal_mapf_coordinator
1719,429.0,robot_4,wait,,(),(),429.25,optimal_mapf_coordinator
1720,430.0,robot_1,wait,,(),(),430.25,optimal_mapf_coordinator
1721,430.0,robot_2,wait,,(),(),430.25,optimal_mapf_coordinator
1722,430.0,robot_3,wait,,(),(),430.25,optimal_mapf_coordinator
1723,430.0,robot_4,wait,,(),(),430.25,optimal_mapf_coordinator
1724,431.0,robot_1,wait,,(),(),431.25,optimal_mapf_coordinator
1725,431.0,robot_2,wait,,(),(),431.25,optimal_mapf_coordinator
1726,431.0,robot_3,wait,,(),(),431.25,optimal_mapf_coordinator
1727,431.0,robot_4,wait,,(),(),431.25,optimal_mapf_coordinator
1728,432.0,robot_1,wait,,(),(),432.25,optimal_mapf_coordinator
1729,432.0,robot_2,wait,,(),(),432.25,optimal_mapf_coordinator
1730,432.0,robot_3,wait,,(),(),432.25,optimal_mapf_coordinator
1731,432.0,robot_4,wait,,(),(),432.25,optimal_mapf_coordinator
1732,433.0,robot_1,wait,,(),(),433.25,optimal_mapf_coordinator
1733,433.0,robot_2,wait,,(),(),433.25,optimal_mapf_coordinator
1734,433.0,robot_3,wait,,(),(),433.25,optimal_mapf_coordinator
1735,433.0,robot_4,wait,,(),(),433.25,optimal_mapf_coordinator
1736,434.0,robot_1,wait,,(),(),434.25,optimal_mapf_coordinator
1737,434.0,robot_2,wait,,(),(),434.25,optimal_mapf_coordinator
1738,434.0,robot_3,wait,,(),(),434.25,optimal_mapf_coordinator
1739,434.0,robot_4,wait,,(),(),434.25,optimal_mapf_coordinator
1740,435.0,robot_1,wait,,(),(),435.25,optimal_mapf_coordinator
1741,435.0,robot_2,wait,,(),(),435.25,optimal_mapf_coordinator
1742,435.0,robot_3,wait,,(),(),435.25,optimal_mapf_coordinator
1743,435.0,robot_4,wait,,(),(),435.25,optimal_mapf_coordinator
1744,436.0,robot_1,wait,,(),(),436.25,optimal_mapf_coordinator
1745,436.0,robot_2,wait,,(),(),436.25,optimal_mapf_coordinator
1746,436.0,robot_3,wait,,(),(),436.25,optimal_mapf_coordinator
1747,436.0,robot_4,wait,,(),(),436.25,optimal_mapf_coordinator
1748,437.0,robot_1,wait,,(),(),437.25,optimal_mapf_coordinator
1749,437.0,robot_2,wait,,(),(),437.25,optimal_mapf_coordinator
1750,437.0,robot_3,wait,,(),(),437.25,optimal_mapf_coordinator
1751,437.0,robot_4,wait,,(),(),437.25,optimal_mapf_coordinator
1752,438.0,robot_1,wait,,(),(),438.25,optimal_mapf_coordinator
1753,438.0,robot_2,wait,,(),(),438.25,optimal_mapf_coordinator
1754,438.0,robot_3,wait,,(),(),438.25,optimal_mapf_coordinator
1755,438.0,robot_4,wait,,(),(),438.25,optimal_mapf_coordinator
1756,439.0,robot_1,wait,,(),(),439.25,optimal_mapf_coordinator
1757,439.0,robot_2,wait,,(),(),439.25,optimal_mapf_coordinator
1758,439.0,robot_3,wait,,(),(),439.25,optimal_mapf_coordinator
1759,439.0,robot_4,task_route,task_13,"('r2_c2', 'r1_c2', 'r0_c2', 'r0_c1', 'r0_c0', 'r0_c1', 'r0_c2', 'r1_c2', 'r2_c2')","('r2_c2->r1_c2', 'r1_c2->r0_c2', 'r0_c2->r0_c1', 'r0_c1->r0_c0', 'r0_c0->r0_c1', 'r0_c1->r0_c2', 'r0_c2->r1_c2', 'r1_c2->r2_c2')",8.0,optimal_mapf_coordinator
1760,440.0,robot_1,wait,,(),(),440.25,optimal_mapf_coordinator
1761,440.0,robot_2,wait,,(),(),440.25,optimal_mapf_coordinator
1762,440.0,robot_3,wait,,(),(),440.25,optimal_mapf_coordinator
1763,440.0,robot_4,continue_current_plan,task_13,"('r2_c2', 'r1_c2', 'r0_c2', 'r0_c1', 'r0_c0', 'r0_c1', 'r0_c2', 'r1_c2', 'r2_c2')","('r2_c2->r1_c2', 'r1_c2->r0_c2', 'r0_c2->r0_c1', 'r0_c1->r0_c0', 'r0_c0->r0_c1', 'r0_c1->r0_c2', 'r0_c2->r1_c2', 'r1_c2->r2_c2')",462.0,optimal_mapf_coordinator
1764,441.0,robot_1,wait,,(),(),441.25,optimal_mapf_coordinator
1765,441.0,robot_2,wait,,(),(),441.25,optimal_mapf_coordinator
1766,441.0,robot_3,wait,,(),(),441.25,optimal_mapf_coordinator
1767,441.0,robot_4,continue_current_plan,task_13,"('r2_c2', 'r1_c2', 'r0_c2', 'r0_c1', 'r0_c0', 'r0_c1', 'r0_c2', 'r1_c2', 'r2_c2')","('r2_c2->r1_c2', 'r1_c2->r0_c2', 'r0_c2->r0_c1', 'r0_c1->r0_c0', 'r0_c0->r0_c1', 'r0_c1->r0_c2', 'r0_c2->r1_c2', 'r1_c2->r2_c2')",462.0,optimal_mapf_coordinator
1768,442.0,robot_1,wait,,(),(),442.25,optimal_mapf_coordinator
1769,442.0,robot_2,wait,,(),(),442.25,optimal_mapf_coordinator
1770,442.0,robot_3,wait,,(),(),442.25,optimal_mapf_coordinator
1771,442.0,robot_4,continue_current_plan,task_13,"('r2_c2', 'r1_c2', 'r0_c2', 'r0_c1', 'r0_c0', 'r0_c1', 'r0_c2', 'r1_c2', 'r2_c2')","('r2_c2->r1_c2', 'r1_c2->r0_c2', 'r0_c2->r0_c1', 'r0_c1->r0_c0', 'r0_c0->r0_c1', 'r0_c1->r0_c2', 'r0_c2->r1_c2', 'r1_c2->r2_c2')",462.0,optimal_mapf_coordinator
1772,443.0,robot_1,wait,,(),(),443.25,optimal_mapf_coordinator
1773,443.0,robot_2,wait,,(),(),443.25,optimal_mapf_coordinator
1774,443.0,robot_3,wait,,(),(),443.25,optimal_mapf_coordinator
1775,443.0,robot_4,continue_current_plan,task_13,"('r2_c2', 'r1_c2', 'r0_c2', 'r0_c1', 'r0_c0', 'r0_c1', 'r0_c2', 'r1_c2', 'r2_c2')","('r2_c2->r1_c2', 'r1_c2->r0_c2', 'r0_c2->r0_c1', 'r0_c1->r0_c0', 'r0_c0->r0_c1', 'r0_c1->r0_c2', 'r0_c2->r1_c2', 'r1_c2->r2_c2')",462.0,optimal_mapf_coordinator
1776,444.0,robot_1,wait,,(),(),444.25,optimal_mapf_coordinator
1777,444.0,robot_2,wait,,(),(),444.25,optimal_mapf_coordinator
1778,444.0,robot_3,wait,,(),(),444.25,optimal_mapf_coordinator
1779,444.0,robot_4,continue_current_plan,task_13,"('r2_c2', 'r1_c2', 'r0_c2', 'r0_c1', 'r0_c0', 'r0_c1', 'r0_c2', 'r1_c2', 'r2_c2')","('r2_c2->r1_c2', 'r1_c2->r0_c2', 'r0_c2->r0_c1', 'r0_c1->r0_c0', 'r0_c0->r0_c1', 'r0_c1->r0_c2', 'r0_c2->r1_c2', 'r1_c2->r2_c2')",462.0,optimal_mapf_coordinator
1780,445.0,robot_1,wait,,(),(),445.25,optimal_mapf_coordinator
1781,445.0,robot_2,wait,,(),(),445.25,optimal_mapf_coordinator
1782,445.0,robot_3,wait,,(),(),445.25,optimal_mapf_coordinator
1783,445.0,robot_4,continue_current_plan,task_13,"('r2_c2', 'r1_c2', 'r0_c2', 'r0_c1', 'r0_c0', 'r0_c1', 'r0_c2', 'r1_c2', 'r2_c2')","('r2_c2->r1_c2', 'r1_c2->r0_c2', 'r0_c2->r0_c1', 'r0_c1->r0_c0', 'r0_c0->r0_c1', 'r0_c1->r0_c2', 'r0_c2->r1_c2', 'r1_c2->r2_c2')",462.0,optimal_mapf_coordinator
1784,446.0,robot_1,wait,,(),(),446.25,optimal_mapf_coordinator
1785,446.0,robot_2,wait,,(),(),446.25,optimal_mapf_coordinator
1786,446.0,robot_3,wait,,(),(),446.25,optimal_mapf_coordinator
1787,446.0,robot_4,continue_current_plan,task_13,"('r2_c2', 'r1_c2', 'r0_c2', 'r0_c1', 'r0_c0', 'r0_c1', 'r0_c2', 'r1_c2', 'r2_c2')","('r2_c2->r1_c2', 'r1_c2->r0_c2', 'r0_c2->r0_c1', 'r0_c1->r0_c0', 'r0_c0->r0_c1', 'r0_c1->r0_c2', 'r0_c2->r1_c2', 'r1_c2->r2_c2')",462.0,optimal_mapf_coordinator
1788,447.0,robot_1,wait,,(),(),447.25,optimal_mapf_coordinator
1789,447.0,robot_2,wait,,(),(),447.25,optimal_mapf_coordinator
1790,447.0,robot_3,wait,,(),(),447.25,optimal_mapf_coordinator
1791,447.0,robot_4,continue_current_plan,task_13,"('r2_c2', 'r1_c2', 'r0_c2', 'r0_c1', 'r0_c0', 'r0_c1', 'r0_c2', 'r1_c2', 'r2_c2')","('r2_c2->r1_c2', 'r1_c2->r0_c2', 'r0_c2->r0_c1', 'r0_c1->r0_c0', 'r0_c0->r0_c1', 'r0_c1->r0_c2', 'r0_c2->r1_c2', 'r1_c2->r2_c2')",462.0,optimal_mapf_coordinator
1792,448.0,robot_1,wait,,(),(),448.25,optimal_mapf_coordinator
1793,448.0,robot_2,wait,,(),(),448.25,optimal_mapf_coordinator
1794,448.0,robot_3,wait,,(),(),448.25,optimal_mapf_coordinator
1795,448.0,robot_4,continue_current_plan,task_13,"('r2_c2', 'r1_c2', 'r0_c2', 'r0_c1', 'r0_c0', 'r0_c1', 'r0_c2', 'r1_c2', 'r2_c2')","('r2_c2->r1_c2', 'r1_c2->r0_c2', 'r0_c2->r0_c1', 'r0_c1->r0_c0', 'r0_c0->r0_c1', 'r0_c1->r0_c2', 'r0_c2->r1_c2', 'r1_c2->r2_c2')",462.0,optimal_mapf_coordinator
1796,449.0,robot_1,wait,,(),(),449.25,optimal_mapf_coordinator
1797,449.0,robot_2,wait,,(),(),449.25,optimal_mapf_coordinator
1798,449.0,robot_3,wait,,(),(),449.25,optimal_mapf_coordinator
1799,449.0,robot_4,continue_current_plan,task_13,"('r2_c2', 'r1_c2', 'r0_c2', 'r0_c1', 'r0_c0', 'r0_c1', 'r0_c2', 'r1_c2', 'r2_c2')","('r2_c2->r1_c2', 'r1_c2->r0_c2', 'r0_c2->r0_c1', 'r0_c1->r0_c0', 'r0_c0->r0_c1', 'r0_c1->r0_c2', 'r0_c2->r1_c2', 'r1_c2->r2_c2')",462.0,optimal_mapf_coordinator
1800,450.0,robot_1,wait,,(),(),450.25,optimal_mapf_coordinator
1801,450.0,robot_2,wait,,(),(),450.25,optimal_mapf_coordinator
1802,450.0,robot_3,wait,,(),(),450.25,optimal_mapf_coordinator
1803,450.0,robot_4,continue_current_plan,task_13,"('r2_c2', 'r1_c2', 'r0_c2', 'r0_c1', 'r0_c0', 'r0_c1', 'r0_c2', 'r1_c2', 'r2_c2')","('r2_c2->r1_c2', 'r1_c2->r0_c2', 'r0_c2->r0_c1', 'r0_c1->r0_c0', 'r0_c0->r0_c1', 'r0_c1->r0_c2', 'r0_c2->r1_c2', 'r1_c2->r2_c2')",462.0,optimal_mapf_coordinator
1804,451.0,robot_1,wait,,(),(),451.25,optimal_mapf_coordinator
1805,451.0,robot_2,wait,,(),(),451.25,optimal_mapf_coordinator
1806,451.0,robot_3,wait,,(),(),451.25,optimal_mapf_coordinator
1807,451.0,robot_4,continue_current_plan,task_13,"('r2_c2', 'r1_c2', 'r0_c2', 'r0_c1', 'r0_c0', 'r0_c1', 'r0_c2', 'r1_c2', 'r2_c2')","('r2_c2->r1_c2', 'r1_c2->r0_c2', 'r0_c2->r0_c1', 'r0_c1->r0_c0', 'r0_c0->r0_c1', 'r0_c1->r0_c2', 'r0_c2->r1_c2', 'r1_c2->r2_c2')",462.0,optimal_mapf_coordinator
1808,452.0,robot_1,wait,,(),(),452.25,optimal_mapf_coordinator
1809,452.0,robot_2,wait,,(),(),452.25,optimal_mapf_coordinator
1810,452.0,robot_3,wait,,(),(),452.25,optimal_mapf_coordinator
1811,452.0,robot_4,continue_current_plan,task_13,"('r2_c2', 'r1_c2', 'r0_c2', 'r0_c1', 'r0_c0', 'r0_c1', 'r0_c2', 'r1_c2', 'r2_c2')","('r2_c2->r1_c2', 'r1_c2->r0_c2', 'r0_c2->r0_c1', 'r0_c1->r0_c0', 'r0_c0->r0_c1', 'r0_c1->r0_c2', 'r0_c2->r1_c2', 'r1_c2->r2_c2')",462.0,optimal_mapf_coordinator
1812,453.0,robot_1,wait,,(),(),453.25,optimal_mapf_coordinator
1813,453.0,robot_2,wait,,(),(),453.25,optimal_mapf_coordinator
1814,453.0,robot_3,wait,,(),(),453.25,optimal_mapf_coordinator
1815,453.0,robot_4,continue_current_plan,task_13,"('r2_c2', 'r1_c2', 'r0_c2', 'r0_c1', 'r0_c0', 'r0_c1', 'r0_c2', 'r1_c2', 'r2_c2')","('r2_c2->r1_c2', 'r1_c2->r0_c2', 'r0_c2->r0_c1', 'r0_c1->r0_c0', 'r0_c0->r0_c1', 'r0_c1->r0_c2', 'r0_c2->r1_c2', 'r1_c2->r2_c2')",462.0,optimal_mapf_coordinator
1816,454.0,robot_1,wait,,(),(),454.25,optimal_mapf_coordinator
1817,454.0,robot_2,wait,,(),(),454.25,optimal_mapf_coordinator
1818,454.0,robot_3,wait,,(),(),454.25,optimal_mapf_coordinator
1819,454.0,robot_4,continue_current_plan,task_13,"('r2_c2', 'r1_c2', 'r0_c2', 'r0_c1', 'r0_c0', 'r0_c1', 'r0_c2', 'r1_c2', 'r2_c2')","('r2_c2->r1_c2', 'r1_c2->r0_c2', 'r0_c2->r0_c1', 'r0_c1->r0_c0', 'r0_c0->r0_c1', 'r0_c1->r0_c2', 'r0_c2->r1_c2', 'r1_c2->r2_c2')",462.0,optimal_mapf_coordinator
1820,455.0,robot_1,wait,,(),(),455.25,optimal_mapf_coordinator
1821,455.0,robot_2,wait,,(),(),455.25,optimal_mapf_coordinator
1822,455.0,robot_3,wait,,(),(),455.25,optimal_mapf_coordinator
1823,455.0,robot_4,continue_current_plan,task_13,"('r2_c2', 'r1_c2', 'r0_c2', 'r0_c1', 'r0_c0', 'r0_c1', 'r0_c2', 'r1_c2', 'r2_c2')","('r2_c2->r1_c2', 'r1_c2->r0_c2', 'r0_c2->r0_c1', 'r0_c1->r0_c0', 'r0_c0->r0_c1', 'r0_c1->r0_c2', 'r0_c2->r1_c2', 'r1_c2->r2_c2')",462.0,optimal_mapf_coordinator
1824,456.0,robot_1,wait,,(),(),456.25,optimal_mapf_coordinator
1825,456.0,robot_2,wait,,(),(),456.25,optimal_mapf_coordinator
1826,456.0,robot_3,wait,,(),(),456.25,optimal_mapf_coordinator
1827,456.0,robot_4,continue_current_plan,task_13,"('r2_c2', 'r1_c2', 'r0_c2', 'r0_c1', 'r0_c0', 'r0_c1', 'r0_c2', 'r1_c2', 'r2_c2')","('r2_c2->r1_c2', 'r1_c2->r0_c2', 'r0_c2->r0_c1', 'r0_c1->r0_c0', 'r0_c0->r0_c1', 'r0_c1->r0_c2', 'r0_c2->r1_c2', 'r1_c2->r2_c2')",462.0,optimal_mapf_coordinator
1828,457.0,robot_1,wait,,(),(),457.25,optimal_mapf_coordinator
1829,457.0,robot_2,wait,,(),(),457.25,optimal_mapf_coordinator
1830,457.0,robot_3,wait,,(),(),457.25,optimal_mapf_coordinator
1831,457.0,robot_4,continue_current_plan,task_13,"('r2_c2', 'r1_c2', 'r0_c2', 'r0_c1', 'r0_c0', 'r0_c1', 'r0_c2', 'r1_c2', 'r2_c2')","('r2_c2->r1_c2', 'r1_c2->r0_c2', 'r0_c2->r0_c1', 'r0_c1->r0_c0', 'r0_c0->r0_c1', 'r0_c1->r0_c2', 'r0_c2->r1_c2', 'r1_c2->r2_c2')",462.0,optimal_mapf_coordinator
1832,458.0,robot_1,wait,,(),(),458.25,optimal_mapf_coordinator
1833,458.0,robot_2,wait,,(),(),458.25,optimal_mapf_coordinator
1834,458.0,robot_3,wait,,(),(),458.25,optimal_mapf_coordinator
1835,458.0,robot_4,continue_current_plan,task_13,"('r2_c2', 'r1_c2', 'r0_c2', 'r0_c1', 'r0_c0', 'r0_c1', 'r0_c2', 'r1_c2', 'r2_c2')","('r2_c2->r1_c2', 'r1_c2->r0_c2', 'r0_c2->r0_c1', 'r0_c1->r0_c0', 'r0_c0->r0_c1', 'r0_c1->r0_c2', 'r0_c2->r1_c2', 'r1_c2->r2_c2')",462.0,optimal_mapf_coordinator
1836,459.0,robot_1,wait,,(),(),459.25,optimal_mapf_coordinator
1837,459.0,robot_2,wait,,(),(),459.25,optimal_mapf_coordinator
1838,459.0,robot_3,wait,,(),(),459.25,optimal_mapf_coordinator
1839,459.0,robot_4,continue_current_plan,task_13,"('r2_c2', 'r1_c2', 'r0_c2', 'r0_c1', 'r0_c0', 'r0_c1', 'r0_c2', 'r1_c2', 'r2_c2')","('r2_c2->r1_c2', 'r1_c2->r0_c2', 'r0_c2->r0_c1', 'r0_c1->r0_c0', 'r0_c0->r0_c1', 'r0_c1->r0_c2', 'r0_c2->r1_c2', 'r1_c2->r2_c2')",462.0,optimal_mapf_coordinator
1840,460.0,robot_1,wait,,(),(),460.25,optimal_mapf_coordinator
1841,460.0,robot_2,wait,,(),(),460.25,optimal_mapf_coordinator
1842,460.0,robot_3,wait,,(),(),460.25,optimal_mapf_coordinator
1843,460.0,robot_4,continue_current_plan,task_13,"('r2_c2', 'r1_c2', 'r0_c2', 'r0_c1', 'r0_c0', 'r0_c1', 'r0_c2', 'r1_c2', 'r2_c2')","('r2_c2->r1_c2', 'r1_c2->r0_c2', 'r0_c2->r0_c1', 'r0_c1->r0_c0', 'r0_c0->r0_c1', 'r0_c1->r0_c2', 'r0_c2->r1_c2', 'r1_c2->r2_c2')",462.0,optimal_mapf_coordinator
1844,461.0,robot_1,wait,,(),(),461.25,optimal_mapf_coordinator
1845,461.0,robot_2,wait,,(),(),461.25,optimal_mapf_coordinator
1846,461.0,robot_3,wait,,(),(),461.25,optimal_mapf_coordinator
1847,461.0,robot_4,continue_current_plan,task_13,"('r2_c2', 'r1_c2', 'r0_c2', 'r0_c1', 'r0_c0', 'r0_c1', 'r0_c2', 'r1_c2', 'r2_c2')","('r2_c2->r1_c2', 'r1_c2->r0_c2', 'r0_c2->r0_c1', 'r0_c1->r0_c0', 'r0_c0->r0_c1', 'r0_c1->r0_c2', 'r0_c2->r1_c2', 'r1_c2->r2_c2')",462.0,optimal_mapf_coordinator
1848,462.0,robot_1,wait,,(),(),462.25,optimal_mapf_coordinator
1849,462.0,robot_2,wait,,(),(),462.25,optimal_mapf_coordinator
1850,462.0,robot_3,wait,,(),(),462.25,optimal_mapf_coordinator
1851,462.0,robot_4,wait,,(),(),462.25,optimal_mapf_coordinator
1852,463.0,robot_1,wait,,(),(),463.25,optimal_mapf_coordinator
1853,463.0,robot_2,wait,,(),(),463.25,optimal_mapf_coordinator
1854,463.0,robot_3,wait,,(),(),463.25,optimal_mapf_coordinator
1855,463.0,robot_4,wait,,(),(),463.25,optimal_mapf_coordinator
1856,464.0,robot_1,wait,,(),(),464.25,optimal_mapf_coordinator
1857,464.0,robot_2,wait,,(),(),464.25,optimal_mapf_coordinator
1858,464.0,robot_3,wait,,(),(),464.25,optimal_mapf_coordinator
1859,464.0,robot_4,wait,,(),(),464.25,optimal_mapf_coordinator
1860,465.0,robot_1,wait,,(),(),465.25,optimal_mapf_coordinator
1861,465.0,robot_2,wait,,(),(),465.25,optimal_mapf_coordinator
1862,465.0,robot_3,wait,,(),(),465.25,optimal_mapf_coordinator
1863,465.0,robot_4,wait,,(),(),465.25,optimal_mapf_coordinator
1864,466.0,robot_1,wait,,(),(),466.25,optimal_mapf_coordinator
1865,466.0,robot_2,wait,,(),(),466.25,optimal_mapf_coordinator
1866,466.0,robot_3,wait,,(),(),466.25,optimal_mapf_coordinator
1867,466.0,robot_4,wait,,(),(),466.25,optimal_mapf_coordinator
1868,467.0,robot_1,wait,,(),(),467.25,optimal_mapf_coordinator
1869,467.0,robot_2,wait,,(),(),467.25,optimal_mapf_coordinator
1870,467.0,robot_3,wait,,(),(),467.25,optimal_mapf_coordinator
1871,467.0,robot_4,wait,,(),(),467.25,optimal_mapf_coordinator
1872,468.0,robot_1,wait,,(),(),468.25,optimal_mapf_coordinator
1873,468.0,robot_2,wait,,(),(),468.25,optimal_mapf_coordinator
1874,468.0,robot_3,wait,,(),(),468.25,optimal_mapf_coordinator
1875,468.0,robot_4,wait,,(),(),468.25,optimal_mapf_coordinator
1876,469.0,robot_1,wait,,(),(),469.25,optimal_mapf_coordinator
1877,469.0,robot_2,wait,,(),(),469.25,optimal_mapf_coordinator
1878,469.0,robot_3,wait,,(),(),469.25,optimal_mapf_coordinator
1879,469.0,robot_4,wait,,(),(),469.25,optimal_mapf_coordinator
1880,470.0,robot_1,wait,,(),(),470.25,optimal_mapf_coordinator
1881,470.0,robot_2,wait,,(),(),470.25,optimal_mapf_coordinator
1882,470.0,robot_3,wait,,(),(),470.25,optimal_mapf_coordinator
1883,470.0,robot_4,wait,,(),(),470.25,optimal_mapf_coordinator
1884,471.0,robot_1,wait,,(),(),471.25,optimal_mapf_coordinator
1885,471.0,robot_2,wait,,(),(),471.25,optimal_mapf_coordinator
1886,471.0,robot_3,wait,,(),(),471.25,optimal_mapf_coordinator
1887,471.0,robot_4,wait,,(),(),471.25,optimal_mapf_coordinator
1888,472.0,robot_1,wait,,(),(),472.25,optimal_mapf_coordinator
1889,472.0,robot_2,wait,,(),(),472.25,optimal_mapf_coordinator
1890,472.0,robot_3,wait,,(),(),472.25,optimal_mapf_coordinator
1891,472.0,robot_4,wait,,(),(),472.25,optimal_mapf_coordinator
1892,473.0,robot_1,wait,,(),(),473.25,optimal_mapf_coordinator
1893,473.0,robot_2,wait,,(),(),473.25,optimal_mapf_coordinator
1894,473.0,robot_3,wait,,(),(),473.25,optimal_mapf_coordinator
1895,473.0,robot_4,task_route,task_14,"('r2_c2', 'r1_c2', 'r0_c2', 'r0_c1', 'r0_c0', 'r0_c1', 'r0_c2', 'r1_c2', 'r2_c2')","('r2_c2->r1_c2', 'r1_c2->r0_c2', 'r0_c2->r0_c1', 'r0_c1->r0_c0', 'r0_c0->r0_c1', 'r0_c1->r0_c2', 'r0_c2->r1_c2', 'r1_c2->r2_c2')",8.0,optimal_mapf_coordinator
1896,474.0,robot_1,wait,,(),(),474.25,optimal_mapf_coordinator
1897,474.0,robot_2,wait,,(),(),474.25,optimal_mapf_coordinator
1898,474.0,robot_3,wait,,(),(),474.25,optimal_mapf_coordinator
1899,474.0,robot_4,continue_current_plan,task_14,"('r2_c2', 'r1_c2', 'r0_c2', 'r0_c1', 'r0_c0', 'r0_c1', 'r0_c2', 'r1_c2', 'r2_c2')","('r2_c2->r1_c2', 'r1_c2->r0_c2', 'r0_c2->r0_c1', 'r0_c1->r0_c0', 'r0_c0->r0_c1', 'r0_c1->r0_c2', 'r0_c2->r1_c2', 'r1_c2->r2_c2')",496.0,optimal_mapf_coordinator
1900,475.0,robot_1,wait,,(),(),475.25,optimal_mapf_coordinator
1901,475.0,robot_2,wait,,(),(),475.25,optimal_mapf_coordinator
1902,475.0,robot_3,wait,,(),(),475.25,optimal_mapf_coordinator
1903,475.0,robot_4,continue_current_plan,task_14,"('r2_c2', 'r1_c2', 'r0_c2', 'r0_c1', 'r0_c0', 'r0_c1', 'r0_c2', 'r1_c2', 'r2_c2')","('r2_c2->r1_c2', 'r1_c2->r0_c2', 'r0_c2->r0_c1', 'r0_c1->r0_c0', 'r0_c0->r0_c1', 'r0_c1->r0_c2', 'r0_c2->r1_c2', 'r1_c2->r2_c2')",496.0,optimal_mapf_coordinator
1904,476.0,robot_1,wait,,(),(),476.25,optimal_mapf_coordinator
1905,476.0,robot_2,wait,,(),(),476.25,optimal_mapf_coordinator
1906,476.0,robot_3,wait,,(),(),476.25,optimal_mapf_coordinator
1907,476.0,robot_4,continue_current_plan,task_14,"('r2_c2', 'r1_c2', 'r0_c2', 'r0_c1', 'r0_c0', 'r0_c1', 'r0_c2', 'r1_c2', 'r2_c2')","('r2_c2->r1_c2', 'r1_c2->r0_c2', 'r0_c2->r0_c1', 'r0_c1->r0_c0', 'r0_c0->r0_c1', 'r0_c1->r0_c2', 'r0_c2->r1_c2', 'r1_c2->r2_c2')",496.0,optimal_mapf_coordinator
1908,477.0,robot_1,wait,,(),(),477.25,optimal_mapf_coordinator
1909,477.0,robot_2,wait,,(),(),477.25,optimal_mapf_coordinator
1910,477.0,robot_3,wait,,(),(),477.25,optimal_mapf_coordinator
1911,477.0,robot_4,continue_current_plan,task_14,"('r2_c2', 'r1_c2', 'r0_c2', 'r0_c1', 'r0_c0', 'r0_c1', 'r0_c2', 'r1_c2', 'r2_c2')","('r2_c2->r1_c2', 'r1_c2->r0_c2', 'r0_c2->r0_c1', 'r0_c1->r0_c0', 'r0_c0->r0_c1', 'r0_c1->r0_c2', 'r0_c2->r1_c2', 'r1_c2->r2_c2')",496.0,optimal_mapf_coordinator
1912,478.0,robot_1,wait,,(),(),478.25,optimal_mapf_coordinator
1913,478.0,robot_2,wait,,(),(),478.25,optimal_mapf_coordinator
1914,478.0,robot_3,wait,,(),(),478.25,optimal_mapf_coordinator
1915,478.0,robot_4,continue_current_plan,task_14,"('r2_c2', 'r1_c2', 'r0_c2', 'r0_c1', 'r0_c0', 'r0_c1', 'r0_c2', 'r1_c2', 'r2_c2')","('r2_c2->r1_c2', 'r1_c2->r0_c2', 'r0_c2->r0_c1', 'r0_c1->r0_c0', 'r0_c0->r0_c1', 'r0_c1->r0_c2', 'r0_c2->r1_c2', 'r1_c2->r2_c2')",496.0,optimal_mapf_coordinator
1916,479.0,robot_1,wait,,(),(),479.25,optimal_mapf_coordinator
1917,479.0,robot_2,wait,,(),(),479.25,optimal_mapf_coordinator
1918,479.0,robot_3,wait,,(),(),479.25,optimal_mapf_coordinator
1919,479.0,robot_4,continue_current_plan,task_14,"('r2_c2', 'r1_c2', 'r0_c2', 'r0_c1', 'r0_c0', 'r0_c1', 'r0_c2', 'r1_c2', 'r2_c2')","('r2_c2->r1_c2', 'r1_c2->r0_c2', 'r0_c2->r0_c1', 'r0_c1->r0_c0', 'r0_c0->r0_c1', 'r0_c1->r0_c2', 'r0_c2->r1_c2', 'r1_c2->r2_c2')",496.0,optimal_mapf_coordinator
1920,480.0,robot_1,wait,,(),(),480.25,optimal_mapf_coordinator
1921,480.0,robot_2,wait,,(),(),480.25,optimal_mapf_coordinator
1922,480.0,robot_3,wait,,(),(),480.25,optimal_mapf_coordinator
1923,480.0,robot_4,continue_current_plan,task_14,"('r2_c2', 'r1_c2', 'r0_c2', 'r0_c1', 'r0_c0', 'r0_c1', 'r0_c2', 'r1_c2', 'r2_c2')","('r2_c2->r1_c2', 'r1_c2->r0_c2', 'r0_c2->r0_c1', 'r0_c1->r0_c0', 'r0_c0->r0_c1', 'r0_c1->r0_c2', 'r0_c2->r1_c2', 'r1_c2->r2_c2')",496.0,optimal_mapf_coordinator
1924,481.0,robot_1,wait,,(),(),481.25,optimal_mapf_coordinator
1925,481.0,robot_2,wait,,(),(),481.25,optimal_mapf_coordinator
1926,481.0,robot_3,wait,,(),(),481.25,optimal_mapf_coordinator
1927,481.0,robot_4,continue_current_plan,task_14,"('r2_c2', 'r1_c2', 'r0_c2', 'r0_c1', 'r0_c0', 'r0_c1', 'r0_c2', 'r1_c2', 'r2_c2')","('r2_c2->r1_c2', 'r1_c2->r0_c2', 'r0_c2->r0_c1', 'r0_c1->r0_c0', 'r0_c0->r0_c1', 'r0_c1->r0_c2', 'r0_c2->r1_c2', 'r1_c2->r2_c2')",496.0,optimal_mapf_coordinator
1928,482.0,robot_1,wait,,(),(),482.25,optimal_mapf_coordinator
1929,482.0,robot_2,wait,,(),(),482.25,optimal_mapf_coordinator
1930,482.0,robot_3,wait,,(),(),482.25,optimal_mapf_coordinator
1931,482.0,robot_4,continue_current_plan,task_14,"('r2_c2', 'r1_c2', 'r0_c2', 'r0_c1', 'r0_c0', 'r0_c1', 'r0_c2', 'r1_c2', 'r2_c2')","('r2_c2->r1_c2', 'r1_c2->r0_c2', 'r0_c2->r0_c1', 'r0_c1->r0_c0', 'r0_c0->r0_c1', 'r0_c1->r0_c2', 'r0_c2->r1_c2', 'r1_c2->r2_c2')",496.0,optimal_mapf_coordinator
1932,483.0,robot_1,wait,,(),(),483.25,optimal_mapf_coordinator
1933,483.0,robot_2,wait,,(),(),483.25,optimal_mapf_coordinator
1934,483.0,robot_3,wait,,(),(),483.25,optimal_mapf_coordinator
1935,483.0,robot_4,continue_current_plan,task_14,"('r2_c2', 'r1_c2', 'r0_c2', 'r0_c1', 'r0_c0', 'r0_c1', 'r0_c2', 'r1_c2', 'r2_c2')","('r2_c2->r1_c2', 'r1_c2->r0_c2', 'r0_c2->r0_c1', 'r0_c1->r0_c0', 'r0_c0->r0_c1', 'r0_c1->r0_c2', 'r0_c2->r1_c2', 'r1_c2->r2_c2')",496.0,optimal_mapf_coordinator
1936,484.0,robot_1,wait,,(),(),484.25,optimal_mapf_coordinator
1937,484.0,robot_2,wait,,(),(),484.25,optimal_mapf_coordinator
1938,484.0,robot_3,wait,,(),(),484.25,optimal_mapf_coordinator
1939,484.0,robot_4,continue_current_plan,task_14,"('r2_c2', 'r1_c2', 'r0_c2', 'r0_c1', 'r0_c0', 'r0_c1', 'r0_c2', 'r1_c2', 'r2_c2')","('r2_c2->r1_c2', 'r1_c2->r0_c2', 'r0_c2->r0_c1', 'r0_c1->r0_c0', 'r0_c0->r0_c1', 'r0_c1->r0_c2', 'r0_c2->r1_c2', 'r1_c2->r2_c2')",496.0,optimal_mapf_coordinator
1940,485.0,robot_1,wait,,(),(),485.25,optimal_mapf_coordinator
1941,485.0,robot_2,wait,,(),(),485.25,optimal_mapf_coordinator
1942,485.0,robot_3,wait,,(),(),485.25,optimal_mapf_coordinator
1943,485.0,robot_4,continue_current_plan,task_14,"('r2_c2', 'r1_c2', 'r0_c2', 'r0_c1', 'r0_c0', 'r0_c1', 'r0_c2', 'r1_c2', 'r2_c2')","('r2_c2->r1_c2', 'r1_c2->r0_c2', 'r0_c2->r0_c1', 'r0_c1->r0_c0', 'r0_c0->r0_c1', 'r0_c1->r0_c2', 'r0_c2->r1_c2', 'r1_c2->r2_c2')",496.0,optimal_mapf_coordinator
1944,486.0,robot_1,wait,,(),(),486.25,optimal_mapf_coordinator
1945,486.0,robot_2,wait,,(),(),486.25,optimal_mapf_coordinator
1946,486.0,robot_3,wait,,(),(),486.25,optimal_mapf_coordinator
1947,486.0,robot_4,continue_current_plan,task_14,"('r2_c2', 'r1_c2', 'r0_c2', 'r0_c1', 'r0_c0', 'r0_c1', 'r0_c2', 'r1_c2', 'r2_c2')","('r2_c2->r1_c2', 'r1_c2->r0_c2', 'r0_c2->r0_c1', 'r0_c1->r0_c0', 'r0_c0->r0_c1', 'r0_c1->r0_c2', 'r0_c2->r1_c2', 'r1_c2->r2_c2')",496.0,optimal_mapf_coordinator
1948,487.0,robot_1,wait,,(),(),487.25,optimal_mapf_coordinator
1949,487.0,robot_2,wait,,(),(),487.25,optimal_mapf_coordinator
1950,487.0,robot_3,wait,,(),(),487.25,optimal_mapf_coordinator
1951,487.0,robot_4,continue_current_plan,task_14,"('r2_c2', 'r1_c2', 'r0_c2', 'r0_c1', 'r0_c0', 'r0_c1', 'r0_c2', 'r1_c2', 'r2_c2')","('r2_c2->r1_c2', 'r1_c2->r0_c2', 'r0_c2->r0_c1', 'r0_c1->r0_c0', 'r0_c0->r0_c1', 'r0_c1->r0_c2', 'r0_c2->r1_c2', 'r1_c2->r2_c2')",496.0,optimal_mapf_coordinator
1952,488.0,robot_1,wait,,(),(),488.25,optimal_mapf_coordinator
1953,488.0,robot_2,wait,,(),(),488.25,optimal_mapf_coordinator
1954,488.0,robot_3,wait,,(),(),488.25,optimal_mapf_coordinator
1955,488.0,robot_4,continue_current_plan,task_14,"('r2_c2', 'r1_c2', 'r0_c2', 'r0_c1', 'r0_c0', 'r0_c1', 'r0_c2', 'r1_c2', 'r2_c2')","('r2_c2->r1_c2', 'r1_c2->r0_c2', 'r0_c2->r0_c1', 'r0_c1->r0_c0', 'r0_c0->r0_c1', 'r0_c1->r0_c2', 'r0_c2->r1_c2', 'r1_c2->r2_c2')",496.0,optimal_mapf_coordinator
1956,489.0,robot_1,wait,,(),(),489.25,optimal_mapf_coordinator
1957,489.0,robot_2,wait,,(),(),489.25,optimal_mapf_coordinator
1958,489.0,robot_3,wait,,(),(),489.25,optimal_mapf_coordinator
1959,489.0,robot_4,continue_current_plan,task_14,"('r2_c2', 'r1_c2', 'r0_c2', 'r0_c1', 'r0_c0', 'r0_c1', 'r0_c2', 'r1_c2', 'r2_c2')","('r2_c2->r1_c2', 'r1_c2->r0_c2', 'r0_c2->r0_c1', 'r0_c1->r0_c0', 'r0_c0->r0_c1', 'r0_c1->r0_c2', 'r0_c2->r1_c2', 'r1_c2->r2_c2')",496.0,optimal_mapf_coordinator
1960,490.0,robot_1,wait,,(),(),490.25,optimal_mapf_coordinator
1961,490.0,robot_2,wait,,(),(),490.25,optimal_mapf_coordinator
1962,490.0,robot_3,wait,,(),(),490.25,optimal_mapf_coordinator
1963,490.0,robot_4,continue_current_plan,task_14,"('r2_c2', 'r1_c2', 'r0_c2', 'r0_c1', 'r0_c0', 'r0_c1', 'r0_c2', 'r1_c2', 'r2_c2')","('r2_c2->r1_c2', 'r1_c2->r0_c2', 'r0_c2->r0_c1', 'r0_c1->r0_c0', 'r0_c0->r0_c1', 'r0_c1->r0_c2', 'r0_c2->r1_c2', 'r1_c2->r2_c2')",496.0,optimal_mapf_coordinator
1964,491.0,robot_1,wait,,(),(),491.25,optimal_mapf_coordinator
1965,491.0,robot_2,wait,,(),(),491.25,optimal_mapf_coordinator
1966,491.0,robot_3,wait,,(),(),491.25,optimal_mapf_coordinator
1967,491.0,robot_4,continue_current_plan,task_14,"('r2_c2', 'r1_c2', 'r0_c2', 'r0_c1', 'r0_c0', 'r0_c1', 'r0_c2', 'r1_c2', 'r2_c2')","('r2_c2->r1_c2', 'r1_c2->r0_c2', 'r0_c2->r0_c1', 'r0_c1->r0_c0', 'r0_c0->r0_c1', 'r0_c1->r0_c2', 'r0_c2->r1_c2', 'r1_c2->r2_c2')",496.0,optimal_mapf_coordinator
1968,492.0,robot_1,wait,,(),(),492.25,optimal_mapf_coordinator
1969,492.0,robot_2,wait,,(),(),492.25,optimal_mapf_coordinator
1970,492.0,robot_3,wait,,(),(),492.25,optimal_mapf_coordinator
1971,492.0,robot_4,continue_current_plan,task_14,"('r2_c2', 'r1_c2', 'r0_c2', 'r0_c1', 'r0_c0', 'r0_c1', 'r0_c2', 'r1_c2', 'r2_c2')","('r2_c2->r1_c2', 'r1_c2->r0_c2', 'r0_c2->r0_c1', 'r0_c1->r0_c0', 'r0_c0->r0_c1', 'r0_c1->r0_c2', 'r0_c2->r1_c2', 'r1_c2->r2_c2')",496.0,optimal_mapf_coordinator
1972,493.0,robot_1,wait,,(),(),493.25,optimal_mapf_coordinator
1973,493.0,robot_2,wait,,(),(),493.25,optimal_mapf_coordinator
1974,493.0,robot_3,wait,,(),(),493.25,optimal_mapf_coordinator
1975,493.0,robot_4,continue_current_plan,task_14,"('r2_c2', 'r1_c2', 'r0_c2', 'r0_c1', 'r0_c0', 'r0_c1', 'r0_c2', 'r1_c2', 'r2_c2')","('r2_c2->r1_c2', 'r1_c2->r0_c2', 'r0_c2->r0_c1', 'r0_c1->r0_c0', 'r0_c0->r0_c1', 'r0_c1->r0_c2', 'r0_c2->r1_c2', 'r1_c2->r2_c2')",496.0,optimal_mapf_coordinator
1976,494.0,robot_1,wait,,(),(),494.25,optimal_mapf_coordinator
1977,494.0,robot_2,wait,,(),(),494.25,optimal_mapf_coordinator
1978,494.0,robot_3,wait,,(),(),494.25,optimal_mapf_coordinator
1979,494.0,robot_4,continue_current_plan,task_14,"('r2_c2', 'r1_c2', 'r0_c2', 'r0_c1', 'r0_c0', 'r0_c1', 'r0_c2', 'r1_c2', 'r2_c2')","('r2_c2->r1_c2', 'r1_c2->r0_c2', 'r0_c2->r0_c1', 'r0_c1->r0_c0', 'r0_c0->r0_c1', 'r0_c1->r0_c2', 'r0_c2->r1_c2', 'r1_c2->r2_c2')",496.0,optimal_mapf_coordinator
1980,495.0,robot_1,wait,,(),(),495.25,optimal_mapf_coordinator
1981,495.0,robot_2,wait,,(),(),495.25,optimal_mapf_coordinator
1982,495.0,robot_3,wait,,(),(),495.25,optimal_mapf_coordinator
1983,495.0,robot_4,continue_current_plan,task_14,"('r2_c2', 'r1_c2', 'r0_c2', 'r0_c1', 'r0_c0', 'r0_c1', 'r0_c2', 'r1_c2', 'r2_c2')","('r2_c2->r1_c2', 'r1_c2->r0_c2', 'r0_c2->r0_c1', 'r0_c1->r0_c0', 'r0_c0->r0_c1', 'r0_c1->r0_c2', 'r0_c2->r1_c2', 'r1_c2->r2_c2')",496.0,optimal_mapf_coordinator
1984,496.0,robot_1,wait,,(),(),496.25,optimal_mapf_coordinator
1985,496.0,robot_2,wait,,(),(),496.25,optimal_mapf_coordinator
1986,496.0,robot_3,wait,,(),(),496.25,optimal_mapf_coordinator
1987,496.0,robot_4,wait,,(),(),496.25,optimal_mapf_coordinator
1988,497.0,robot_1,wait,,(),(),497.25,optimal_mapf_coordinator
1989,497.0,robot_2,wait,,(),(),497.25,optimal_mapf_coordinator
1990,497.0,robot_3,wait,,(),(),497.25,optimal_mapf_coordinator
1991,497.0,robot_4,wait,,(),(),497.25,optimal_mapf_coordinator
1992,498.0,robot_1,wait,,(),(),498.25,optimal_mapf_coordinator
1993,498.0,robot_2,wait,,(),(),498.25,optimal_mapf_coordinator
1994,498.0,robot_3,wait,,(),(),498.25,optimal_mapf_coordinator
1995,498.0,robot_4,wait,,(),(),498.25,optimal_mapf_coordinator
1996,499.0,robot_1,wait,,(),(),499.25,optimal_mapf_coordinator
1997,499.0,robot_2,wait,,(),(),499.25,optimal_mapf_coordinator
1998,499.0,robot_3,wait,,(),(),499.25,optimal_mapf_coordinator
1999,499.0,robot_4,wait,,(),(),499.25,optimal_mapf_coordinator
2000,500.0,robot_1,wait,,(),(),500.25,optimal_mapf_coordinator
2001,500.0,robot_2,wait,,(),(),500.25,optimal_mapf_coordinator
2002,500.0,robot_3,wait,,(),(),500.25,optimal_mapf_coordinator
2003,500.0,robot_4,wait,,(),(),500.25,optimal_mapf_coordinator
2004,501.0,robot_1,wait,,(),(),501.25,optimal_mapf_coordinator
2005,501.0,robot_2,wait,,(),(),501.25,optimal_mapf_coordinator
2006,501.0,robot_3,wait,,(),(),501.25,optimal_mapf_coordinator
2007,501.0,robot_4,wait,,(),(),501.25,optimal_mapf_coordinator
2008,502.0,robot_1,wait,,(),(),502.25,optimal_mapf_coordinator
2009,502.0,robot_2,wait,,(),(),502.25,optimal_mapf_coordinator
2010,502.0,robot_3,wait,,(),(),502.25,optimal_mapf_coordinator
2011,502.0,robot_4,wait,,(),(),502.25,optimal_mapf_coordinator
2012,503.0,robot_1,wait,,(),(),503.25,optimal_mapf_coordinator
2013,503.0,robot_2,wait,,(),(),503.25,optimal_mapf_coordinator
2014,503.0,robot_3,wait,,(),(),503.25,optimal_mapf_coordinator
2015,503.0,robot_4,wait,,(),(),503.25,optimal_mapf_coordinator
2016,504.0,robot_1,wait,,(),(),504.25,optimal_mapf_coordinator
2017,504.0,robot_2,wait,,(),(),504.25,optimal_mapf_coordinator
2018,504.0,robot_3,wait,,(),(),504.25,optimal_mapf_coordinator
2019,504.0,robot_4,wait,,(),(),504.25,optimal_mapf_coordinator
2020,505.0,robot_1,wait,,(),(),505.25,optimal_mapf_coordinator
2021,505.0,robot_2,wait,,(),(),505.25,optimal_mapf_coordinator
2022,505.0,robot_3,wait,,(),(),505.25,optimal_mapf_coordinator
2023,505.0,robot_4,wait,,(),(),505.25,optimal_mapf_coordinator
2024,506.0,robot_1,wait,,(),(),506.25,optimal_mapf_coordinator
2025,506.0,robot_2,wait,,(),(),506.25,optimal_mapf_coordinator
2026,506.0,robot_3,wait,,(),(),506.25,optimal_mapf_coordinator
2027,506.0,robot_4,wait,,(),(),506.25,optimal_mapf_coordinator
2028,507.0,robot_1,wait,,(),(),507.25,optimal_mapf_coordinator
2029,507.0,robot_2,wait,,(),(),507.25,optimal_mapf_coordinator
2030,507.0,robot_3,wait,,(),(),507.25,optimal_mapf_coordinator
2031,507.0,robot_4,wait,,(),(),507.25,optimal_mapf_coordinator
2032,508.0,robot_1,wait,,(),(),508.25,optimal_mapf_coordinator
2033,508.0,robot_2,wait,,(),(),508.25,optimal_mapf_coordinator
2034,508.0,robot_3,wait,,(),(),508.25,optimal_mapf_coordinator
2035,508.0,robot_4,wait,,(),(),508.25,optimal_mapf_coordinator
2036,509.0,robot_1,wait,,(),(),509.25,optimal_mapf_coordinator
2037,509.0,robot_2,wait,,(),(),509.25,optimal_mapf_coordinator
2038,509.0,robot_3,wait,,(),(),509.25,optimal_mapf_coordinator
2039,509.0,robot_4,wait,,(),(),509.25,optimal_mapf_coordinator
2040,510.0,robot_1,wait,,(),(),510.25,optimal_mapf_coordinator
2041,510.0,robot_2,wait,,(),(),510.25,optimal_mapf_coordinator
2042,510.0,robot_3,wait,,(),(),510.25,optimal_mapf_coordinator
2043,510.0,robot_4,wait,,(),(),510.25,optimal_mapf_coordinator
2044,511.0,robot_1,wait,,(),(),511.25,optimal_mapf_coordinator
2045,511.0,robot_2,wait,,(),(),511.25,optimal_mapf_coordinator
2046,511.0,robot_3,wait,,(),(),511.25,optimal_mapf_coordinator
2047,511.0,robot_4,wait,,(),(),511.25,optimal_mapf_coordinator
2048,512.0,robot_1,wait,,(),(),512.25,optimal_mapf_coordinator
2049,512.0,robot_2,wait,,(),(),512.25,optimal_mapf_coordinator
2050,512.0,robot_3,wait,,(),(),512.25,optimal_mapf_coordinator
2051,512.0,robot_4,wait,,(),(),512.25,optimal_mapf_coordinator
2052,513.0,robot_1,wait,,(),(),513.25,optimal_mapf_coordinator
2053,513.0,robot_2,wait,,(),(),513.25,optimal_mapf_coordinator
2054,513.0,robot_3,wait,,(),(),513.25,optimal_mapf_coordinator
2055,513.0,robot_4,wait,,(),(),513.25,optimal_mapf_coordinator
2056,514.0,robot_1,wait,,(),(),514.25,optimal_mapf_coordinator
2057,514.0,robot_2,wait,,(),(),514.25,optimal_mapf_coordinator
2058,514.0,robot_3,wait,,(),(),514.25,optimal_mapf_coordinator
2059,514.0,robot_4,wait,,(),(),514.25,optimal_mapf_coordinator
2060,515.0,robot_1,wait,,(),(),515.25,optimal_mapf_coordinator
2061,515.0,robot_2,wait,,(),(),515.25,optimal_mapf_coordinator
2062,515.0,robot_3,wait,,(),(),515.25,optimal_mapf_coordinator
2063,515.0,robot_4,wait,,(),(),515.25,optimal_mapf_coordinator
2064,516.0,robot_1,wait,,(),(),516.25,optimal_mapf_coordinator
2065,516.0,robot_2,wait,,(),(),516.25,optimal_mapf_coordinator
2066,516.0,robot_3,wait,,(),(),516.25,optimal_mapf_coordinator
2067,516.0,robot_4,wait,,(),(),516.25,optimal_mapf_coordinator
2068,517.0,robot_1,wait,,(),(),517.25,optimal_mapf_coordinator
2069,517.0,robot_2,wait,,(),(),517.25,optimal_mapf_coordinator
2070,517.0,robot_3,wait,,(),(),517.25,optimal_mapf_coordinator
2071,517.0,robot_4,wait,,(),(),517.25,optimal_mapf_coordinator
2072,518.0,robot_1,wait,,(),(),518.25,optimal_mapf_coordinator
2073,518.0,robot_2,wait,,(),(),518.25,optimal_mapf_coordinator
2074,518.0,robot_3,wait,,(),(),518.25,optimal_mapf_coordinator
2075,518.0,robot_4,wait,,(),(),518.25,optimal_mapf_coordinator
2076,519.0,robot_1,wait,,(),(),519.25,optimal_mapf_coordinator
2077,519.0,robot_2,wait,,(),(),519.25,optimal_mapf_coordinator
2078,519.0,robot_3,wait,,(),(),519.25,optimal_mapf_coordinator
2079,519.0,robot_4,wait,,(),(),519.25,optimal_mapf_coordinator
2080,520.0,robot_1,wait,,(),(),520.25,optimal_mapf_coordinator
2081,520.0,robot_2,wait,,(),(),520.25,optimal_mapf_coordinator
2082,520.0,robot_3,wait,,(),(),520.25,optimal_mapf_coordinator
2083,520.0,robot_4,wait,,(),(),520.25,optimal_mapf_coordinator
2084,521.0,robot_1,wait,,(),(),521.25,optimal_mapf_coordinator
2085,521.0,robot_2,wait,,(),(),521.25,optimal_mapf_coordinator
2086,521.0,robot_3,wait,,(),(),521.25,optimal_mapf_coordinator
2087,521.0,robot_4,wait,,(),(),521.25,optimal_mapf_coordinator
2088,522.0,robot_1,wait,,(),(),522.25,optimal_mapf_coordinator
2089,522.0,robot_2,wait,,(),(),522.25,optimal_mapf_coordinator
2090,522.0,robot_3,wait,,(),(),522.25,optimal_mapf_coordinator
2091,522.0,robot_4,wait,,(),(),522.25,optimal_mapf_coordinator
2092,523.0,robot_1,wait,,(),(),523.25,optimal_mapf_coordinator
2093,523.0,robot_2,wait,,(),(),523.25,optimal_mapf_coordinator
2094,523.0,robot_3,wait,,(),(),523.25,optimal_mapf_coordinator
2095,523.0,robot_4,wait,,(),(),523.25,optimal_mapf_coordinator
2096,524.0,robot_1,wait,,(),(),524.25,optimal_mapf_coordinator
2097,524.0,robot_2,wait,,(),(),524.25,optimal_mapf_coordinator
2098,524.0,robot_3,wait,,(),(),524.25,optimal_mapf_coordinator
2099,524.0,robot_4,wait,,(),(),524.25,optimal_mapf_coordinator
2100,525.0,robot_1,wait,,(),(),525.25,optimal_mapf_coordinator
2101,525.0,robot_2,wait,,(),(),525.25,optimal_mapf_coordinator
2102,525.0,robot_3,wait,,(),(),525.25,optimal_mapf_coordinator
2103,525.0,robot_4,wait,,(),(),525.25,optimal_mapf_coordinator
2104,526.0,robot_1,wait,,(),(),526.25,optimal_mapf_coordinator
2105,526.0,robot_2,wait,,(),(),526.25,optimal_mapf_coordinator
2106,526.0,robot_3,wait,,(),(),526.25,optimal_mapf_coordinator
2107,526.0,robot_4,wait,,(),(),526.25,optimal_mapf_coordinator
2108,527.0,robot_1,wait,,(),(),527.25,optimal_mapf_coordinator
2109,527.0,robot_2,wait,,(),(),527.25,optimal_mapf_coordinator
2110,527.0,robot_3,wait,,(),(),527.25,optimal_mapf_coordinator
2111,527.0,robot_4,wait,,(),(),527.25,optimal_mapf_coordinator
2112,528.0,robot_1,wait,,(),(),528.25,optimal_mapf_coordinator
2113,528.0,robot_2,wait,,(),(),528.25,optimal_mapf_coordinator
2114,528.0,robot_3,wait,,(),(),528.25,optimal_mapf_coordinator
2115,528.0,robot_4,wait,,(),(),528.25,optimal_mapf_coordinator
2116,529.0,robot_1,wait,,(),(),529.25,optimal_mapf_coordinator
2117,529.0,robot_2,wait,,(),(),529.25,optimal_mapf_coordinator
2118,529.0,robot_3,wait,,(),(),529.25,optimal_mapf_coordinator
2119,529.0,robot_4,wait,,(),(),529.25,optimal_mapf_coordinator
2120,530.0,robot_1,wait,,(),(),530.25,optimal_mapf_coordinator
2121,530.0,robot_2,wait,,(),(),530.25,optimal_mapf_coordinator
2122,530.0,robot_3,wait,,(),(),530.25,optimal_mapf_coordinator
2123,530.0,robot_4,wait,,(),(),530.25,optimal_mapf_coordinator
2124,531.0,robot_1,wait,,(),(),531.25,optimal_mapf_coordinator
2125,531.0,robot_2,wait,,(),(),531.25,optimal_mapf_coordinator
2126,531.0,robot_3,wait,,(),(),531.25,optimal_mapf_coordinator
2127,531.0,robot_4,wait,,(),(),531.25,optimal_mapf_coordinator
2128,532.0,robot_1,wait,,(),(),532.25,optimal_mapf_coordinator
2129,532.0,robot_2,wait,,(),(),532.25,optimal_mapf_coordinator
2130,532.0,robot_3,wait,,(),(),532.25,optimal_mapf_coordinator
2131,532.0,robot_4,wait,,(),(),532.25,optimal_mapf_coordinator
2132,533.0,robot_1,wait,,(),(),533.25,optimal_mapf_coordinator
2133,533.0,robot_2,wait,,(),(),533.25,optimal_mapf_coordinator
2134,533.0,robot_3,wait,,(),(),533.25,optimal_mapf_coordinator
2135,533.0,robot_4,wait,,(),(),533.25,optimal_mapf_coordinator
2136,534.0,robot_1,wait,,(),(),534.25,optimal_mapf_coordinator
2137,534.0,robot_2,wait,,(),(),534.25,optimal_mapf_coordinator
2138,534.0,robot_3,wait,,(),(),534.25,optimal_mapf_coordinator
2139,534.0,robot_4,wait,,(),(),534.25,optimal_mapf_coordinator
2140,535.0,robot_1,wait,,(),(),535.25,optimal_mapf_coordinator
2141,535.0,robot_2,wait,,(),(),535.25,optimal_mapf_coordinator
2142,535.0,robot_3,wait,,(),(),535.25,optimal_mapf_coordinator
2143,535.0,robot_4,wait,,(),(),535.25,optimal_mapf_coordinator
