decision_index,decision_time,robot_id,macro_type,task_id,route_nodes,route_edges,estimated_completion_time,selected_by_policy
0,0.0,robot_1,wait,,(),(),0.25,prioritized_sipp_coordinator
1,0.0,robot_2,wait,,(),(),0.25,prioritized_sipp_coordinator
2,0.0,robot_3,wait,,(),(),0.25,prioritized_sipp_coordinator
3,1.0,robot_1,wait,,(),(),1.25,prioritized_sipp_coordinator
4,1.0,robot_2,wait,,(),(),1.25,prioritized_sipp_coordinator
5,1.0,robot_3,wait,,(),(),1.25,prioritized_sipp_coordinator
6,2.0,robot_1,wait,,(),(),2.25,prioritized_sipp_coordinator
7,2.0,robot_2,wait,,(),(),2.25,prioritized_sipp_coordinator
8,2.0,robot_3,wait,,(),(),2.25,prioritized_sipp_coordinator
9,3.0,robot_1,wait,,(),(),3.25,prioritized_sipp_coordinator
10,3.0,robot_2,wait,,(),(),3.25,prioritized_sipp_coordinator
11,3.0,robot_3,wait,,(),(),3.25,prioritized_sipp_coordinator
12,4.0,robot_1,wait,,(),(),4.25,prioritized_sipp_coordinator
13,4.0,robot_2,wait,,(),(),4.25,prioritized_sipp_coordinator
14,4.0,robot_3,wait,,(),(),4.25,prioritized_sipp_coordinator
15,5.0,robot_1,wait,,(),(),5.25,prioritized_sipp_coordinator
16,5.0,robot_2,wait,,(),(),5.25,prioritized_sipp_coordinator
17,5.0,robot_3,wait,,(),(),5.25,prioritized_sipp_coordinator
18,6.0,robot_1,wait,,(),(),6.25,prioritized_sipp_coordinator
19,6.0,robot_2,wait,,(),(),6.25,prioritized_sipp_coordinator
20,6.0,robot_3,wait,,(),(),6.25,prioritized_sipp_coordinator
21,7.0,robot_1,wait,,(),(),7.25,prioritized_sipp_coordinator
22,7.0,robot_2,wait,,(),(),7.25,prioritized_sipp_coordinator
23,7.0,robot_3,wait,,(),(),7.25,prioritized_sipp_coordinator
24,8.0,robot_1,wait,,(),(),8.25,prioritized_sipp_coordinator
25,8.0,robot_2,wait,,(),(),8.25,prioritized_sipp_coordinator
26,8.0,robot_3,wait,,(),(),8.25,prioritized_sipp_coordinator
27,9.0,robot_1,wait,,(),(),9.25,prioritized_sipp_coordinator
28,9.0,robot_2,wait,,(),(),9.25,prioritized_sipp_coordinator
29,9.0,robot_3,wait,,(),(),9.25,prioritized_sipp_coordinator
30,10.0,robot_1,wait,,(),(),10.25,prioritized_sipp_coordinator
31,10.0,robot_2,wait,,(),(),10.25,prioritized_sipp_coordinator
32,10.0,robot_3,wait,,(),(),10.25,prioritized_sipp_coordinator
33,11.0,robot_1,task_route,task_1,"('r4_c0', 'r3_c0', 'r2_c0', 'r1_c0', 'r0_c0', 'r0_c1', 'r0_c2', 'r0_c3', 'r0_c4', 'r1_c4', 'r2_c4', 'r3_c4', 'r4_c4')","('r4_c0->r3_c0', 'r3_c0->r2_c0', 'r2_c0->r1_c0', 'r1_c0->r0_c0', 'r0_c0->r0_c1', 'r0_c1->r0_c2', 'r0_c2->r0_c3', 'r0_c3->r0_c4', 'r0_c4->r1_c4', 'r1_c4->r2_c4', 'r2_c4->r3_c4', 'r3_c4->r4_c4')",12.0,prioritized_sipp_coordinator
34,11.0,robot_2,wait,,(),(),11.25,prioritized_sipp_coordinator
35,11.0,robot_3,wait,,(),(),11.25,prioritized_sipp_coordinator
36,12.0,robot_1,continue_current_plan,task_1,"('r4_c0', 'r3_c0', 'r2_c0', 'r1_c0', 'r0_c0', 'r0_c1', 'r0_c2', 'r0_c3', 'r0_c4', 'r1_c4', 'r2_c4', 'r3_c4', 'r4_c4')","('r4_c0->r3_c0', 'r3_c0->r2_c0', 'r2_c0->r1_c0', 'r1_c0->r0_c0', 'r0_c0->r0_c1', 'r0_c1->r0_c2', 'r0_c2->r0_c3', 'r0_c3->r0_c4', 'r0_c4->r1_c4', 'r1_c4->r2_c4', 'r2_c4->r3_c4', 'r3_c4->r4_c4')",43.0,prioritized_sipp_coordinator
37,12.0,robot_2,wait,,(),(),12.25,prioritized_sipp_coordinator
38,12.0,robot_3,wait,,(),(),12.25,prioritized_sipp_coordinator
39,13.0,robot_1,continue_current_plan,task_1,"('r4_c0', 'r3_c0', 'r2_c0', 'r1_c0', 'r0_c0', 'r0_c1', 'r0_c2', 'r0_c3', 'r0_c4', 'r1_c4', 'r2_c4', 'r3_c4', 'r4_c4')","('r4_c0->r3_c0', 'r3_c0->r2_c0', 'r2_c0->r1_c0', 'r1_c0->r0_c0', 'r0_c0->r0_c1', 'r0_c1->r0_c2', 'r0_c2->r0_c3', 'r0_c3->r0_c4', 'r0_c4->r1_c4', 'r1_c4->r2_c4', 'r2_c4->r3_c4', 'r3_c4->r4_c4')",43.0,prioritized_sipp_coordinator
40,13.0,robot_2,wait,,(),(),13.25,prioritized_sipp_coordinator
41,13.0,robot_3,wait,,(),(),13.25,prioritized_sipp_coordinator
42,14.0,robot_1,continue_current_plan,task_1,"('r4_c0', 'r3_c0', 'r2_c0', 'r1_c0', 'r0_c0', 'r0_c1', 'r0_c2', 'r0_c3', 'r0_c4', 'r1_c4', 'r2_c4', 'r3_c4', 'r4_c4')","('r4_c0->r3_c0', 'r3_c0->r2_c0', 'r2_c0->r1_c0', 'r1_c0->r0_c0', 'r0_c0->r0_c1', 'r0_c1->r0_c2', 'r0_c2->r0_c3', 'r0_c3->r0_c4', 'r0_c4->r1_c4', 'r1_c4->r2_c4', 'r2_c4->r3_c4', 'r3_c4->r4_c4')",43.0,prioritized_sipp_coordinator
43,14.0,robot_2,wait,,(),(),14.25,prioritized_sipp_coordinator
44,14.0,robot_3,wait,,(),(),14.25,prioritized_sipp_coordinator
45,15.0,robot_1,continue_current_plan,task_1,"('r4_c0', 'r3_c0', 'r2_c0', 'r1_c0', 'r0_c0', 'r0_c1', 'r0_c2', 'r0_c3', 'r0_c4', 'r1_c4', 'r2_c4', 'r3_c4', 'r4_c4')","('r4_c0->r3_c0', 'r3_c0->r2_c0', 'r2_c0->r1_c0', 'r1_c0->r0_c0', 'r0_c0->r0_c1', 'r0_c1->r0_c2', 'r0_c2->r0_c3', 'r0_c3->r0_c4', 'r0_c4->r1_c4', 'r1_c4->r2_c4', 'r2_c4->r3_c4', 'r3_c4->r4_c4')",43.0,prioritized_sipp_coordinator
46,15.0,robot_2,wait,,(),(),15.25,prioritized_sipp_coordinator
47,15.0,robot_3,wait,,(),(),15.25,prioritized_sipp_coordinator
48,16.0,robot_1,continue_current_plan,task_1,"('r4_c0', 'r3_c0', 'r2_c0', 'r1_c0', 'r0_c0', 'r0_c1', 'r0_c2', 'r0_c3', 'r0_c4', 'r1_c4', 'r2_c4', 'r3_c4', 'r4_c4')","('r4_c0->r3_c0', 'r3_c0->r2_c0', 'r2_c0->r1_c0', 'r1_c0->r0_c0', 'r0_c0->r0_c1', 'r0_c1->r0_c2', 'r0_c2->r0_c3', 'r0_c3->r0_c4', 'r0_c4->r1_c4', 'r1_c4->r2_c4', 'r2_c4->r3_c4', 'r3_c4->r4_c4')",43.0,prioritized_sipp_coordinator
49,16.0,robot_2,wait,,(),(),16.25,prioritized_sipp_coordinator
50,16.0,robot_3,wait,,(),(),16.25,prioritized_sipp_coordinator
51,17.0,robot_1,continue_current_plan,task_1,"('r4_c0', 'r3_c0', 'r2_c0', 'r1_c0', 'r0_c0', 'r0_c1', 'r0_c2', 'r0_c3', 'r0_c4', 'r1_c4', 'r2_c4', 'r3_c4', 'r4_c4')","('r4_c0->r3_c0', 'r3_c0->r2_c0', 'r2_c0->r1_c0', 'r1_c0->r0_c0', 'r0_c0->r0_c1', 'r0_c1->r0_c2', 'r0_c2->r0_c3', 'r0_c3->r0_c4', 'r0_c4->r1_c4', 'r1_c4->r2_c4', 'r2_c4->r3_c4', 'r3_c4->r4_c4')",43.0,prioritized_sipp_coordinator
52,17.0,robot_2,wait,,(),(),17.25,prioritized_sipp_coordinator
53,17.0,robot_3,wait,,(),(),17.25,prioritized_sipp_coordinator
54,18.0,robot_1,continue_current_plan,task_1,"('r4_c0', 'r3_c0', 'r2_c0', 'r1_c0', 'r0_c0', 'r0_c1', 'r0_c2', 'r0_c3', 'r0_c4', 'r1_c4', 'r2_c4', 'r3_c4', 'r4_c4')","('r4_c0->r3_c0', 'r3_c0->r2_c0', 'r2_c0->r1_c0', 'r1_c0->r0_c0', 'r0_c0->r0_c1', 'r0_c1->r0_c2', 'r0_c2->r0_c3', 'r0_c3->r0_c4', 'r0_c4->r1_c4', 'r1_c4->r2_c4', 'r2_c4->r3_c4', 'r3_c4->r4_c4')",43.0,prioritized_sipp_coordinator
55,18.0,robot_2,wait,,(),(),18.25,prioritized_sipp_coordinator
56,18.0,robot_3,wait,,(),(),18.25,prioritized_sipp_coordinator
57,19.0,robot_1,continue_current_plan,task_1,"('r4_c0', 'r3_c0', 'r2_c0', 'r1_c0', 'r0_c0', 'r0_c1', 'r0_c2', 'r0_c3', 'r0_c4', 'r1_c4', 'r2_c4', 'r3_c4', 'r4_c4')","('r4_c0->r3_c0', 'r3_c0->r2_c0', 'r2_c0->r1_c0', 'r1_c0->r0_c0', 'r0_c0->r0_c1', 'r0_c1->r0_c2', 'r0_c2->r0_c3', 'r0_c3->r0_c4', 'r0_c4->r1_c4', 'r1_c4->r2_c4', 'r2_c4->r3_c4', 'r3_c4->r4_c4')",43.0,prioritized_sipp_coordinator
58,19.0,robot_2,task_route,task_2,"('r4_c0', 'r3_c0', 'r2_c0', 'r1_c0', 'r0_c0', 'r0_c1', 'r0_c2', 'r0_c3', 'r0_c4', 'r1_c4', 'r2_c4', 'r3_c4', 'r4_c4')","('r4_c0->r3_c0', 'r3_c0->r2_c0', 'r2_c0->r1_c0', 'r1_c0->r0_c0', 'r0_c0->r0_c1', 'r0_c1->r0_c2', 'r0_c2->r0_c3', 'r0_c3->r0_c4', 'r0_c4->r1_c4', 'r1_c4->r2_c4', 'r2_c4->r3_c4', 'r3_c4->r4_c4')",12.0,prioritized_sipp_coordinator
59,19.0,robot_3,wait,,(),(),19.25,prioritized_sipp_coordinator
60,20.0,robot_1,continue_current_plan,task_1,"('r4_c0', 'r3_c0', 'r2_c0', 'r1_c0', 'r0_c0', 'r0_c1', 'r0_c2', 'r0_c3', 'r0_c4', 'r1_c4', 'r2_c4', 'r3_c4', 'r4_c4')","('r4_c0->r3_c0', 'r3_c0->r2_c0', 'r2_c0->r1_c0', 'r1_c0->r0_c0', 'r0_c0->r0_c1', 'r0_c1->r0_c2', 'r0_c2->r0_c3', 'r0_c3->r0_c4', 'r0_c4->r1_c4', 'r1_c4->r2_c4', 'r2_c4->r3_c4', 'r3_c4->r4_c4')",43.0,prioritized_sipp_coordinator
61,20.0,robot_2,continue_current_plan,task_2,"('r4_c0', 'r3_c0', 'r2_c0', 'r1_c0', 'r0_c0', 'r0_c1', 'r0_c2', 'r0_c3', 'r0_c4', 'r1_c4', 'r2_c4', 'r3_c4', 'r4_c4')","('r4_c0->r3_c0', 'r3_c0->r2_c0', 'r2_c0->r1_c0', 'r1_c0->r0_c0', 'r0_c0->r0_c1', 'r0_c1->r0_c2', 'r0_c2->r0_c3', 'r0_c3->r0_c4', 'r0_c4->r1_c4', 'r1_c4->r2_c4', 'r2_c4->r3_c4', 'r3_c4->r4_c4')",51.0,prioritized_sipp_coordinator
62,20.0,robot_3,wait,,(),(),20.25,prioritized_sipp_coordinator
63,21.0,robot_1,continue_current_plan,task_1,"('r4_c0', 'r3_c0', 'r2_c0', 'r1_c0', 'r0_c0', 'r0_c1', 'r0_c2', 'r0_c3', 'r0_c4', 'r1_c4', 'r2_c4', 'r3_c4', 'r4_c4')","('r4_c0->r3_c0', 'r3_c0->r2_c0', 'r2_c0->r1_c0', 'r1_c0->r0_c0', 'r0_c0->r0_c1', 'r0_c1->r0_c2', 'r0_c2->r0_c3', 'r0_c3->r0_c4', 'r0_c4->r1_c4', 'r1_c4->r2_c4', 'r2_c4->r3_c4', 'r3_c4->r4_c4')",43.0,prioritized_sipp_coordinator
64,21.0,robot_2,continue_current_plan,task_2,"('r4_c0', 'r3_c0', 'r2_c0', 'r1_c0', 'r0_c0', 'r0_c1', 'r0_c2', 'r0_c3', 'r0_c4', 'r1_c4', 'r2_c4', 'r3_c4', 'r4_c4')","('r4_c0->r3_c0', 'r3_c0->r2_c0', 'r2_c0->r1_c0', 'r1_c0->r0_c0', 'r0_c0->r0_c1', 'r0_c1->r0_c2', 'r0_c2->r0_c3', 'r0_c3->r0_c4', 'r0_c4->r1_c4', 'r1_c4->r2_c4', 'r2_c4->r3_c4', 'r3_c4->r4_c4')",51.0,prioritized_sipp_coordinator
65,21.0,robot_3,wait,,(),(),21.25,prioritized_sipp_coordinator
66,22.0,robot_1,continue_current_plan,task_1,"('r4_c0', 'r3_c0', 'r2_c0', 'r1_c0', 'r0_c0', 'r0_c1', 'r0_c2', 'r0_c3', 'r0_c4', 'r1_c4', 'r2_c4', 'r3_c4', 'r4_c4')","('r4_c0->r3_c0', 'r3_c0->r2_c0', 'r2_c0->r1_c0', 'r1_c0->r0_c0', 'r0_c0->r0_c1', 'r0_c1->r0_c2', 'r0_c2->r0_c3', 'r0_c3->r0_c4', 'r0_c4->r1_c4', 'r1_c4->r2_c4', 'r2_c4->r3_c4', 'r3_c4->r4_c4')",43.0,prioritized_sipp_coordinator
67,22.0,robot_2,continue_current_plan,task_2,"('r4_c0', 'r3_c0', 'r2_c0', 'r1_c0', 'r0_c0', 'r0_c1', 'r0_c2', 'r0_c3', 'r0_c4', 'r1_c4', 'r2_c4', 'r3_c4', 'r4_c4')","('r4_c0->r3_c0', 'r3_c0->r2_c0', 'r2_c0->r1_c0', 'r1_c0->r0_c0', 'r0_c0->r0_c1', 'r0_c1->r0_c2', 'r0_c2->r0_c3', 'r0_c3->r0_c4', 'r0_c4->r1_c4', 'r1_c4->r2_c4', 'r2_c4->r3_c4', 'r3_c4->r4_c4')",51.0,prioritized_sipp_coordinator
68,22.0,robot_3,wait,,(),(),22.25,prioritized_sipp_coordinator
69,23.0,robot_1,continue_current_plan,task_1,"('r4_c0', 'r3_c0', 'r2_c0', 'r1_c0', 'r0_c0', 'r0_c1', 'r0_c2', 'r0_c3', 'r0_c4', 'r1_c4', 'r2_c4', 'r3_c4', 'r4_c4')","('r4_c0->r3_c0', 'r3_c0->r2_c0', 'r2_c0->r1_c0', 'r1_c0->r0_c0', 'r0_c0->r0_c1', 'r0_c1->r0_c2', 'r0_c2->r0_c3', 'r0_c3->r0_c4', 'r0_c4->r1_c4', 'r1_c4->r2_c4', 'r2_c4->r3_c4', 'r3_c4->r4_c4')",43.0,prioritized_sipp_coordinator
70,23.0,robot_2,continue_current_plan,task_2,"('r4_c0', 'r3_c0', 'r2_c0', 'r1_c0', 'r0_c0', 'r0_c1', 'r0_c2', 'r0_c3', 'r0_c4', 'r1_c4', 'r2_c4', 'r3_c4', 'r4_c4')","('r4_c0->r3_c0', 'r3_c0->r2_c0', 'r2_c0->r1_c0', 'r1_c0->r0_c0', 'r0_c0->r0_c1', 'r0_c1->r0_c2', 'r0_c2->r0_c3', 'r0_c3->r0_c4', 'r0_c4->r1_c4', 'r1_c4->r2_c4', 'r2_c4->r3_c4', 'r3_c4->r4_c4')",51.0,prioritized_sipp_coordinator
71,23.0,robot_3,wait,,(),(),23.25,prioritized_sipp_coordinator
72,24.0,robot_1,continue_current_plan,task_1,"('r4_c0', 'r3_c0', 'r2_c0', 'r1_c0', 'r0_c0', 'r0_c1', 'r0_c2', 'r0_c3', 'r0_c4', 'r1_c4', 'r2_c4', 'r3_c4', 'r4_c4')","('r4_c0->r3_c0', 'r3_c0->r2_c0', 'r2_c0->r1_c0', 'r1_c0->r0_c0', 'r0_c0->r0_c1', 'r0_c1->r0_c2', 'r0_c2->r0_c3', 'r0_c3->r0_c4', 'r0_c4->r1_c4', 'r1_c4->r2_c4', 'r2_c4->r3_c4', 'r3_c4->r4_c4')",43.0,prioritized_sipp_coordinator
73,24.0,robot_2,continue_current_plan,task_2,"('r4_c0', 'r3_c0', 'r2_c0', 'r1_c0', 'r0_c0', 'r0_c1', 'r0_c2', 'r0_c3', 'r0_c4', 'r1_c4', 'r2_c4', 'r3_c4', 'r4_c4')","('r4_c0->r3_c0', 'r3_c0->r2_c0', 'r2_c0->r1_c0', 'r1_c0->r0_c0', 'r0_c0->r0_c1', 'r0_c1->r0_c2', 'r0_c2->r0_c3', 'r0_c3->r0_c4', 'r0_c4->r1_c4', 'r1_c4->r2_c4', 'r2_c4->r3_c4', 'r3_c4->r4_c4')",51.0,prioritized_sipp_coordinator
74,24.0,robot_3,wait,,(),(),24.25,prioritized_sipp_coordinator
75,25.0,robot_1,continue_current_plan,task_1,"('r4_c0', 'r3_c0', 'r2_c0', 'r1_c0', 'r0_c0', 'r0_c1', 'r0_c2', 'r0_c3', 'r0_c4', 'r1_c4', 'r2_c4', 'r3_c4', 'r4_c4')","('r4_c0->r3_c0', 'r3_c0->r2_c0', 'r2_c0->r1_c0', 'r1_c0->r0_c0', 'r0_c0->r0_c1', 'r0_c1->r0_c2', 'r0_c2->r0_c3', 'r0_c3->r0_c4', 'r0_c4->r1_c4', 'r1_c4->r2_c4', 'r2_c4->r3_c4', 'r3_c4->r4_c4')",43.0,prioritized_sipp_coordinator
76,25.0,robot_2,continue_current_plan,task_2,"('r4_c0', 'r3_c0', 'r2_c0', 'r1_c0', 'r0_c0', 'r0_c1', 'r0_c2', 'r0_c3', 'r0_c4', 'r1_c4', 'r2_c4', 'r3_c4', 'r4_c4')","('r4_c0->r3_c0', 'r3_c0->r2_c0', 'r2_c0->r1_c0', 'r1_c0->r0_c0', 'r0_c0->r0_c1', 'r0_c1->r0_c2', 'r0_c2->r0_c3', 'r0_c3->r0_c4', 'r0_c4->r1_c4', 'r1_c4->r2_c4', 'r2_c4->r3_c4', 'r3_c4->r4_c4')",51.0,prioritized_sipp_coordinator
77,25.0,robot_3,wait,,(),(),25.25,prioritized_sipp_coordinator
78,26.0,robot_1,continue_current_plan,task_1,"('r4_c0', 'r3_c0', 'r2_c0', 'r1_c0', 'r0_c0', 'r0_c1', 'r0_c2', 'r0_c3', 'r0_c4', 'r1_c4', 'r2_c4', 'r3_c4', 'r4_c4')","('r4_c0->r3_c0', 'r3_c0->r2_c0', 'r2_c0->r1_c0', 'r1_c0->r0_c0', 'r0_c0->r0_c1', 'r0_c1->r0_c2', 'r0_c2->r0_c3', 'r0_c3->r0_c4', 'r0_c4->r1_c4', 'r1_c4->r2_c4', 'r2_c4->r3_c4', 'r3_c4->r4_c4')",43.0,prioritized_sipp_coordinator
79,26.0,robot_2,continue_current_plan,task_2,"('r4_c0', 'r3_c0', 'r2_c0', 'r1_c0', 'r0_c0', 'r0_c1', 'r0_c2', 'r0_c3', 'r0_c4', 'r1_c4', 'r2_c4', 'r3_c4', 'r4_c4')","('r4_c0->r3_c0', 'r3_c0->r2_c0', 'r2_c0->r1_c0', 'r1_c0->r0_c0', 'r0_c0->r0_c1', 'r0_c1->r0_c2', 'r0_c2->r0_c3', 'r0_c3->r0_c4', 'r0_c4->r1_c4', 'r1_c4->r2_c4', 'r2_c4->r3_c4', 'r3_c4->r4_c4')",51.0,prioritized_sipp_coordinator
80,26.0,robot_3,wait,,(),(),26.25,prioritized_sipp_coordinator
81,27.0,robot_1,continue_current_plan,task_1,"('r4_c0', 'r3_c0', 'r2_c0', 'r1_c0', 'r0_c0', 'r0_c1', 'r0_c2', 'r0_c3', 'r0_c4', 'r1_c4', 'r2_c4', 'r3_c4', 'r4_c4')","('r4_c0->r3_c0', 'r3_c0->r2_c0', 'r2_c0->r1_c0', 'r1_c0->r0_c0', 'r0_c0->r0_c1', 'r0_c1->r0_c2', 'r0_c2->r0_c3', 'r0_c3->r0_c4', 'r0_c4->r1_c4', 'r1_c4->r2_c4', 'r2_c4->r3_c4', 'r3_c4->r4_c4')",43.0,prioritized_sipp_coordinator
82,27.0,robot_2,continue_current_plan,task_2,"('r4_c0', 'r3_c0', 'r2_c0', 'r1_c0', 'r0_c0', 'r0_c1', 'r0_c2', 'r0_c3', 'r0_c4', 'r1_c4', 'r2_c4', 'r3_c4', 'r4_c4')","('r4_c0->r3_c0', 'r3_c0->r2_c0', 'r2_c0->r1_c0', 'r1_c0->r0_c0', 'r0_c0->r0_c1', 'r0_c1->r0_c2', 'r0_c2->r0_c3', 'r0_c3->r0_c4', 'r0_c4->r1_c4', 'r1_c4->r2_c4', 'r2_c4->r3_c4', 'r3_c4->r4_c4')",51.0,prioritized_sipp_coordinator
83,27.0,robot_3,wait,,(),(),27.25,prioritized_sipp_coordinator
84,28.0,robot_1,continue_current_plan,task_1,"('r4_c0', 'r3_c0', 'r2_c0', 'r1_c0', 'r0_c0', 'r0_c1', 'r0_c2', 'r0_c3', 'r0_c4', 'r1_c4', 'r2_c4', 'r3_c4', 'r4_c4')","('r4_c0->r3_c0', 'r3_c0->r2_c0', 'r2_c0->r1_c0', 'r1_c0->r0_c0', 'r0_c0->r0_c1', 'r0_c1->r0_c2', 'r0_c2->r0_c3', 'r0_c3->r0_c4', 'r0_c4->r1_c4', 'r1_c4->r2_c4', 'r2_c4->r3_c4', 'r3_c4->r4_c4')",43.0,prioritized_sipp_coordinator
85,28.0,robot_2,continue_current_plan,task_2,"('r4_c0', 'r3_c0', 'r2_c0', 'r1_c0', 'r0_c0', 'r0_c1', 'r0_c2', 'r0_c3', 'r0_c4', 'r1_c4', 'r2_c4', 'r3_c4', 'r4_c4')","('r4_c0->r3_c0', 'r3_c0->r2_c0', 'r2_c0->r1_c0', 'r1_c0->r0_c0', 'r0_c0->r0_c1', 'r0_c1->r0_c2', 'r0_c2->r0_c3', 'r0_c3->r0_c4', 'r0_c4->r1_c4', 'r1_c4->r2_c4', 'r2_c4->r3_c4', 'r3_c4->r4_c4')",51.0,prioritized_sipp_coordinator
86,28.0,robot_3,wait,,(),(),28.25,prioritized_sipp_coordinator
87,29.0,robot_1,continue_current_plan,task_1,"('r4_c0', 'r3_c0', 'r2_c0', 'r1_c0', 'r0_c0', 'r0_c1', 'r0_c2', 'r0_c3', 'r0_c4', 'r1_c4', 'r2_c4', 'r3_c4', 'r4_c4')","('r4_c0->r3_c0', 'r3_c0->r2_c0', 'r2_c0->r1_c0', 'r1_c0->r0_c0', 'r0_c0->r0_c1', 'r0_c1->r0_c2', 'r0_c2->r0_c3', 'r0_c3->r0_c4', 'r0_c4->r1_c4', 'r1_c4->r2_c4', 'r2_c4->r3_c4', 'r3_c4->r4_c4')",43.0,prioritized_sipp_coordinator
88,29.0,robot_2,continue_current_plan,task_2,"('r4_c0', 'r3_c0', 'r2_c0', 'r1_c0', 'r0_c0', 'r0_c1', 'r0_c2', 'r0_c3', 'r0_c4', 'r1_c4', 'r2_c4', 'r3_c4', 'r4_c4')","('r4_c0->r3_c0', 'r3_c0->r2_c0', 'r2_c0->r1_c0', 'r1_c0->r0_c0', 'r0_c0->r0_c1', 'r0_c1->r0_c2', 'r0_c2->r0_c3', 'r0_c3->r0_c4', 'r0_c4->r1_c4', 'r1_c4->r2_c4', 'r2_c4->r3_c4', 'r3_c4->r4_c4')",51.0,prioritized_sipp_coordinator
89,29.0,robot_3,wait,,(),(),29.25,prioritized_sipp_coordinator
90,30.0,robot_1,continue_current_plan,task_1,"('r4_c0', 'r3_c0', 'r2_c0', 'r1_c0', 'r0_c0', 'r0_c1', 'r0_c2', 'r0_c3', 'r0_c4', 'r1_c4', 'r2_c4', 'r3_c4', 'r4_c4')","('r4_c0->r3_c0', 'r3_c0->r2_c0', 'r2_c0->r1_c0', 'r1_c0->r0_c0', 'r0_c0->r0_c1', 'r0_c1->r0_c2', 'r0_c2->r0_c3', 'r0_c3->r0_c4', 'r0_c4->r1_c4', 'r1_c4->r2_c4', 'r2_c4->r3_c4', 'r3_c4->r4_c4')",43.0,prioritized_sipp_coordinator
91,30.0,robot_2,continue_current_plan,task_2,"('r4_c0', 'r3_c0', 'r2_c0', 'r1_c0', 'r0_c0', 'r0_c1', 'r0_c2', 'r0_c3', 'r0_c4', 'r1_c4', 'r2_c4', 'r3_c4', 'r4_c4')","('r4_c0->r3_c0', 'r3_c0->r2_c0', 'r2_c0->r1_c0', 'r1_c0->r0_c0', 'r0_c0->r0_c1', 'r0_c1->r0_c2', 'r0_c2->r0_c3', 'r0_c3->r0_c4', 'r0_c4->r1_c4', 'r1_c4->r2_c4', 'r2_c4->r3_c4', 'r3_c4->r4_c4')",51.0,prioritized_sipp_coordinator
92,30.0,robot_3,wait,,(),(),30.25,prioritized_sipp_coordinator
93,31.0,robot_1,continue_current_plan,task_1,"('r4_c0', 'r3_c0', 'r2_c0', 'r1_c0', 'r0_c0', 'r0_c1', 'r0_c2', 'r0_c3', 'r0_c4', 'r1_c4', 'r2_c4', 'r3_c4', 'r4_c4')","('r4_c0->r3_c0', 'r3_c0->r2_c0', 'r2_c0->r1_c0', 'r1_c0->r0_c0', 'r0_c0->r0_c1', 'r0_c1->r0_c2', 'r0_c2->r0_c3', 'r0_c3->r0_c4', 'r0_c4->r1_c4', 'r1_c4->r2_c4', 'r2_c4->r3_c4', 'r3_c4->r4_c4')",43.0,prioritized_sipp_coordinator
94,31.0,robot_2,continue_current_plan,task_2,"('r4_c0', 'r3_c0', 'r2_c0', 'r1_c0', 'r0_c0', 'r0_c1', 'r0_c2', 'r0_c3', 'r0_c4', 'r1_c4', 'r2_c4', 'r3_c4', 'r4_c4')","('r4_c0->r3_c0', 'r3_c0->r2_c0', 'r2_c0->r1_c0', 'r1_c0->r0_c0', 'r0_c0->r0_c1', 'r0_c1->r0_c2', 'r0_c2->r0_c3', 'r0_c3->r0_c4', 'r0_c4->r1_c4', 'r1_c4->r2_c4', 'r2_c4->r3_c4', 'r3_c4->r4_c4')",51.0,prioritized_sipp_coordinator
95,31.0,robot_3,wait,,(),(),31.25,prioritized_sipp_coordinator
96,32.0,robot_1,continue_current_plan,task_1,"('r4_c0', 'r3_c0', 'r2_c0', 'r1_c0', 'r0_c0', 'r0_c1', 'r0_c2', 'r0_c3', 'r0_c4', 'r1_c4', 'r2_c4', 'r3_c4', 'r4_c4')","('r4_c0->r3_c0', 'r3_c0->r2_c0', 'r2_c0->r1_c0', 'r1_c0->r0_c0', 'r0_c0->r0_c1', 'r0_c1->r0_c2', 'r0_c2->r0_c3', 'r0_c3->r0_c4', 'r0_c4->r1_c4', 'r1_c4->r2_c4', 'r2_c4->r3_c4', 'r3_c4->r4_c4')",43.0,prioritized_sipp_coordinator
97,32.0,robot_2,continue_current_plan,task_2,"('r4_c0', 'r3_c0', 'r2_c0', 'r1_c0', 'r0_c0', 'r0_c1', 'r0_c2', 'r0_c3', 'r0_c4', 'r1_c4', 'r2_c4', 'r3_c4', 'r4_c4')","('r4_c0->r3_c0', 'r3_c0->r2_c0', 'r2_c0->r1_c0', 'r1_c0->r0_c0', 'r0_c0->r0_c1', 'r0_c1->r0_c2', 'r0_c2->r0_c3', 'r0_c3->r0_c4', 'r0_c4->r1_c4', 'r1_c4->r2_c4', 'r2_c4->r3_c4', 'r3_c4->r4_c4')",51.0,prioritized_sipp_coordinator
98,32.0,robot_3,wait,,(),(),32.25,prioritized_sipp_coordinator
99,33.0,robot_1,continue_current_plan,task_1,"('r4_c0', 'r3_c0', 'r2_c0', 'r1_c0', 'r0_c0', 'r0_c1', 'r0_c2', 'r0_c3', 'r0_c4', 'r1_c4', 'r2_c4', 'r3_c4', 'r4_c4')","('r4_c0->r3_c0', 'r3_c0->r2_c0', 'r2_c0->r1_c0', 'r1_c0->r0_c0', 'r0_c0->r0_c1', 'r0_c1->r0_c2', 'r0_c2->r0_c3', 'r0_c3->r0_c4', 'r0_c4->r1_c4', 'r1_c4->r2_c4', 'r2_c4->r3_c4', 'r3_c4->r4_c4')",43.0,prioritized_sipp_coordinator
100,33.0,robot_2,continue_current_plan,task_2,"('r4_c0', 'r3_c0', 'r2_c0', 'r1_c0', 'r0_c0', 'r0_c1', 'r0_c2', 'r0_c3', 'r0_c4', 'r1_c4', 'r2_c4', 'r3_c4', 'r4_c4')","('r4_c0->r3_c0', 'r3_c0->r2_c0', 'r2_c0->r1_c0', 'r1_c0->r0_c0', 'r0_c0->r0_c1', 'r0_c1->r0_c2', 'r0_c2->r0_c3', 'r0_c3->r0_c4', 'r0_c4->r1_c4', 'r1_c4->r2_c4', 'r2_c4->r3_c4', 'r3_c4->r4_c4')",51.0,prioritized_sipp_coordinator
101,33.0,robot_3,wait,,(),(),33.25,prioritized_sipp_coordinator
102,34.0,robot_1,continue_current_plan,task_1,"('r4_c0', 'r3_c0', 'r2_c0', 'r1_c0', 'r0_c0', 'r0_c1', 'r0_c2', 'r0_c3', 'r0_c4', 'r1_c4', 'r2_c4', 'r3_c4', 'r4_c4')","('r4_c0->r3_c0', 'r3_c0->r2_c0', 'r2_c0->r1_c0', 'r1_c0->r0_c0', 'r0_c0->r0_c1', 'r0_c1->r0_c2', 'r0_c2->r0_c3', 'r0_c3->r0_c4', 'r0_c4->r1_c4', 'r1_c4->r2_c4', 'r2_c4->r3_c4', 'r3_c4->r4_c4')",43.0,prioritized_sipp_coordinator
103,34.0,robot_2,continue_current_plan,task_2,"('r4_c0', 'r3_c0', 'r2_c0', 'r1_c0', 'r0_c0', 'r0_c1', 'r0_c2', 'r0_c3', 'r0_c4', 'r1_c4', 'r2_c4', 'r3_c4', 'r4_c4')","('r4_c0->r3_c0', 'r3_c0->r2_c0', 'r2_c0->r1_c0', 'r1_c0->r0_c0', 'r0_c0->r0_c1', 'r0_c1->r0_c2', 'r0_c2->r0_c3', 'r0_c3->r0_c4', 'r0_c4->r1_c4', 'r1_c4->r2_c4', 'r2_c4->r3_c4', 'r3_c4->r4_c4')",51.0,prioritized_sipp_coordinator
104,34.0,robot_3,wait,,(),(),34.25,prioritized_sipp_coordinator
105,35.0,robot_1,continue_current_plan,task_1,"('r4_c0', 'r3_c0', 'r2_c0', 'r1_c0', 'r0_c0', 'r0_c1', 'r0_c2', 'r0_c3', 'r0_c4', 'r1_c4', 'r2_c4', 'r3_c4', 'r4_c4')","('r4_c0->r3_c0', 'r3_c0->r2_c0', 'r2_c0->r1_c0', 'r1_c0->r0_c0', 'r0_c0->r0_c1', 'r0_c1->r0_c2', 'r0_c2->r0_c3', 'r0_c3->r0_c4', 'r0_c4->r1_c4', 'r1_c4->r2_c4', 'r2_c4->r3_c4', 'r3_c4->r4_c4')",43.0,prioritized_sipp_coordinator
106,35.0,robot_2,continue_current_plan,task_2,"('r4_c0', 'r3_c0', 'r2_c0', 'r1_c0', 'r0_c0', 'r0_c1', 'r0_c2', 'r0_c3', 'r0_c4', 'r1_c4', 'r2_c4', 'r3_c4', 'r4_c4')","('r4_c0->r3_c0', 'r3_c0->r2_c0', 'r2_c0->r1_c0', 'r1_c0->r0_c0', 'r0_c0->r0_c1', 'r0_c1->r0_c2', 'r0_c2->r0_c3', 'r0_c3->r0_c4', 'r0_c4->r1_c4', 'r1_c4->r2_c4', 'r2_c4->r3_c4', 'r3_c4->r4_c4')",51.0,prioritized_sipp_coordinator
107,35.0,robot_3,wait,,(),(),35.25,prioritized_sipp_coordinator
108,36.0,robot_1,continue_current_plan,task_1,"('r4_c0', 'r3_c0', 'r2_c0', 'r1_c0', 'r0_c0', 'r0_c1', 'r0_c2', 'r0_c3', 'r0_c4', 'r1_c4', 'r2_c4', 'r3_c4', 'r4_c4')","('r4_c0->r3_c0', 'r3_c0->r2_c0', 'r2_c0->r1_c0', 'r1_c0->r0_c0', 'r0_c0->r0_c1', 'r0_c1->r0_c2', 'r0_c2->r0_c3', 'r0_c3->r0_c4', 'r0_c4->r1_c4', 'r1_c4->r2_c4', 'r2_c4->r3_c4', 'r3_c4->r4_c4')",43.0,prioritized_sipp_coordinator
109,36.0,robot_2,continue_current_plan,task_2,"('r4_c0', 'r3_c0', 'r2_c0', 'r1_c0', 'r0_c0', 'r0_c1', 'r0_c2', 'r0_c3', 'r0_c4', 'r1_c4', 'r2_c4', 'r3_c4', 'r4_c4')","('r4_c0->r3_c0', 'r3_c0->r2_c0', 'r2_c0->r1_c0', 'r1_c0->r0_c0', 'r0_c0->r0_c1', 'r0_c1->r0_c2', 'r0_c2->r0_c3', 'r0_c3->r0_c4', 'r0_c4->r1_c4', 'r1_c4->r2_c4', 'r2_c4->r3_c4', 'r3_c4->r4_c4')",51.0,prioritized_sipp_coordinator
110,36.0,robot_3,wait,,(),(),36.25,prioritized_sipp_coordinator
111,37.0,robot_1,continue_current_plan,task_1,"('r4_c0', 'r3_c0', 'r2_c0', 'r1_c0', 'r0_c0', 'r0_c1', 'r0_c2', 'r0_c3', 'r0_c4', 'r1_c4', 'r2_c4', 'r3_c4', 'r4_c4')","('r4_c0->r3_c0', 'r3_c0->r2_c0', 'r2_c0->r1_c0', 'r1_c0->r0_c0', 'r0_c0->r0_c1', 'r0_c1->r0_c2', 'r0_c2->r0_c3', 'r0_c3->r0_c4', 'r0_c4->r1_c4', 'r1_c4->r2_c4', 'r2_c4->r3_c4', 'r3_c4->r4_c4')",43.0,prioritized_sipp_coordinator
112,37.0,robot_2,continue_current_plan,task_2,"('r4_c0', 'r3_c0', 'r2_c0', 'r1_c0', 'r0_c0', 'r0_c1', 'r0_c2', 'r0_c3', 'r0_c4', 'r1_c4', 'r2_c4', 'r3_c4', 'r4_c4')","('r4_c0->r3_c0', 'r3_c0->r2_c0', 'r2_c0->r1_c0', 'r1_c0->r0_c0', 'r0_c0->r0_c1', 'r0_c1->r0_c2', 'r0_c2->r0_c3', 'r0_c3->r0_c4', 'r0_c4->r1_c4', 'r1_c4->r2_c4', 'r2_c4->r3_c4', 'r3_c4->r4_c4')",51.0,prioritized_sipp_coordinator
113,37.0,robot_3,wait,,(),(),37.25,prioritized_sipp_coordinator
114,38.0,robot_1,continue_current_plan,task_1,"('r4_c0', 'r3_c0', 'r2_c0', 'r1_c0', 'r0_c0', 'r0_c1', 'r0_c2', 'r0_c3', 'r0_c4', 'r1_c4', 'r2_c4', 'r3_c4', 'r4_c4')","('r4_c0->r3_c0', 'r3_c0->r2_c0', 'r2_c0->r1_c0', 'r1_c0->r0_c0', 'r0_c0->r0_c1', 'r0_c1->r0_c2', 'r0_c2->r0_c3', 'r0_c3->r0_c4', 'r0_c4->r1_c4', 'r1_c4->r2_c4', 'r2_c4->r3_c4', 'r3_c4->r4_c4')",43.0,prioritized_sipp_coordinator
115,38.0,robot_2,continue_current_plan,task_2,"('r4_c0', 'r3_c0', 'r2_c0', 'r1_c0', 'r0_c0', 'r0_c1', 'r0_c2', 'r0_c3', 'r0_c4', 'r1_c4', 'r2_c4', 'r3_c4', 'r4_c4')","('r4_c0->r3_c0', 'r3_c0->r2_c0', 'r2_c0->r1_c0', 'r1_c0->r0_c0', 'r0_c0->r0_c1', 'r0_c1->r0_c2', 'r0_c2->r0_c3', 'r0_c3->r0_c4', 'r0_c4->r1_c4', 'r1_c4->r2_c4', 'r2_c4->r3_c4', 'r3_c4->r4_c4')",51.0,prioritized_sipp_coordinator
116,38.0,robot_3,wait,,(),(),38.25,prioritized_sipp_coordinator
117,39.0,robot_1,continue_current_plan,task_1,"('r4_c0', 'r3_c0', 'r2_c0', 'r1_c0', 'r0_c0', 'r0_c1', 'r0_c2', 'r0_c3', 'r0_c4', 'r1_c4', 'r2_c4', 'r3_c4', 'r4_c4')","('r4_c0->r3_c0', 'r3_c0->r2_c0', 'r2_c0->r1_c0', 'r1_c0->r0_c0', 'r0_c0->r0_c1', 'r0_c1->r0_c2', 'r0_c2->r0_c3', 'r0_c3->r0_c4', 'r0_c4->r1_c4', 'r1_c4->r2_c4', 'r2_c4->r3_c4', 'r3_c4->r4_c4')",43.0,prioritized_sipp_coordinator
118,39.0,robot_2,continue_current_plan,task_2,"('r4_c0', 'r3_c0', 'r2_c0', 'r1_c0', 'r0_c0', 'r0_c1', 'r0_c2', 'r0_c3', 'r0_c4', 'r1_c4', 'r2_c4', 'r3_c4', 'r4_c4')","('r4_c0->r3_c0', 'r3_c0->r2_c0', 'r2_c0->r1_c0', 'r1_c0->r0_c0', 'r0_c0->r0_c1', 'r0_c1->r0_c2', 'r0_c2->r0_c3', 'r0_c3->r0_c4', 'r0_c4->r1_c4', 'r1_c4->r2_c4', 'r2_c4->r3_c4', 'r3_c4->r4_c4')",51.0,prioritized_sipp_coordinator
119,39.0,robot_3,wait,,(),(),39.25,prioritized_sipp_coordinator
120,40.0,robot_1,continue_current_plan,task_1,"('r4_c0', 'r3_c0', 'r2_c0', 'r1_c0', 'r0_c0', 'r0_c1', 'r0_c2', 'r0_c3', 'r0_c4', 'r1_c4', 'r2_c4', 'r3_c4', 'r4_c4')","('r4_c0->r3_c0', 'r3_c0->r2_c0', 'r2_c0->r1_c0', 'r1_c0->r0_c0', 'r0_c0->r0_c1', 'r0_c1->r0_c2', 'r0_c2->r0_c3', 'r0_c3->r0_c4', 'r0_c4->r1_c4', 'r1_c4->r2_c4', 'r2_c4->r3_c4', 'r3_c4->r4_c4')",43.0,prioritized_sipp_coordinator
121,40.0,robot_2,continue_current_plan,task_2,"('r4_c0', 'r3_c0', 'r2_c0', 'r1_c0', 'r0_c0', 'r0_c1', 'r0_c2', 'r0_c3', 'r0_c4', 'r1_c4', 'r2_c4', 'r3_c4', 'r4_c4')","('r4_c0->r3_c0', 'r3_c0->r2_c0', 'r2_c0->r1_c0', 'r1_c0->r0_c0', 'r0_c0->r0_c1', 'r0_c1->r0_c2', 'r0_c2->r0_c3', 'r0_c3->r0_c4', 'r0_c4->r1_c4', 'r1_c4->r2_c4', 'r2_c4->r3_c4', 'r3_c4->r4_c4')",51.0,prioritized_sipp_coordinator
122,40.0,robot_3,wait,,(),(),40.25,prioritized_sipp_coordinator
123,41.0,robot_1,continue_current_plan,task_1,"('r4_c0', 'r3_c0', 'r2_c0', 'r1_c0', 'r0_c0', 'r0_c1', 'r0_c2', 'r0_c3', 'r0_c4', 'r1_c4', 'r2_c4', 'r3_c4', 'r4_c4')","('r4_c0->r3_c0', 'r3_c0->r2_c0', 'r2_c0->r1_c0', 'r1_c0->r0_c0', 'r0_c0->r0_c1', 'r0_c1->r0_c2', 'r0_c2->r0_c3', 'r0_c3->r0_c4', 'r0_c4->r1_c4', 'r1_c4->r2_c4', 'r2_c4->r3_c4', 'r3_c4->r4_c4')",43.0,prioritized_sipp_coordinator
124,41.0,robot_2,continue_current_plan,task_2,"('r4_c0', 'r3_c0', 'r2_c0', 'r1_c0', 'r0_c0', 'r0_c1', 'r0_c2', 'r0_c3', 'r0_c4', 'r1_c4', 'r2_c4', 'r3_c4', 'r4_c4')","('r4_c0->r3_c0', 'r3_c0->r2_c0', 'r2_c0->r1_c0', 'r1_c0->r0_c0', 'r0_c0->r0_c1', 'r0_c1->r0_c2', 'r0_c2->r0_c3', 'r0_c3->r0_c4', 'r0_c4->r1_c4', 'r1_c4->r2_c4', 'r2_c4->r3_c4', 'r3_c4->r4_c4')",51.0,prioritized_sipp_coordinator
125,41.0,robot_3,wait,,(),(),41.25,prioritized_sipp_coordinator
126,42.0,robot_1,continue_current_plan,task_1,"('r4_c0', 'r3_c0', 'r2_c0', 'r1_c0', 'r0_c0', 'r0_c1', 'r0_c2', 'r0_c3', 'r0_c4', 'r1_c4', 'r2_c4', 'r3_c4', 'r4_c4')","('r4_c0->r3_c0', 'r3_c0->r2_c0', 'r2_c0->r1_c0', 'r1_c0->r0_c0', 'r0_c0->r0_c1', 'r0_c1->r0_c2', 'r0_c2->r0_c3', 'r0_c3->r0_c4', 'r0_c4->r1_c4', 'r1_c4->r2_c4', 'r2_c4->r3_c4', 'r3_c4->r4_c4')",43.0,prioritized_sipp_coordinator
127,42.0,robot_2,continue_current_plan,task_2,"('r4_c0', 'r3_c0', 'r2_c0', 'r1_c0', 'r0_c0', 'r0_c1', 'r0_c2', 'r0_c3', 'r0_c4', 'r1_c4', 'r2_c4', 'r3_c4', 'r4_c4')","('r4_c0->r3_c0', 'r3_c0->r2_c0', 'r2_c0->r1_c0', 'r1_c0->r0_c0', 'r0_c0->r0_c1', 'r0_c1->r0_c2', 'r0_c2->r0_c3', 'r0_c3->r0_c4', 'r0_c4->r1_c4', 'r1_c4->r2_c4', 'r2_c4->r3_c4', 'r3_c4->r4_c4')",51.0,prioritized_sipp_coordinator
128,42.0,robot_3,wait,,(),(),42.25,prioritized_sipp_coordinator
129,43.0,robot_1,wait,,(),(),43.25,prioritized_sipp_coordinator
130,43.0,robot_2,continue_current_plan,task_2,"('r4_c0', 'r3_c0', 'r2_c0', 'r1_c0', 'r0_c0', 'r0_c1', 'r0_c2', 'r0_c3', 'r0_c4', 'r1_c4', 'r2_c4', 'r3_c4', 'r4_c4')","('r4_c0->r3_c0', 'r3_c0->r2_c0', 'r2_c0->r1_c0', 'r1_c0->r0_c0', 'r0_c0->r0_c1', 'r0_c1->r0_c2', 'r0_c2->r0_c3', 'r0_c3->r0_c4', 'r0_c4->r1_c4', 'r1_c4->r2_c4', 'r2_c4->r3_c4', 'r3_c4->r4_c4')",51.0,prioritized_sipp_coordinator
131,43.0,robot_3,wait,,(),(),43.25,prioritized_sipp_coordinator
132,44.0,robot_1,wait,,(),(),44.25,prioritized_sipp_coordinator
133,44.0,robot_2,continue_current_plan,task_2,"('r4_c0', 'r3_c0', 'r2_c0', 'r1_c0', 'r0_c0', 'r0_c1', 'r0_c2', 'r0_c3', 'r0_c4', 'r1_c4', 'r2_c4', 'r3_c4', 'r4_c4')","('r4_c0->r3_c0', 'r3_c0->r2_c0', 'r2_c0->r1_c0', 'r1_c0->r0_c0', 'r0_c0->r0_c1', 'r0_c1->r0_c2', 'r0_c2->r0_c3', 'r0_c3->r0_c4', 'r0_c4->r1_c4', 'r1_c4->r2_c4', 'r2_c4->r3_c4', 'r3_c4->r4_c4')",51.0,prioritized_sipp_coordinator
134,44.0,robot_3,wait,,(),(),44.25,prioritized_sipp_coordinator
135,45.0,robot_1,wait,,(),(),45.25,prioritized_sipp_coordinator
136,45.0,robot_2,continue_current_plan,task_2,"('r4_c0', 'r3_c0', 'r2_c0', 'r1_c0', 'r0_c0', 'r0_c1', 'r0_c2', 'r0_c3', 'r0_c4', 'r1_c4', 'r2_c4', 'r3_c4', 'r4_c4')","('r4_c0->r3_c0', 'r3_c0->r2_c0', 'r2_c0->r1_c0', 'r1_c0->r0_c0', 'r0_c0->r0_c1', 'r0_c1->r0_c2', 'r0_c2->r0_c3', 'r0_c3->r0_c4', 'r0_c4->r1_c4', 'r1_c4->r2_c4', 'r2_c4->r3_c4', 'r3_c4->r4_c4')",51.0,prioritized_sipp_coordinator
137,45.0,robot_3,wait,,(),(),45.25,prioritized_sipp_coordinator
138,46.0,robot_1,wait,,(),(),46.25,prioritized_sipp_coordinator
139,46.0,robot_2,continue_current_plan,task_2,"('r4_c0', 'r3_c0', 'r2_c0', 'r1_c0', 'r0_c0', 'r0_c1', 'r0_c2', 'r0_c3', 'r0_c4', 'r1_c4', 'r2_c4', 'r3_c4', 'r4_c4')","('r4_c0->r3_c0', 'r3_c0->r2_c0', 'r2_c0->r1_c0', 'r1_c0->r0_c0', 'r0_c0->r0_c1', 'r0_c1->r0_c2', 'r0_c2->r0_c3', 'r0_c3->r0_c4', 'r0_c4->r1_c4', 'r1_c4->r2_c4', 'r2_c4->r3_c4', 'r3_c4->r4_c4')",51.0,prioritized_sipp_coordinator
140,46.0,robot_3,wait,,(),(),46.25,prioritized_sipp_coordinator
141,47.0,robot_1,wait,,(),(),47.25,prioritized_sipp_coordinator
142,47.0,robot_2,continue_current_plan,task_2,"('r4_c0', 'r3_c0', 'r2_c0', 'r1_c0', 'r0_c0', 'r0_c1', 'r0_c2', 'r0_c3', 'r0_c4', 'r1_c4', 'r2_c4', 'r3_c4', 'r4_c4')","('r4_c0->r3_c0', 'r3_c0->r2_c0', 'r2_c0->r1_c0', 'r1_c0->r0_c0', 'r0_c0->r0_c1', 'r0_c1->r0_c2', 'r0_c2->r0_c3', 'r0_c3->r0_c4', 'r0_c4->r1_c4', 'r1_c4->r2_c4', 'r2_c4->r3_c4', 'r3_c4->r4_c4')",51.0,prioritized_sipp_coordinator
143,47.0,robot_3,wait,,(),(),47.25,prioritized_sipp_coordinator
144,48.0,robot_1,wait,,(),(),48.25,prioritized_sipp_coordinator
145,48.0,robot_2,continue_current_plan,task_2,"('r4_c0', 'r3_c0', 'r2_c0', 'r1_c0', 'r0_c0', 'r0_c1', 'r0_c2', 'r0_c3', 'r0_c4', 'r1_c4', 'r2_c4', 'r3_c4', 'r4_c4')","('r4_c0->r3_c0', 'r3_c0->r2_c0', 'r2_c0->r1_c0', 'r1_c0->r0_c0', 'r0_c0->r0_c1', 'r0_c1->r0_c2', 'r0_c2->r0_c3', 'r0_c3->r0_c4', 'r0_c4->r1_c4', 'r1_c4->r2_c4', 'r2_c4->r3_c4', 'r3_c4->r4_c4')",51.0,prioritized_sipp_coordinator
146,48.0,robot_3,wait,,(),(),48.25,prioritized_sipp_coordinator
147,49.0,robot_1,wait,,(),(),49.25,prioritized_sipp_coordinator
148,49.0,robot_2,continue_current_plan,task_2,"('r4_c0', 'r3_c0', 'r2_c0', 'r1_c0', 'r0_c0', 'r0_c1', 'r0_c2', 'r0_c3', 'r0_c4', 'r1_c4', 'r2_c4', 'r3_c4', 'r4_c4')","('r4_c0->r3_c0', 'r3_c0->r2_c0', 'r2_c0->r1_c0', 'r1_c0->r0_c0', 'r0_c0->r0_c1', 'r0_c1->r0_c2', 'r0_c2->r0_c3', 'r0_c3->r0_c4', 'r0_c4->r1_c4', 'r1_c4->r2_c4', 'r2_c4->r3_c4', 'r3_c4->r4_c4')",51.0,prioritized_sipp_coordinator
149,49.0,robot_3,wait,,(),(),49.25,prioritized_sipp_coordinator
150,50.0,robot_1,wait,,(),(),50.25,prioritized_sipp_coordinator
151,50.0,robot_2,continue_current_plan,task_2,"('r4_c0', 'r3_c0', 'r2_c0', 'r1_c0', 'r0_c0', 'r0_c1', 'r0_c2', 'r0_c3', 'r0_c4', 'r1_c4', 'r2_c4', 'r3_c4', 'r4_c4')","('r4_c0->r3_c0', 'r3_c0->r2_c0', 'r2_c0->r1_c0', 'r1_c0->r0_c0', 'r0_c0->r0_c1', 'r0_c1->r0_c2', 'r0_c2->r0_c3', 'r0_c3->r0_c4', 'r0_c4->r1_c4', 'r1_c4->r2_c4', 'r2_c4->r3_c4', 'r3_c4->r4_c4')",51.0,prioritized_sipp_coordinator
152,50.0,robot_3,wait,,(),(),50.25,prioritized_sipp_coordinator
153,51.0,robot_1,wait,,(),(),51.25,prioritized_sipp_coordinator
154,51.0,robot_2,wait,,(),(),51.25,prioritized_sipp_coordinator
155,51.0,robot_3,wait,,(),(),51.25,prioritized_sipp_coordinator
156,52.0,robot_1,wait,,(),(),52.25,prioritized_sipp_coordinator
157,52.0,robot_2,wait,,(),(),52.25,prioritized_sipp_coordinator
158,52.0,robot_3,wait,,(),(),52.25,prioritized_sipp_coordinator
159,53.0,robot_1,wait,,(),(),53.25,prioritized_sipp_coordinator
160,53.0,robot_2,wait,,(),(),53.25,prioritized_sipp_coordinator
161,53.0,robot_3,wait,,(),(),53.25,prioritized_sipp_coordinator
162,54.0,robot_1,wait,,(),(),54.25,prioritized_sipp_coordinator
163,54.0,robot_2,wait,,(),(),54.25,prioritized_sipp_coordinator
164,54.0,robot_3,wait,,(),(),54.25,prioritized_sipp_coordinator
165,55.0,robot_1,wait,,(),(),55.25,prioritized_sipp_coordinator
166,55.0,robot_2,wait,,(),(),55.25,prioritized_sipp_coordinator
167,55.0,robot_3,wait,,(),(),55.25,prioritized_sipp_coordinator
168,56.0,robot_1,wait,,(),(),56.25,prioritized_sipp_coordinator
169,56.0,robot_2,wait,,(),(),56.25,prioritized_sipp_coordinator
170,56.0,robot_3,wait,,(),(),56.25,prioritized_sipp_coordinator
171,57.0,robot_1,wait,,(),(),57.25,prioritized_sipp_coordinator
172,57.0,robot_2,wait,,(),(),57.25,prioritized_sipp_coordinator
173,57.0,robot_3,wait,,(),(),57.25,prioritized_sipp_coordinator
174,58.0,robot_1,wait,,(),(),58.25,prioritized_sipp_coordinator
175,58.0,robot_2,wait,,(),(),58.25,prioritized_sipp_coordinator
176,58.0,robot_3,wait,,(),(),58.25,prioritized_sipp_coordinator
177,59.0,robot_1,wait,,(),(),59.25,prioritized_sipp_coordinator
178,59.0,robot_2,wait,,(),(),59.25,prioritized_sipp_coordinator
179,59.0,robot_3,wait,,(),(),59.25,prioritized_sipp_coordinator
180,60.0,robot_1,wait,,(),(),60.25,prioritized_sipp_coordinator
181,60.0,robot_2,wait,,(),(),60.25,prioritized_sipp_coordinator
182,60.0,robot_3,wait,,(),(),60.25,prioritized_sipp_coordinator
183,61.0,robot_1,wait,,(),(),61.25,prioritized_sipp_coordinator
184,61.0,robot_2,wait,,(),(),61.25,prioritized_sipp_coordinator
185,61.0,robot_3,wait,,(),(),61.25,prioritized_sipp_coordinator
186,62.0,robot_1,wait,,(),(),62.25,prioritized_sipp_coordinator
187,62.0,robot_2,wait,,(),(),62.25,prioritized_sipp_coordinator
188,62.0,robot_3,wait,,(),(),62.25,prioritized_sipp_coordinator
189,63.0,robot_1,wait,,(),(),63.25,prioritized_sipp_coordinator
190,63.0,robot_2,wait,,(),(),63.25,prioritized_sipp_coordinator
191,63.0,robot_3,wait,,(),(),63.25,prioritized_sipp_coordinator
192,64.0,robot_1,wait,,(),(),64.25,prioritized_sipp_coordinator
193,64.0,robot_2,wait,,(),(),64.25,prioritized_sipp_coordinator
194,64.0,robot_3,wait,,(),(),64.25,prioritized_sipp_coordinator
195,65.0,robot_1,wait,,(),(),65.25,prioritized_sipp_coordinator
196,65.0,robot_2,wait,,(),(),65.25,prioritized_sipp_coordinator
197,65.0,robot_3,wait,,(),(),65.25,prioritized_sipp_coordinator
198,66.0,robot_1,wait,,(),(),66.25,prioritized_sipp_coordinator
199,66.0,robot_2,wait,,(),(),66.25,prioritized_sipp_coordinator
200,66.0,robot_3,wait,,(),(),66.25,prioritized_sipp_coordinator
201,67.0,robot_1,wait,,(),(),67.25,prioritized_sipp_coordinator
202,67.0,robot_2,wait,,(),(),67.25,prioritized_sipp_coordinator
203,67.0,robot_3,wait,,(),(),67.25,prioritized_sipp_coordinator
204,68.0,robot_1,wait,,(),(),68.25,prioritized_sipp_coordinator
205,68.0,robot_2,wait,,(),(),68.25,prioritized_sipp_coordinator
206,68.0,robot_3,wait,,(),(),68.25,prioritized_sipp_coordinator
207,69.0,robot_1,wait,,(),(),69.25,prioritized_sipp_coordinator
208,69.0,robot_2,wait,,(),(),69.25,prioritized_sipp_coordinator
209,69.0,robot_3,wait,,(),(),69.25,prioritized_sipp_coordinator
210,70.0,robot_1,wait,,(),(),70.25,prioritized_sipp_coordinator
211,70.0,robot_2,wait,,(),(),70.25,prioritized_sipp_coordinator
212,70.0,robot_3,wait,,(),(),70.25,prioritized_sipp_coordinator
213,71.0,robot_1,wait,,(),(),71.25,prioritized_sipp_coordinator
214,71.0,robot_2,wait,,(),(),71.25,prioritized_sipp_coordinator
215,71.0,robot_3,wait,,(),(),71.25,prioritized_sipp_coordinator
216,72.0,robot_1,wait,,(),(),72.25,prioritized_sipp_coordinator
217,72.0,robot_2,wait,,(),(),72.25,prioritized_sipp_coordinator
218,72.0,robot_3,wait,,(),(),72.25,prioritized_sipp_coordinator
219,73.0,robot_1,wait,,(),(),73.25,prioritized_sipp_coordinator
220,73.0,robot_2,wait,,(),(),73.25,prioritized_sipp_coordinator
221,73.0,robot_3,wait,,(),(),73.25,prioritized_sipp_coordinator
222,74.0,robot_1,wait,,(),(),74.25,prioritized_sipp_coordinator
223,74.0,robot_2,wait,,(),(),74.25,prioritized_sipp_coordinator
224,74.0,robot_3,wait,,(),(),74.25,prioritized_sipp_coordinator
225,75.0,robot_1,wait,,(),(),75.25,prioritized_sipp_coordinator
226,75.0,robot_2,wait,,(),(),75.25,prioritized_sipp_coordinator
227,75.0,robot_3,wait,,(),(),75.25,prioritized_sipp_coordinator
228,76.0,robot_1,wait,,(),(),76.25,prioritized_sipp_coordinator
229,76.0,robot_2,wait,,(),(),76.25,prioritized_sipp_coordinator
230,76.0,robot_3,wait,,(),(),76.25,prioritized_sipp_coordinator
231,77.0,robot_1,wait,,(),(),77.25,prioritized_sipp_coordinator
232,77.0,robot_2,wait,,(),(),77.25,prioritized_sipp_coordinator
233,77.0,robot_3,wait,,(),(),77.25,prioritized_sipp_coordinator
234,78.0,robot_1,wait,,(),(),78.25,prioritized_sipp_coordinator
235,78.0,robot_2,wait,,(),(),78.25,prioritized_sipp_coordinator
236,78.0,robot_3,wait,,(),(),78.25,prioritized_sipp_coordinator
237,79.0,robot_1,wait,,(),(),79.25,prioritized_sipp_coordinator
238,79.0,robot_2,wait,,(),(),79.25,prioritized_sipp_coordinator
239,79.0,robot_3,wait,,(),(),79.25,prioritized_sipp_coordinator
240,80.0,robot_1,wait,,(),(),80.25,prioritized_sipp_coordinator
241,80.0,robot_2,wait,,(),(),80.25,prioritized_sipp_coordinator
242,80.0,robot_3,wait,,(),(),80.25,prioritized_sipp_coordinator
243,81.0,robot_1,wait,,(),(),81.25,prioritized_sipp_coordinator
244,81.0,robot_2,wait,,(),(),81.25,prioritized_sipp_coordinator
245,81.0,robot_3,wait,,(),(),81.25,prioritized_sipp_coordinator
246,82.0,robot_1,wait,,(),(),82.25,prioritized_sipp_coordinator
247,82.0,robot_2,wait,,(),(),82.25,prioritized_sipp_coordinator
248,82.0,robot_3,wait,,(),(),82.25,prioritized_sipp_coordinator
249,83.0,robot_1,wait,,(),(),83.25,prioritized_sipp_coordinator
250,83.0,robot_2,wait,,(),(),83.25,prioritized_sipp_coordinator
251,83.0,robot_3,wait,,(),(),83.25,prioritized_sipp_coordinator
252,84.0,robot_1,wait,,(),(),84.25,prioritized_sipp_coordinator
253,84.0,robot_2,wait,,(),(),84.25,prioritized_sipp_coordinator
254,84.0,robot_3,wait,,(),(),84.25,prioritized_sipp_coordinator
255,85.0,robot_1,wait,,(),(),85.25,prioritized_sipp_coordinator
256,85.0,robot_2,wait,,(),(),85.25,prioritized_sipp_coordinator
257,85.0,robot_3,wait,,(),(),85.25,prioritized_sipp_coordinator
258,86.0,robot_1,wait,,(),(),86.25,prioritized_sipp_coordinator
259,86.0,robot_2,wait,,(),(),86.25,prioritized_sipp_coordinator
260,86.0,robot_3,wait,,(),(),86.25,prioritized_sipp_coordinator
261,87.0,robot_1,wait,,(),(),87.25,prioritized_sipp_coordinator
262,87.0,robot_2,wait,,(),(),87.25,prioritized_sipp_coordinator
263,87.0,robot_3,wait,,(),(),87.25,prioritized_sipp_coordinator
264,88.0,robot_1,wait,,(),(),88.25,prioritized_sipp_coordinator
265,88.0,robot_2,wait,,(),(),88.25,prioritized_sipp_coordinator
266,88.0,robot_3,wait,,(),(),88.25,prioritized_sipp_coordinator
267,89.0,robot_1,wait,,(),(),89.25,prioritized_sipp_coordinator
268,89.0,robot_2,wait,,(),(),89.25,prioritized_sipp_coordinator
269,89.0,robot_3,wait,,(),(),89.25,prioritized_sipp_coordinator
270,90.0,robot_1,wait,,(),(),90.25,prioritized_sipp_coordinator
271,90.0,robot_2,wait,,(),(),90.25,prioritized_sipp_coordinator
272,90.0,robot_3,wait,,(),(),90.25,prioritized_sipp_coordinator
273,91.0,robot_1,wait,,(),(),91.25,prioritized_sipp_coordinator
274,91.0,robot_2,wait,,(),(),91.25,prioritized_sipp_coordinator
275,91.0,robot_3,wait,,(),(),91.25,prioritized_sipp_coordinator
276,92.0,robot_1,wait,,(),(),92.25,prioritized_sipp_coordinator
277,92.0,robot_2,wait,,(),(),92.25,prioritized_sipp_coordinator
278,92.0,robot_3,wait,,(),(),92.25,prioritized_sipp_coordinator
279,93.0,robot_1,wait,,(),(),93.25,prioritized_sipp_coordinator
280,93.0,robot_2,wait,,(),(),93.25,prioritized_sipp_coordinator
281,93.0,robot_3,wait,,(),(),93.25,prioritized_sipp_coordinator
282,94.0,robot_1,wait,,(),(),94.25,prioritized_sipp_coordinator
283,94.0,robot_2,wait,,(),(),94.25,prioritized_sipp_coordinator
284,94.0,robot_3,wait,,(),(),94.25,prioritized_sipp_coordinator
285,95.0,robot_1,wait,,(),(),95.25,prioritized_sipp_coordinator
286,95.0,robot_2,wait,,(),(),95.25,prioritized_sipp_coordinator
287,95.0,robot_3,wait,,(),(),95.25,prioritized_sipp_coordinator
288,96.0,robot_1,wait,,(),(),96.25,prioritized_sipp_coordinator
289,96.0,robot_2,wait,,(),(),96.25,prioritized_sipp_coordinator
290,96.0,robot_3,wait,,(),(),96.25,prioritized_sipp_coordinator
291,97.0,robot_1,wait,,(),(),97.25,prioritized_sipp_coordinator
292,97.0,robot_2,wait,,(),(),97.25,prioritized_sipp_coordinator
293,97.0,robot_3,wait,,(),(),97.25,prioritized_sipp_coordinator
294,98.0,robot_1,wait,,(),(),98.25,prioritized_sipp_coordinator
295,98.0,robot_2,wait,,(),(),98.25,prioritized_sipp_coordinator
296,98.0,robot_3,wait,,(),(),98.25,prioritized_sipp_coordinator
297,99.0,robot_1,wait,,(),(),99.25,prioritized_sipp_coordinator
298,99.0,robot_2,wait,,(),(),99.25,prioritized_sipp_coordinator
299,99.0,robot_3,wait,,(),(),99.25,prioritized_sipp_coordinator
300,100.0,robot_1,wait,,(),(),100.25,prioritized_sipp_coordinator
301,100.0,robot_2,wait,,(),(),100.25,prioritized_sipp_coordinator
302,100.0,robot_3,wait,,(),(),100.25,prioritized_sipp_coordinator
303,101.0,robot_1,wait,,(),(),101.25,prioritized_sipp_coordinator
304,101.0,robot_2,wait,,(),(),101.25,prioritized_sipp_coordinator
305,101.0,robot_3,wait,,(),(),101.25,prioritized_sipp_coordinator
306,102.0,robot_1,wait,,(),(),102.25,prioritized_sipp_coordinator
307,102.0,robot_2,wait,,(),(),102.25,prioritized_sipp_coordinator
308,102.0,robot_3,wait,,(),(),102.25,prioritized_sipp_coordinator
309,103.0,robot_1,wait,,(),(),103.25,prioritized_sipp_coordinator
310,103.0,robot_2,wait,,(),(),103.25,prioritized_sipp_coordinator
311,103.0,robot_3,wait,,(),(),103.25,prioritized_sipp_coordinator
312,104.0,robot_1,wait,,(),(),104.25,prioritized_sipp_coordinator
313,104.0,robot_2,wait,,(),(),104.25,prioritized_sipp_coordinator
314,104.0,robot_3,wait,,(),(),104.25,prioritized_sipp_coordinator
315,105.0,robot_1,wait,,(),(),105.25,prioritized_sipp_coordinator
316,105.0,robot_2,wait,,(),(),105.25,prioritized_sipp_coordinator
317,105.0,robot_3,wait,,(),(),105.25,prioritized_sipp_coordinator
318,106.0,robot_1,wait,,(),(),106.25,prioritized_sipp_coordinator
319,106.0,robot_2,wait,,(),(),106.25,prioritized_sipp_coordinator
320,106.0,robot_3,wait,,(),(),106.25,prioritized_sipp_coordinator
321,107.0,robot_1,wait,,(),(),107.25,prioritized_sipp_coordinator
322,107.0,robot_2,wait,,(),(),107.25,prioritized_sipp_coordinator
323,107.0,robot_3,wait,,(),(),107.25,prioritized_sipp_coordinator
324,108.0,robot_1,wait,,(),(),108.25,prioritized_sipp_coordinator
325,108.0,robot_2,wait,,(),(),108.25,prioritized_sipp_coordinator
326,108.0,robot_3,wait,,(),(),108.25,prioritized_sipp_coordinator
327,109.0,robot_1,wait,,(),(),109.25,prioritized_sipp_coordinator
328,109.0,robot_2,wait,,(),(),109.25,prioritized_sipp_coordinator
329,109.0,robot_3,wait,,(),(),109.25,prioritized_sipp_coordinator
330,110.0,robot_1,wait,,(),(),110.25,prioritized_sipp_coordinator
331,110.0,robot_2,wait,,(),(),110.25,prioritized_sipp_coordinator
332,110.0,robot_3,wait,,(),(),110.25,prioritized_sipp_coordinator
333,111.0,robot_1,wait,,(),(),111.25,prioritized_sipp_coordinator
334,111.0,robot_2,wait,,(),(),111.25,prioritized_sipp_coordinator
335,111.0,robot_3,wait,,(),(),111.25,prioritized_sipp_coordinator
336,112.0,robot_1,wait,,(),(),112.25,prioritized_sipp_coordinator
337,112.0,robot_2,wait,,(),(),112.25,prioritized_sipp_coordinator
338,112.0,robot_3,wait,,(),(),112.25,prioritized_sipp_coordinator
339,113.0,robot_1,wait,,(),(),113.25,prioritized_sipp_coordinator
340,113.0,robot_2,wait,,(),(),113.25,prioritized_sipp_coordinator
341,113.0,robot_3,wait,,(),(),113.25,prioritized_sipp_coordinator
342,114.0,robot_1,wait,,(),(),114.25,prioritized_sipp_coordinator
343,114.0,robot_2,wait,,(),(),114.25,prioritized_sipp_coordinator
344,114.0,robot_3,wait,,(),(),114.25,prioritized_sipp_coordinator
345,115.0,robot_1,wait,,(),(),115.25,prioritized_sipp_coordinator
346,115.0,robot_2,wait,,(),(),115.25,prioritized_sipp_coordinator
347,115.0,robot_3,wait,,(),(),115.25,prioritized_sipp_coordinator
348,116.0,robot_1,wait,,(),(),116.25,prioritized_sipp_coordinator
349,116.0,robot_2,wait,,(),(),116.25,prioritized_sipp_coordinator
350,116.0,robot_3,wait,,(),(),116.25,prioritized_sipp_coordinator
351,117.0,robot_1,wait,,(),(),117.25,prioritized_sipp_coordinator
352,117.0,robot_2,wait,,(),(),117.25,prioritized_sipp_coordinator
353,117.0,robot_3,wait,,(),(),117.25,prioritized_sipp_coordinator
354,118.0,robot_1,wait,,(),(),118.25,prioritized_sipp_coordinator
355,118.0,robot_2,wait,,(),(),118.25,prioritized_sipp_coordinator
356,118.0,robot_3,wait,,(),(),118.25,prioritized_sipp_coordinator
357,119.0,robot_1,wait,,(),(),119.25,prioritized_sipp_coordinator
358,119.0,robot_2,wait,,(),(),119.25,prioritized_sipp_coordinator
359,119.0,robot_3,wait,,(),(),119.25,prioritized_sipp_coordinator
360,120.0,robot_1,wait,,(),(),120.25,prioritized_sipp_coordinator
361,120.0,robot_2,wait,,(),(),120.25,prioritized_sipp_coordinator
362,120.0,robot_3,wait,,(),(),120.25,prioritized_sipp_coordinator
363,121.0,robot_1,wait,,(),(),121.25,prioritized_sipp_coordinator
364,121.0,robot_2,wait,,(),(),121.25,prioritized_sipp_coordinator
365,121.0,robot_3,wait,,(),(),121.25,prioritized_sipp_coordinator
366,122.0,robot_1,wait,,(),(),122.25,prioritized_sipp_coordinator
367,122.0,robot_2,wait,,(),(),122.25,prioritized_sipp_coordinator
368,122.0,robot_3,wait,,(),(),122.25,prioritized_sipp_coordinator
369,123.0,robot_1,wait,,(),(),123.25,prioritized_sipp_coordinator
370,123.0,robot_2,wait,,(),(),123.25,prioritized_sipp_coordinator
371,123.0,robot_3,wait,,(),(),123.25,prioritized_sipp_coordinator
372,124.0,robot_1,wait,,(),(),124.25,prioritized_sipp_coordinator
373,124.0,robot_2,wait,,(),(),124.25,prioritized_sipp_coordinator
374,124.0,robot_3,wait,,(),(),124.25,prioritized_sipp_coordinator
375,125.0,robot_1,wait,,(),(),125.25,prioritized_sipp_coordinator
376,125.0,robot_2,wait,,(),(),125.25,prioritized_sipp_coordinator
377,125.0,robot_3,wait,,(),(),125.25,prioritized_sipp_coordinator
378,126.0,robot_1,wait,,(),(),126.25,prioritized_sipp_coordinator
379,126.0,robot_2,wait,,(),(),126.25,prioritized_sipp_coordinator
380,126.0,robot_3,wait,,(),(),126.25,prioritized_sipp_coordinator
381,127.0,robot_1,wait,,(),(),127.25,prioritized_sipp_coordinator
382,127.0,robot_2,wait,,(),(),127.25,prioritized_sipp_coordinator
383,127.0,robot_3,wait,,(),(),127.25,prioritized_sipp_coordinator
384,128.0,robot_1,wait,,(),(),128.25,prioritized_sipp_coordinator
385,128.0,robot_2,wait,,(),(),128.25,prioritized_sipp_coordinator
386,128.0,robot_3,wait,,(),(),128.25,prioritized_sipp_coordinator
387,129.0,robot_1,wait,,(),(),129.25,prioritized_sipp_coordinator
388,129.0,robot_2,wait,,(),(),129.25,prioritized_sipp_coordinator
389,129.0,robot_3,wait,,(),(),129.25,prioritized_sipp_coordinator
390,130.0,robot_1,wait,,(),(),130.25,prioritized_sipp_coordinator
391,130.0,robot_2,wait,,(),(),130.25,prioritized_sipp_coordinator
392,130.0,robot_3,wait,,(),(),130.25,prioritized_sipp_coordinator
393,131.0,robot_1,wait,,(),(),131.25,prioritized_sipp_coordinator
394,131.0,robot_2,wait,,(),(),131.25,prioritized_sipp_coordinator
395,131.0,robot_3,wait,,(),(),131.25,prioritized_sipp_coordinator
396,132.0,robot_1,wait,,(),(),132.25,prioritized_sipp_coordinator
397,132.0,robot_2,wait,,(),(),132.25,prioritized_sipp_coordinator
398,132.0,robot_3,wait,,(),(),132.25,prioritized_sipp_coordinator
399,133.0,robot_1,wait,,(),(),133.25,prioritized_sipp_coordinator
400,133.0,robot_2,wait,,(),(),133.25,prioritized_sipp_coordinator
401,133.0,robot_3,wait,,(),(),133.25,prioritized_sipp_coordinator
402,134.0,robot_1,wait,,(),(),134.25,prioritized_sipp_coordinator
403,134.0,robot_2,wait,,(),(),134.25,prioritized_sipp_coordinator
404,134.0,robot_3,wait,,(),(),134.25,prioritized_sipp_coordinator
405,135.0,robot_1,wait,,(),(),135.25,prioritized_sipp_coordinator
406,135.0,robot_2,wait,,(),(),135.25,prioritized_sipp_coordinator
407,135.0,robot_3,wait,,(),(),135.25,prioritized_sipp_coordinator
408,136.0,robot_1,wait,,(),(),136.25,prioritized_sipp_coordinator
409,136.0,robot_2,wait,,(),(),136.25,prioritized_sipp_coordinator
410,136.0,robot_3,wait,,(),(),136.25,prioritized_sipp_coordinator
411,137.0,robot_1,wait,,(),(),137.25,prioritized_sipp_coordinator
412,137.0,robot_2,wait,,(),(),137.25,prioritized_sipp_coordinator
413,137.0,robot_3,wait,,(),(),137.25,prioritized_sipp_coordinator
414,138.0,robot_1,wait,,(),(),138.25,prioritized_sipp_coordinator
415,138.0,robot_2,wait,,(),(),138.25,prioritized_sipp_coordinator
416,138.0,robot_3,wait,,(),(),138.25,prioritized_sipp_coordinator
417,139.0,robot_1,wait,,(),(),139.25,prioritized_sipp_coordinator
418,139.0,robot_2,wait,,(),(),139.25,prioritized_sipp_coordinator
419,139.0,robot_3,wait,,(),(),139.25,prioritized_sipp_coordinator
420,140.0,robot_1,wait,,(),(),140.25,prioritized_sipp_coordinator
421,140.0,robot_2,wait,,(),(),140.25,prioritized_sipp_coordinator
422,140.0,robot_3,wait,,(),(),140.25,prioritized_sipp_coordinator
423,141.0,robot_1,wait,,(),(),141.25,prioritized_sipp_coordinator
424,141.0,robot_2,wait,,(),(),141.25,prioritized_sipp_coordinator
425,141.0,robot_3,wait,,(),(),141.25,prioritized_sipp_coordinator
426,142.0,robot_1,wait,,(),(),142.25,prioritized_sipp_coordinator
427,142.0,robot_2,wait,,(),(),142.25,prioritized_sipp_coordinator
428,142.0,robot_3,wait,,(),(),142.25,prioritized_sipp_coordinator
429,143.0,robot_1,wait,,(),(),143.25,prioritized_sipp_coordinator
430,143.0,robot_2,wait,,(),(),143.25,prioritized_sipp_coordinator
431,143.0,robot_3,wait,,(),(),143.25,prioritized_sipp_coordinator
432,144.0,robot_1,wait,,(),(),144.25,prioritized_sipp_coordinator
433,144.0,robot_2,wait,,(),(),144.25,prioritized_sipp_coordinator
434,144.0,robot_3,wait,,(),(),144.25,prioritized_sipp_coordinator
435,145.0,robot_1,wait,,(),(),145.25,prioritized_sipp_coordinator
436,145.0,robot_2,wait,,(),(),145.25,prioritized_sipp_coordinator
437,145.0,robot_3,wait,,(),(),145.25,prioritized_sipp_coordinator
438,146.0,robot_1,wait,,(),(),146.25,prioritized_sipp_coordinator
439,146.0,robot_2,wait,,(),(),146.25,prioritized_sipp_coordinator
440,146.0,robot_3,wait,,(),(),146.25,prioritized_sipp_coordinator
441,147.0,robot_1,wait,,(),(),147.25,prioritized_sipp_coordinator
442,147.0,robot_2,wait,,(),(),147.25,prioritized_sipp_coordinator
443,147.0,robot_3,wait,,(),(),147.25,prioritized_sipp_coordinator
444,148.0,robot_1,wait,,(),(),148.25,prioritized_sipp_coordinator
445,148.0,robot_2,wait,,(),(),148.25,prioritized_sipp_coordinator
446,148.0,robot_3,wait,,(),(),148.25,prioritized_sipp_coordinator
447,149.0,robot_1,wait,,(),(),149.25,prioritized_sipp_coordinator
448,149.0,robot_2,wait,,(),(),149.25,prioritized_sipp_coordinator
449,149.0,robot_3,wait,,(),(),149.25,prioritized_sipp_coordinator
450,150.0,robot_1,wait,,(),(),150.25,prioritized_sipp_coordinator
451,150.0,robot_2,wait,,(),(),150.25,prioritized_sipp_coordinator
452,150.0,robot_3,wait,,(),(),150.25,prioritized_sipp_coordinator
453,151.0,robot_1,wait,,(),(),151.25,prioritized_sipp_coordinator
454,151.0,robot_2,wait,,(),(),151.25,prioritized_sipp_coordinator
455,151.0,robot_3,wait,,(),(),151.25,prioritized_sipp_coordinator
456,152.0,robot_1,wait,,(),(),152.25,prioritized_sipp_coordinator
457,152.0,robot_2,wait,,(),(),152.25,prioritized_sipp_coordinator
458,152.0,robot_3,wait,,(),(),152.25,prioritized_sipp_coordinator
459,153.0,robot_1,wait,,(),(),153.25,prioritized_sipp_coordinator
460,153.0,robot_2,wait,,(),(),153.25,prioritized_sipp_coordinator
461,153.0,robot_3,wait,,(),(),153.25,prioritized_sipp_coordinator
462,154.0,robot_1,wait,,(),(),154.25,prioritized_sipp_coordinator
463,154.0,robot_2,wait,,(),(),154.25,prioritized_sipp_coordinator
464,154.0,robot_3,wait,,(),(),154.25,prioritized_sipp_coordinator
465,155.0,robot_1,wait,,(),(),155.25,prioritized_sipp_coordinator
466,155.0,robot_2,wait,,(),(),155.25,prioritized_sipp_coordinator
467,155.0,robot_3,wait,,(),(),155.25,prioritized_sipp_coordinator
468,156.0,robot_1,wait,,(),(),156.25,prioritized_sipp_coordinator
469,156.0,robot_2,wait,,(),(),156.25,prioritized_sipp_coordinator
470,156.0,robot_3,wait,,(),(),156.25,prioritized_sipp_coordinator
471,157.0,robot_1,wait,,(),(),157.25,prioritized_sipp_coordinator
472,157.0,robot_2,wait,,(),(),157.25,prioritized_sipp_coordinator
473,157.0,robot_3,wait,,(),(),157.25,prioritized_sipp_coordinator
474,158.0,robot_1,wait,,(),(),158.25,prioritized_sipp_coordinator
475,158.0,robot_2,wait,,(),(),158.25,prioritized_sipp_coordinator
476,158.0,robot_3,wait,,(),(),158.25,prioritized_sipp_coordinator
477,159.0,robot_1,wait,,(),(),159.25,prioritized_sipp_coordinator
478,159.0,robot_2,wait,,(),(),159.25,prioritized_sipp_coordinator
479,159.0,robot_3,wait,,(),(),159.25,prioritized_sipp_coordinator
480,160.0,robot_1,wait,,(),(),160.25,prioritized_sipp_coordinator
481,160.0,robot_2,wait,,(),(),160.25,prioritized_sipp_coordinator
482,160.0,robot_3,wait,,(),(),160.25,prioritized_sipp_coordinator
483,161.0,robot_1,wait,,(),(),161.25,prioritized_sipp_coordinator
484,161.0,robot_2,wait,,(),(),161.25,prioritized_sipp_coordinator
485,161.0,robot_3,wait,,(),(),161.25,prioritized_sipp_coordinator
486,162.0,robot_1,wait,,(),(),162.25,prioritized_sipp_coordinator
487,162.0,robot_2,wait,,(),(),162.25,prioritized_sipp_coordinator
488,162.0,robot_3,wait,,(),(),162.25,prioritized_sipp_coordinator
489,163.0,robot_1,wait,,(),(),163.25,prioritized_sipp_coordinator
490,163.0,robot_2,wait,,(),(),163.25,prioritized_sipp_coordinator
491,163.0,robot_3,wait,,(),(),163.25,prioritized_sipp_coordinator
492,164.0,robot_1,wait,,(),(),164.25,prioritized_sipp_coordinator
493,164.0,robot_2,wait,,(),(),164.25,prioritized_sipp_coordinator
494,164.0,robot_3,wait,,(),(),164.25,prioritized_sipp_coordinator
495,165.0,robot_1,wait,,(),(),165.25,prioritized_sipp_coordinator
496,165.0,robot_2,wait,,(),(),165.25,prioritized_sipp_coordinator
497,165.0,robot_3,wait,,(),(),165.25,prioritized_sipp_coordinator
498,166.0,robot_1,wait,,(),(),166.25,prioritized_sipp_coordinator
499,166.0,robot_2,wait,,(),(),166.25,prioritized_sipp_coordinator
500,166.0,robot_3,wait,,(),(),166.25,prioritized_sipp_coordinator
501,167.0,robot_1,task_route,task_3,"('r4_c4', 'r3_c4', 'r2_c4', 'r1_c4', 'r0_c4', 'r0_c3', 'r0_c2', 'r0_c1', 'r0_c0', 'r0_c1', 'r0_c2', 'r0_c3', 'r0_c4', 'r1_c4', 'r2_c4', 'r3_c4', 'r4_c4')","('r4_c4->r3_c4', 'r3_c4->r2_c4', 'r2_c4->r1_c4', 'r1_c4->r0_c4', 'r0_c4->r0_c3', 'r0_c3->r0_c2', 'r0_c2->r0_c1', 'r0_c1->r0_c0', 'r0_c0->r0_c1', 'r0_c1->r0_c2', 'r0_c2->r0_c3', 'r0_c3->r0_c4', 'r0_c4->r1_c4', 'r1_c4->r2_c4', 'r2_c4->r3_c4', 'r3_c4->r4_c4')",16.0,prioritized_sipp_coordinator
502,167.0,robot_2,wait,,(),(),167.25,prioritized_sipp_coordinator
503,167.0,robot_3,wait,,(),(),167.25,prioritized_sipp_coordinator
504,168.0,robot_1,continue_current_plan,task_3,"('r4_c4', 'r3_c4', 'r2_c4', 'r1_c4', 'r0_c4', 'r0_c3', 'r0_c2', 'r0_c1', 'r0_c0', 'r0_c1', 'r0_c2', 'r0_c3', 'r0_c4', 'r1_c4', 'r2_c4', 'r3_c4', 'r4_c4')","('r4_c4->r3_c4', 'r3_c4->r2_c4', 'r2_c4->r1_c4', 'r1_c4->r0_c4', 'r0_c4->r0_c3', 'r0_c3->r0_c2', 'r0_c2->r0_c1', 'r0_c1->r0_c0', 'r0_c0->r0_c1', 'r0_c1->r0_c2', 'r0_c2->r0_c3', 'r0_c3->r0_c4', 'r0_c4->r1_c4', 'r1_c4->r2_c4', 'r2_c4->r3_c4', 'r3_c4->r4_c4')",203.0,prioritized_sipp_coordinator
505,168.0,robot_2,wait,,(),(),168.25,prioritized_sipp_coordinator
506,168.0,robot_3,wait,,(),(),168.25,prioritized_sipp_coordinator
507,169.0,robot_1,continue_current_plan,task_3,"('r4_c4', 'r3_c4', 'r2_c4', 'r1_c4', 'r0_c4', 'r0_c3', 'r0_c2', 'r0_c1', 'r0_c0', 'r0_c1', 'r0_c2', 'r0_c3', 'r0_c4', 'r1_c4', 'r2_c4', 'r3_c4', 'r4_c4')","('r4_c4->r3_c4', 'r3_c4->r2_c4', 'r2_c4->r1_c4', 'r1_c4->r0_c4', 'r0_c4->r0_c3', 'r0_c3->r0_c2', 'r0_c2->r0_c1', 'r0_c1->r0_c0', 'r0_c0->r0_c1', 'r0_c1->r0_c2', 'r0_c2->r0_c3', 'r0_c3->r0_c4', 'r0_c4->r1_c4', 'r1_c4->r2_c4', 'r2_c4->r3_c4', 'r3_c4->r4_c4')",203.0,prioritized_sipp_coordinator
508,169.0,robot_2,wait,,(),(),169.25,prioritized_sipp_coordinator
509,169.0,robot_3,wait,,(),(),169.25,prioritized_sipp_coordinator
510,170.0,robot_1,continue_current_plan,task_3,"('r4_c4', 'r3_c4', 'r2_c4', 'r1_c4', 'r0_c4', 'r0_c3', 'r0_c2', 'r0_c1', 'r0_c0', 'r0_c1', 'r0_c2', 'r0_c3', 'r0_c4', 'r1_c4', 'r2_c4', 'r3_c4', 'r4_c4')","('r4_c4->r3_c4', 'r3_c4->r2_c4', 'r2_c4->r1_c4', 'r1_c4->r0_c4', 'r0_c4->r0_c3', 'r0_c3->r0_c2', 'r0_c2->r0_c1', 'r0_c1->r0_c0', 'r0_c0->r0_c1', 'r0_c1->r0_c2', 'r0_c2->r0_c3', 'r0_c3->r0_c4', 'r0_c4->r1_c4', 'r1_c4->r2_c4', 'r2_c4->r3_c4', 'r3_c4->r4_c4')",203.0,prioritized_sipp_coordinator
511,170.0,robot_2,wait,,(),(),170.25,prioritized_sipp_coordinator
512,170.0,robot_3,wait,,(),(),170.25,prioritized_sipp_coordinator
513,171.0,robot_1,continue_current_plan,task_3,"('r4_c4', 'r3_c4', 'r2_c4', 'r1_c4', 'r0_c4', 'r0_c3', 'r0_c2', 'r0_c1', 'r0_c0', 'r0_c1', 'r0_c2', 'r0_c3', 'r0_c4', 'r1_c4', 'r2_c4', 'r3_c4', 'r4_c4')","('r4_c4->r3_c4', 'r3_c4->r2_c4', 'r2_c4->r1_c4', 'r1_c4->r0_c4', 'r0_c4->r0_c3', 'r0_c3->r0_c2', 'r0_c2->r0_c1', 'r0_c1->r0_c0', 'r0_c0->r0_c1', 'r0_c1->r0_c2', 'r0_c2->r0_c3', 'r0_c3->r0_c4', 'r0_c4->r1_c4', 'r1_c4->r2_c4', 'r2_c4->r3_c4', 'r3_c4->r4_c4')",203.0,prioritized_sipp_coordinator
514,171.0,robot_2,wait,,(),(),171.25,prioritized_sipp_coordinator
515,171.0,robot_3,wait,,(),(),171.25,prioritized_sipp_coordinator
516,172.0,robot_1,continue_current_plan,task_3,"('r4_c4', 'r3_c4', 'r2_c4', 'r1_c4', 'r0_c4', 'r0_c3', 'r0_c2', 'r0_c1', 'r0_c0', 'r0_c1', 'r0_c2', 'r0_c3', 'r0_c4', 'r1_c4', 'r2_c4', 'r3_c4', 'r4_c4')","('r4_c4->r3_c4', 'r3_c4->r2_c4', 'r2_c4->r1_c4', 'r1_c4->r0_c4', 'r0_c4->r0_c3', 'r0_c3->r0_c2', 'r0_c2->r0_c1', 'r0_c1->r0_c0', 'r0_c0->r0_c1', 'r0_c1->r0_c2', 'r0_c2->r0_c3', 'r0_c3->r0_c4', 'r0_c4->r1_c4', 'r1_c4->r2_c4', 'r2_c4->r3_c4', 'r3_c4->r4_c4')",203.0,prioritized_sipp_coordinator
517,172.0,robot_2,wait,,(),(),172.25,prioritized_sipp_coordinator
518,172.0,robot_3,wait,,(),(),172.25,prioritized_sipp_coordinator
519,173.0,robot_1,continue_current_plan,task_3,"('r4_c4', 'r3_c4', 'r2_c4', 'r1_c4', 'r0_c4', 'r0_c3', 'r0_c2', 'r0_c1', 'r0_c0', 'r0_c1', 'r0_c2', 'r0_c3', 'r0_c4', 'r1_c4', 'r2_c4', 'r3_c4', 'r4_c4')","('r4_c4->r3_c4', 'r3_c4->r2_c4', 'r2_c4->r1_c4', 'r1_c4->r0_c4', 'r0_c4->r0_c3', 'r0_c3->r0_c2', 'r0_c2->r0_c1', 'r0_c1->r0_c0', 'r0_c0->r0_c1', 'r0_c1->r0_c2', 'r0_c2->r0_c3', 'r0_c3->r0_c4', 'r0_c4->r1_c4', 'r1_c4->r2_c4', 'r2_c4->r3_c4', 'r3_c4->r4_c4')",203.0,prioritized_sipp_coordinator
520,173.0,robot_2,wait,,(),(),173.25,prioritized_sipp_coordinator
521,173.0,robot_3,wait,,(),(),173.25,prioritized_sipp_coordinator
522,174.0,robot_1,continue_current_plan,task_3,"('r4_c4', 'r3_c4', 'r2_c4', 'r1_c4', 'r0_c4', 'r0_c3', 'r0_c2', 'r0_c1', 'r0_c0', 'r0_c1', 'r0_c2', 'r0_c3', 'r0_c4', 'r1_c4', 'r2_c4', 'r3_c4', 'r4_c4')","('r4_c4->r3_c4', 'r3_c4->r2_c4', 'r2_c4->r1_c4', 'r1_c4->r0_c4', 'r0_c4->r0_c3', 'r0_c3->r0_c2', 'r0_c2->r0_c1', 'r0_c1->r0_c0', 'r0_c0->r0_c1', 'r0_c1->r0_c2', 'r0_c2->r0_c3', 'r0_c3->r0_c4', 'r0_c4->r1_c4', 'r1_c4->r2_c4', 'r2_c4->r3_c4', 'r3_c4->r4_c4')",203.0,prioritized_sipp_coordinator
523,174.0,robot_2,wait,,(),(),174.25,prioritized_sipp_coordinator
524,174.0,robot_3,wait,,(),(),174.25,prioritized_sipp_coordinator
525,175.0,robot_1,continue_current_plan,task_3,"('r4_c4', 'r3_c4', 'r2_c4', 'r1_c4', 'r0_c4', 'r0_c3', 'r0_c2', 'r0_c1', 'r0_c0', 'r0_c1', 'r0_c2', 'r0_c3', 'r0_c4', 'r1_c4', 'r2_c4', 'r3_c4', 'r4_c4')","('r4_c4->r3_c4', 'r3_c4->r2_c4', 'r2_c4->r1_c4', 'r1_c4->r0_c4', 'r0_c4->r0_c3', 'r0_c3->r0_c2', 'r0_c2->r0_c1', 'r0_c1->r0_c0', 'r0_c0->r0_c1', 'r0_c1->r0_c2', 'r0_c2->r0_c3', 'r0_c3->r0_c4', 'r0_c4->r1_c4', 'r1_c4->r2_c4', 'r2_c4->r3_c4', 'r3_c4->r4_c4')",203.0,prioritized_sipp_coordinator
526,175.0,robot_2,wait,,(),(),175.25,prioritized_sipp_coordinator
527,175.0,robot_3,wait,,(),(),175.25,prioritized_sipp_coordinator
528,176.0,robot_1,continue_current_plan,task_3,"('r4_c4', 'r3_c4', 'r2_c4', 'r1_c4', 'r0_c4', 'r0_c3', 'r0_c2', 'r0_c1', 'r0_c0', 'r0_c1', 'r0_c2', 'r0_c3', 'r0_c4', 'r1_c4', 'r2_c4', 'r3_c4', 'r4_c4')","('r4_c4->r3_c4', 'r3_c4->r2_c4', 'r2_c4->r1_c4', 'r1_c4->r0_c4', 'r0_c4->r0_c3', 'r0_c3->r0_c2', 'r0_c2->r0_c1', 'r0_c1->r0_c0', 'r0_c0->r0_c1', 'r0_c1->r0_c2', 'r0_c2->r0_c3', 'r0_c3->r0_c4', 'r0_c4->r1_c4', 'r1_c4->r2_c4', 'r2_c4->r3_c4', 'r3_c4->r4_c4')",203.0,prioritized_sipp_coordinator
529,176.0,robot_2,wait,,(),(),176.25,prioritized_sipp_coordinator
530,176.0,robot_3,wait,,(),(),176.25,prioritized_sipp_coordinator
531,177.0,robot_1,continue_current_plan,task_3,"('r4_c4', 'r3_c4', 'r2_c4', 'r1_c4', 'r0_c4', 'r0_c3', 'r0_c2', 'r0_c1', 'r0_c0', 'r0_c1', 'r0_c2', 'r0_c3', 'r0_c4', 'r1_c4', 'r2_c4', 'r3_c4', 'r4_c4')","('r4_c4->r3_c4', 'r3_c4->r2_c4', 'r2_c4->r1_c4', 'r1_c4->r0_c4', 'r0_c4->r0_c3', 'r0_c3->r0_c2', 'r0_c2->r0_c1', 'r0_c1->r0_c0', 'r0_c0->r0_c1', 'r0_c1->r0_c2', 'r0_c2->r0_c3', 'r0_c3->r0_c4', 'r0_c4->r1_c4', 'r1_c4->r2_c4', 'r2_c4->r3_c4', 'r3_c4->r4_c4')",203.0,prioritized_sipp_coordinator
532,177.0,robot_2,wait,,(),(),177.25,prioritized_sipp_coordinator
533,177.0,robot_3,wait,,(),(),177.25,prioritized_sipp_coordinator
534,178.0,robot_1,continue_current_plan,task_3,"('r4_c4', 'r3_c4', 'r2_c4', 'r1_c4', 'r0_c4', 'r0_c3', 'r0_c2', 'r0_c1', 'r0_c0', 'r0_c1', 'r0_c2', 'r0_c3', 'r0_c4', 'r1_c4', 'r2_c4', 'r3_c4', 'r4_c4')","('r4_c4->r3_c4', 'r3_c4->r2_c4', 'r2_c4->r1_c4', 'r1_c4->r0_c4', 'r0_c4->r0_c3', 'r0_c3->r0_c2', 'r0_c2->r0_c1', 'r0_c1->r0_c0', 'r0_c0->r0_c1', 'r0_c1->r0_c2', 'r0_c2->r0_c3', 'r0_c3->r0_c4', 'r0_c4->r1_c4', 'r1_c4->r2_c4', 'r2_c4->r3_c4', 'r3_c4->r4_c4')",203.0,prioritized_sipp_coordinator
535,178.0,robot_2,wait,,(),(),178.25,prioritized_sipp_coordinator
536,178.0,robot_3,wait,,(),(),178.25,prioritized_sipp_coordinator
537,179.0,robot_1,continue_current_plan,task_3,"('r4_c4', 'r3_c4', 'r2_c4', 'r1_c4', 'r0_c4', 'r0_c3', 'r0_c2', 'r0_c1', 'r0_c0', 'r0_c1', 'r0_c2', 'r0_c3', 'r0_c4', 'r1_c4', 'r2_c4', 'r3_c4', 'r4_c4')","('r4_c4->r3_c4', 'r3_c4->r2_c4', 'r2_c4->r1_c4', 'r1_c4->r0_c4', 'r0_c4->r0_c3', 'r0_c3->r0_c2', 'r0_c2->r0_c1', 'r0_c1->r0_c0', 'r0_c0->r0_c1', 'r0_c1->r0_c2', 'r0_c2->r0_c3', 'r0_c3->r0_c4', 'r0_c4->r1_c4', 'r1_c4->r2_c4', 'r2_c4->r3_c4', 'r3_c4->r4_c4')",203.0,prioritized_sipp_coordinator
538,179.0,robot_2,wait,,(),(),179.25,prioritized_sipp_coordinator
539,179.0,robot_3,wait,,(),(),179.25,prioritized_sipp_coordinator
540,180.0,robot_1,continue_current_plan,task_3,"('r4_c4', 'r3_c4', 'r2_c4', 'r1_c4', 'r0_c4', 'r0_c3', 'r0_c2', 'r0_c1', 'r0_c0', 'r0_c1', 'r0_c2', 'r0_c3', 'r0_c4', 'r1_c4', 'r2_c4', 'r3_c4', 'r4_c4')","('r4_c4->r3_c4', 'r3_c4->r2_c4', 'r2_c4->r1_c4', 'r1_c4->r0_c4', 'r0_c4->r0_c3', 'r0_c3->r0_c2', 'r0_c2->r0_c1', 'r0_c1->r0_c0', 'r0_c0->r0_c1', 'r0_c1->r0_c2', 'r0_c2->r0_c3', 'r0_c3->r0_c4', 'r0_c4->r1_c4', 'r1_c4->r2_c4', 'r2_c4->r3_c4', 'r3_c4->r4_c4')",203.0,prioritized_sipp_coordinator
541,180.0,robot_2,wait,,(),(),180.25,prioritized_sipp_coordinator
542,180.0,robot_3,wait,,(),(),180.25,prioritized_sipp_coordinator
543,181.0,robot_1,continue_current_plan,task_3,"('r4_c4', 'r3_c4', 'r2_c4', 'r1_c4', 'r0_c4', 'r0_c3', 'r0_c2', 'r0_c1', 'r0_c0', 'r0_c1', 'r0_c2', 'r0_c3', 'r0_c4', 'r1_c4', 'r2_c4', 'r3_c4', 'r4_c4')","('r4_c4->r3_c4', 'r3_c4->r2_c4', 'r2_c4->r1_c4', 'r1_c4->r0_c4', 'r0_c4->r0_c3', 'r0_c3->r0_c2', 'r0_c2->r0_c1', 'r0_c1->r0_c0', 'r0_c0->r0_c1', 'r0_c1->r0_c2', 'r0_c2->r0_c3', 'r0_c3->r0_c4', 'r0_c4->r1_c4', 'r1_c4->r2_c4', 'r2_c4->r3_c4', 'r3_c4->r4_c4')",203.0,prioritized_sipp_coordinator
544,181.0,robot_2,wait,,(),(),181.25,prioritized_sipp_coordinator
545,181.0,robot_3,wait,,(),(),181.25,prioritized_sipp_coordinator
546,182.0,robot_1,continue_current_plan,task_3,"('r4_c4', 'r3_c4', 'r2_c4', 'r1_c4', 'r0_c4', 'r0_c3', 'r0_c2', 'r0_c1', 'r0_c0', 'r0_c1', 'r0_c2', 'r0_c3', 'r0_c4', 'r1_c4', 'r2_c4', 'r3_c4', 'r4_c4')","('r4_c4->r3_c4', 'r3_c4->r2_c4', 'r2_c4->r1_c4', 'r1_c4->r0_c4', 'r0_c4->r0_c3', 'r0_c3->r0_c2', 'r0_c2->r0_c1', 'r0_c1->r0_c0', 'r0_c0->r0_c1', 'r0_c1->r0_c2', 'r0_c2->r0_c3', 'r0_c3->r0_c4', 'r0_c4->r1_c4', 'r1_c4->r2_c4', 'r2_c4->r3_c4', 'r3_c4->r4_c4')",203.0,prioritized_sipp_coordinator
547,182.0,robot_2,wait,,(),(),182.25,prioritized_sipp_coordinator
548,182.0,robot_3,wait,,(),(),182.25,prioritized_sipp_coordinator
549,183.0,robot_1,continue_current_plan,task_3,"('r4_c4', 'r3_c4', 'r2_c4', 'r1_c4', 'r0_c4', 'r0_c3', 'r0_c2', 'r0_c1', 'r0_c0', 'r0_c1', 'r0_c2', 'r0_c3', 'r0_c4', 'r1_c4', 'r2_c4', 'r3_c4', 'r4_c4')","('r4_c4->r3_c4', 'r3_c4->r2_c4', 'r2_c4->r1_c4', 'r1_c4->r0_c4', 'r0_c4->r0_c3', 'r0_c3->r0_c2', 'r0_c2->r0_c1', 'r0_c1->r0_c0', 'r0_c0->r0_c1', 'r0_c1->r0_c2', 'r0_c2->r0_c3', 'r0_c3->r0_c4', 'r0_c4->r1_c4', 'r1_c4->r2_c4', 'r2_c4->r3_c4', 'r3_c4->r4_c4')",203.0,prioritized_sipp_coordinator
550,183.0,robot_2,wait,,(),(),183.25,prioritized_sipp_coordinator
551,183.0,robot_3,wait,,(),(),183.25,prioritized_sipp_coordinator
552,184.0,robot_1,continue_current_plan,task_3,"('r4_c4', 'r3_c4', 'r2_c4', 'r1_c4', 'r0_c4', 'r0_c3', 'r0_c2', 'r0_c1', 'r0_c0', 'r0_c1', 'r0_c2', 'r0_c3', 'r0_c4', 'r1_c4', 'r2_c4', 'r3_c4', 'r4_c4')","('r4_c4->r3_c4', 'r3_c4->r2_c4', 'r2_c4->r1_c4', 'r1_c4->r0_c4', 'r0_c4->r0_c3', 'r0_c3->r0_c2', 'r0_c2->r0_c1', 'r0_c1->r0_c0', 'r0_c0->r0_c1', 'r0_c1->r0_c2', 'r0_c2->r0_c3', 'r0_c3->r0_c4', 'r0_c4->r1_c4', 'r1_c4->r2_c4', 'r2_c4->r3_c4', 'r3_c4->r4_c4')",203.0,prioritized_sipp_coordinator
553,184.0,robot_2,wait,,(),(),184.25,prioritized_sipp_coordinator
554,184.0,robot_3,wait,,(),(),184.25,prioritized_sipp_coordinator
555,185.0,robot_1,continue_current_plan,task_3,"('r4_c4', 'r3_c4', 'r2_c4', 'r1_c4', 'r0_c4', 'r0_c3', 'r0_c2', 'r0_c1', 'r0_c0', 'r0_c1', 'r0_c2', 'r0_c3', 'r0_c4', 'r1_c4', 'r2_c4', 'r3_c4', 'r4_c4')","('r4_c4->r3_c4', 'r3_c4->r2_c4', 'r2_c4->r1_c4', 'r1_c4->r0_c4', 'r0_c4->r0_c3', 'r0_c3->r0_c2', 'r0_c2->r0_c1', 'r0_c1->r0_c0', 'r0_c0->r0_c1', 'r0_c1->r0_c2', 'r0_c2->r0_c3', 'r0_c3->r0_c4', 'r0_c4->r1_c4', 'r1_c4->r2_c4', 'r2_c4->r3_c4', 'r3_c4->r4_c4')",203.0,prioritized_sipp_coordinator
556,185.0,robot_2,wait,,(),(),185.25,prioritized_sipp_coordinator
557,185.0,robot_3,wait,,(),(),185.25,prioritized_sipp_coordinator
558,186.0,robot_1,continue_current_plan,task_3,"('r4_c4', 'r3_c4', 'r2_c4', 'r1_c4', 'r0_c4', 'r0_c3', 'r0_c2', 'r0_c1', 'r0_c0', 'r0_c1', 'r0_c2', 'r0_c3', 'r0_c4', 'r1_c4', 'r2_c4', 'r3_c4', 'r4_c4')","('r4_c4->r3_c4', 'r3_c4->r2_c4', 'r2_c4->r1_c4', 'r1_c4->r0_c4', 'r0_c4->r0_c3', 'r0_c3->r0_c2', 'r0_c2->r0_c1', 'r0_c1->r0_c0', 'r0_c0->r0_c1', 'r0_c1->r0_c2', 'r0_c2->r0_c3', 'r0_c3->r0_c4', 'r0_c4->r1_c4', 'r1_c4->r2_c4', 'r2_c4->r3_c4', 'r3_c4->r4_c4')",203.0,prioritized_sipp_coordinator
559,186.0,robot_2,wait,,(),(),186.25,prioritized_sipp_coordinator
560,186.0,robot_3,wait,,(),(),186.25,prioritized_sipp_coordinator
561,187.0,robot_1,continue_current_plan,task_3,"('r4_c4', 'r3_c4', 'r2_c4', 'r1_c4', 'r0_c4', 'r0_c3', 'r0_c2', 'r0_c1', 'r0_c0', 'r0_c1', 'r0_c2', 'r0_c3', 'r0_c4', 'r1_c4', 'r2_c4', 'r3_c4', 'r4_c4')","('r4_c4->r3_c4', 'r3_c4->r2_c4', 'r2_c4->r1_c4', 'r1_c4->r0_c4', 'r0_c4->r0_c3', 'r0_c3->r0_c2', 'r0_c2->r0_c1', 'r0_c1->r0_c0', 'r0_c0->r0_c1', 'r0_c1->r0_c2', 'r0_c2->r0_c3', 'r0_c3->r0_c4', 'r0_c4->r1_c4', 'r1_c4->r2_c4', 'r2_c4->r3_c4', 'r3_c4->r4_c4')",203.0,prioritized_sipp_coordinator
562,187.0,robot_2,wait,,(),(),187.25,prioritized_sipp_coordinator
563,187.0,robot_3,wait,,(),(),187.25,prioritized_sipp_coordinator
564,188.0,robot_1,continue_current_plan,task_3,"('r4_c4', 'r3_c4', 'r2_c4', 'r1_c4', 'r0_c4', 'r0_c3', 'r0_c2', 'r0_c1', 'r0_c0', 'r0_c1', 'r0_c2', 'r0_c3', 'r0_c4', 'r1_c4', 'r2_c4', 'r3_c4', 'r4_c4')","('r4_c4->r3_c4', 'r3_c4->r2_c4', 'r2_c4->r1_c4', 'r1_c4->r0_c4', 'r0_c4->r0_c3', 'r0_c3->r0_c2', 'r0_c2->r0_c1', 'r0_c1->r0_c0', 'r0_c0->r0_c1', 'r0_c1->r0_c2', 'r0_c2->r0_c3', 'r0_c3->r0_c4', 'r0_c4->r1_c4', 'r1_c4->r2_c4', 'r2_c4->r3_c4', 'r3_c4->r4_c4')",203.0,prioritized_sipp_coordinator
565,188.0,robot_2,wait,,(),(),188.25,prioritized_sipp_coordinator
566,188.0,robot_3,wait,,(),(),188.25,prioritized_sipp_coordinator
567,189.0,robot_1,continue_current_plan,task_3,"('r4_c4', 'r3_c4', 'r2_c4', 'r1_c4', 'r0_c4', 'r0_c3', 'r0_c2', 'r0_c1', 'r0_c0', 'r0_c1', 'r0_c2', 'r0_c3', 'r0_c4', 'r1_c4', 'r2_c4', 'r3_c4', 'r4_c4')","('r4_c4->r3_c4', 'r3_c4->r2_c4', 'r2_c4->r1_c4', 'r1_c4->r0_c4', 'r0_c4->r0_c3', 'r0_c3->r0_c2', 'r0_c2->r0_c1', 'r0_c1->r0_c0', 'r0_c0->r0_c1', 'r0_c1->r0_c2', 'r0_c2->r0_c3', 'r0_c3->r0_c4', 'r0_c4->r1_c4', 'r1_c4->r2_c4', 'r2_c4->r3_c4', 'r3_c4->r4_c4')",203.0,prioritized_sipp_coordinator
568,189.0,robot_2,wait,,(),(),189.25,prioritized_sipp_coordinator
569,189.0,robot_3,wait,,(),(),189.25,prioritized_sipp_coordinator
570,190.0,robot_1,continue_current_plan,task_3,"('r4_c4', 'r3_c4', 'r2_c4', 'r1_c4', 'r0_c4', 'r0_c3', 'r0_c2', 'r0_c1', 'r0_c0', 'r0_c1', 'r0_c2', 'r0_c3', 'r0_c4', 'r1_c4', 'r2_c4', 'r3_c4', 'r4_c4')","('r4_c4->r3_c4', 'r3_c4->r2_c4', 'r2_c4->r1_c4', 'r1_c4->r0_c4', 'r0_c4->r0_c3', 'r0_c3->r0_c2', 'r0_c2->r0_c1', 'r0_c1->r0_c0', 'r0_c0->r0_c1', 'r0_c1->r0_c2', 'r0_c2->r0_c3', 'r0_c3->r0_c4', 'r0_c4->r1_c4', 'r1_c4->r2_c4', 'r2_c4->r3_c4', 'r3_c4->r4_c4')",203.0,prioritized_sipp_coordinator
571,190.0,robot_2,wait,,(),(),190.25,prioritized_sipp_coordinator
572,190.0,robot_3,wait,,(),(),190.25,prioritized_sipp_coordinator
573,191.0,robot_1,continue_current_plan,task_3,"('r4_c4', 'r3_c4', 'r2_c4', 'r1_c4', 'r0_c4', 'r0_c3', 'r0_c2', 'r0_c1', 'r0_c0', 'r0_c1', 'r0_c2', 'r0_c3', 'r0_c4', 'r1_c4', 'r2_c4', 'r3_c4', 'r4_c4')","('r4_c4->r3_c4', 'r3_c4->r2_c4', 'r2_c4->r1_c4', 'r1_c4->r0_c4', 'r0_c4->r0_c3', 'r0_c3->r0_c2', 'r0_c2->r0_c1', 'r0_c1->r0_c0', 'r0_c0->r0_c1', 'r0_c1->r0_c2', 'r0_c2->r0_c3', 'r0_c3->r0_c4', 'r0_c4->r1_c4', 'r1_c4->r2_c4', 'r2_c4->r3_c4', 'r3_c4->r4_c4')",203.0,prioritized_sipp_coordinator
574,191.0,robot_2,wait,,(),(),191.25,prioritized_sipp_coordinator
575,191.0,robot_3,wait,,(),(),191.25,prioritized_sipp_coordinator
576,192.0,robot_1,continue_current_plan,task_3,"('r4_c4', 'r3_c4', 'r2_c4', 'r1_c4', 'r0_c4', 'r0_c3', 'r0_c2', 'r0_c1', 'r0_c0', 'r0_c1', 'r0_c2', 'r0_c3', 'r0_c4', 'r1_c4', 'r2_c4', 'r3_c4', 'r4_c4')","('r4_c4->r3_c4', 'r3_c4->r2_c4', 'r2_c4->r1_c4', 'r1_c4->r0_c4', 'r0_c4->r0_c3', 'r0_c3->r0_c2', 'r0_c2->r0_c1', 'r0_c1->r0_c0', 'r0_c0->r0_c1', 'r0_c1->r0_c2', 'r0_c2->r0_c3', 'r0_c3->r0_c4', 'r0_c4->r1_c4', 'r1_c4->r2_c4', 'r2_c4->r3_c4', 'r3_c4->r4_c4')",203.0,prioritized_sipp_coordinator
577,192.0,robot_2,wait,,(),(),192.25,prioritized_sipp_coordinator
578,192.0,robot_3,wait,,(),(),192.25,prioritized_sipp_coordinator
579,193.0,robot_1,continue_current_plan,task_3,"('r4_c4', 'r3_c4', 'r2_c4', 'r1_c4', 'r0_c4', 'r0_c3', 'r0_c2', 'r0_c1', 'r0_c0', 'r0_c1', 'r0_c2', 'r0_c3', 'r0_c4', 'r1_c4', 'r2_c4', 'r3_c4', 'r4_c4')","('r4_c4->r3_c4', 'r3_c4->r2_c4', 'r2_c4->r1_c4', 'r1_c4->r0_c4', 'r0_c4->r0_c3', 'r0_c3->r0_c2', 'r0_c2->r0_c1', 'r0_c1->r0_c0', 'r0_c0->r0_c1', 'r0_c1->r0_c2', 'r0_c2->r0_c3', 'r0_c3->r0_c4', 'r0_c4->r1_c4', 'r1_c4->r2_c4', 'r2_c4->r3_c4', 'r3_c4->r4_c4')",203.0,prioritized_sipp_coordinator
580,193.0,robot_2,wait,,(),(),193.25,prioritized_sipp_coordinator
581,193.0,robot_3,wait,,(),(),193.25,prioritized_sipp_coordinator
582,194.0,robot_1,continue_current_plan,task_3,"('r4_c4', 'r3_c4', 'r2_c4', 'r1_c4', 'r0_c4', 'r0_c3', 'r0_c2', 'r0_c1', 'r0_c0', 'r0_c1', 'r0_c2', 'r0_c3', 'r0_c4', 'r1_c4', 'r2_c4', 'r3_c4', 'r4_c4')","('r4_c4->r3_c4', 'r3_c4->r2_c4', 'r2_c4->r1_c4', 'r1_c4->r0_c4', 'r0_c4->r0_c3', 'r0_c3->r0_c2', 'r0_c2->r0_c1', 'r0_c1->r0_c0', 'r0_c0->r0_c1', 'r0_c1->r0_c2', 'r0_c2->r0_c3', 'r0_c3->r0_c4', 'r0_c4->r1_c4', 'r1_c4->r2_c4', 'r2_c4->r3_c4', 'r3_c4->r4_c4')",203.0,prioritized_sipp_coordinator
583,194.0,robot_2,wait,,(),(),194.25,prioritized_sipp_coordinator
584,194.0,robot_3,wait,,(),(),194.25,prioritized_sipp_coordinator
585,195.0,robot_1,continue_current_plan,task_3,"('r4_c4', 'r3_c4', 'r2_c4', 'r1_c4', 'r0_c4', 'r0_c3', 'r0_c2', 'r0_c1', 'r0_c0', 'r0_c1', 'r0_c2', 'r0_c3', 'r0_c4', 'r1_c4', 'r2_c4', 'r3_c4', 'r4_c4')","('r4_c4->r3_c4', 'r3_c4->r2_c4', 'r2_c4->r1_c4', 'r1_c4->r0_c4', 'r0_c4->r0_c3', 'r0_c3->r0_c2', 'r0_c2->r0_c1', 'r0_c1->r0_c0', 'r0_c0->r0_c1', 'r0_c1->r0_c2', 'r0_c2->r0_c3', 'r0_c3->r0_c4', 'r0_c4->r1_c4', 'r1_c4->r2_c4', 'r2_c4->r3_c4', 'r3_c4->r4_c4')",203.0,prioritized_sipp_coordinator
586,195.0,robot_2,wait,,(),(),195.25,prioritized_sipp_coordinator
587,195.0,robot_3,wait,,(),(),195.25,prioritized_sipp_coordinator
588,196.0,robot_1,continue_current_plan,task_3,"('r4_c4', 'r3_c4', 'r2_c4', 'r1_c4', 'r0_c4', 'r0_c3', 'r0_c2', 'r0_c1', 'r0_c0', 'r0_c1', 'r0_c2', 'r0_c3', 'r0_c4', 'r1_c4', 'r2_c4', 'r3_c4', 'r4_c4')","('r4_c4->r3_c4', 'r3_c4->r2_c4', 'r2_c4->r1_c4', 'r1_c4->r0_c4', 'r0_c4->r0_c3', 'r0_c3->r0_c2', 'r0_c2->r0_c1', 'r0_c1->r0_c0', 'r0_c0->r0_c1', 'r0_c1->r0_c2', 'r0_c2->r0_c3', 'r0_c3->r0_c4', 'r0_c4->r1_c4', 'r1_c4->r2_c4', 'r2_c4->r3_c4', 'r3_c4->r4_c4')",203.0,prioritized_sipp_coordinator
589,196.0,robot_2,wait,,(),(),196.25,prioritized_sipp_coordinator
590,196.0,robot_3,wait,,(),(),196.25,prioritized_sipp_coordinator
591,197.0,robot_1,continue_current_plan,task_3,"('r4_c4', 'r3_c4', 'r2_c4', 'r1_c4', 'r0_c4', 'r0_c3', 'r0_c2', 'r0_c1', 'r0_c0', 'r0_c1', 'r0_c2', 'r0_c3', 'r0_c4', 'r1_c4', 'r2_c4', 'r3_c4', 'r4_c4')","('r4_c4->r3_c4', 'r3_c4->r2_c4', 'r2_c4->r1_c4', 'r1_c4->r0_c4', 'r0_c4->r0_c3', 'r0_c3->r0_c2', 'r0_c2->r0_c1', 'r0_c1->r0_c0', 'r0_c0->r0_c1', 'r0_c1->r0_c2', 'r0_c2->r0_c3', 'r0_c3->r0_c4', 'r0_c4->r1_c4', 'r1_c4->r2_c4', 'r2_c4->r3_c4', 'r3_c4->r4_c4')",203.0,prioritized_sipp_coordinator
592,197.0,robot_2,wait,,(),(),197.25,prioritized_sipp_coordinator
593,197.0,robot_3,wait,,(),(),197.25,prioritized_sipp_coordinator
594,198.0,robot_1,continue_current_plan,task_3,"('r4_c4', 'r3_c4', 'r2_c4', 'r1_c4', 'r0_c4', 'r0_c3', 'r0_c2', 'r0_c1', 'r0_c0', 'r0_c1', 'r0_c2', 'r0_c3', 'r0_c4', 'r1_c4', 'r2_c4', 'r3_c4', 'r4_c4')","('r4_c4->r3_c4', 'r3_c4->r2_c4', 'r2_c4->r1_c4', 'r1_c4->r0_c4', 'r0_c4->r0_c3', 'r0_c3->r0_c2', 'r0_c2->r0_c1', 'r0_c1->r0_c0', 'r0_c0->r0_c1', 'r0_c1->r0_c2', 'r0_c2->r0_c3', 'r0_c3->r0_c4', 'r0_c4->r1_c4', 'r1_c4->r2_c4', 'r2_c4->r3_c4', 'r3_c4->r4_c4')",203.0,prioritized_sipp_coordinator
595,198.0,robot_2,wait,,(),(),198.25,prioritized_sipp_coordinator
596,198.0,robot_3,wait,,(),(),198.25,prioritized_sipp_coordinator
597,199.0,robot_1,continue_current_plan,task_3,"('r4_c4', 'r3_c4', 'r2_c4', 'r1_c4', 'r0_c4', 'r0_c3', 'r0_c2', 'r0_c1', 'r0_c0', 'r0_c1', 'r0_c2', 'r0_c3', 'r0_c4', 'r1_c4', 'r2_c4', 'r3_c4', 'r4_c4')","('r4_c4->r3_c4', 'r3_c4->r2_c4', 'r2_c4->r1_c4', 'r1_c4->r0_c4', 'r0_c4->r0_c3', 'r0_c3->r0_c2', 'r0_c2->r0_c1', 'r0_c1->r0_c0', 'r0_c0->r0_c1', 'r0_c1->r0_c2', 'r0_c2->r0_c3', 'r0_c3->r0_c4', 'r0_c4->r1_c4', 'r1_c4->r2_c4', 'r2_c4->r3_c4', 'r3_c4->r4_c4')",203.0,prioritized_sipp_coordinator
598,199.0,robot_2,wait,,(),(),199.25,prioritized_sipp_coordinator
599,199.0,robot_3,wait,,(),(),199.25,prioritized_sipp_coordinator
600,200.0,robot_1,continue_current_plan,task_3,"('r4_c4', 'r3_c4', 'r2_c4', 'r1_c4', 'r0_c4', 'r0_c3', 'r0_c2', 'r0_c1', 'r0_c0', 'r0_c1', 'r0_c2', 'r0_c3', 'r0_c4', 'r1_c4', 'r2_c4', 'r3_c4', 'r4_c4')","('r4_c4->r3_c4', 'r3_c4->r2_c4', 'r2_c4->r1_c4', 'r1_c4->r0_c4', 'r0_c4->r0_c3', 'r0_c3->r0_c2', 'r0_c2->r0_c1', 'r0_c1->r0_c0', 'r0_c0->r0_c1', 'r0_c1->r0_c2', 'r0_c2->r0_c3', 'r0_c3->r0_c4', 'r0_c4->r1_c4', 'r1_c4->r2_c4', 'r2_c4->r3_c4', 'r3_c4->r4_c4')",203.0,prioritized_sipp_coordinator
601,200.0,robot_2,wait,,(),(),200.25,prioritized_sipp_coordinator
602,200.0,robot_3,wait,,(),(),200.25,prioritized_sipp_coordinator
603,201.0,robot_1,continue_current_plan,task_3,"('r4_c4', 'r3_c4', 'r2_c4', 'r1_c4', 'r0_c4', 'r0_c3', 'r0_c2', 'r0_c1', 'r0_c0', 'r0_c1', 'r0_c2', 'r0_c3', 'r0_c4', 'r1_c4', 'r2_c4', 'r3_c4', 'r4_c4')","('r4_c4->r3_c4', 'r3_c4->r2_c4', 'r2_c4->r1_c4', 'r1_c4->r0_c4', 'r0_c4->r0_c3', 'r0_c3->r0_c2', 'r0_c2->r0_c1', 'r0_c1->r0_c0', 'r0_c0->r0_c1', 'r0_c1->r0_c2', 'r0_c2->r0_c3', 'r0_c3->r0_c4', 'r0_c4->r1_c4', 'r1_c4->r2_c4', 'r2_c4->r3_c4', 'r3_c4->r4_c4')",203.0,prioritized_sipp_coordinator
604,201.0,robot_2,wait,,(),(),201.25,prioritized_sipp_coordinator
605,201.0,robot_3,wait,,(),(),201.25,prioritized_sipp_coordinator
606,202.0,robot_1,continue_current_plan,task_3,"('r4_c4', 'r3_c4', 'r2_c4', 'r1_c4', 'r0_c4', 'r0_c3', 'r0_c2', 'r0_c1', 'r0_c0', 'r0_c1', 'r0_c2', 'r0_c3', 'r0_c4', 'r1_c4', 'r2_c4', 'r3_c4', 'r4_c4')","('r4_c4->r3_c4', 'r3_c4->r2_c4', 'r2_c4->r1_c4', 'r1_c4->r0_c4', 'r0_c4->r0_c3', 'r0_c3->r0_c2', 'r0_c2->r0_c1', 'r0_c1->r0_c0', 'r0_c0->r0_c1', 'r0_c1->r0_c2', 'r0_c2->r0_c3', 'r0_c3->r0_c4', 'r0_c4->r1_c4', 'r1_c4->r2_c4', 'r2_c4->r3_c4', 'r3_c4->r4_c4')",203.0,prioritized_sipp_coordinator
607,202.0,robot_2,wait,,(),(),202.25,prioritized_sipp_coordinator
608,202.0,robot_3,wait,,(),(),202.25,prioritized_sipp_coordinator
609,203.0,robot_1,wait,,(),(),203.25,prioritized_sipp_coordinator
610,203.0,robot_2,wait,,(),(),203.25,prioritized_sipp_coordinator
611,203.0,robot_3,wait,,(),(),203.25,prioritized_sipp_coordinator
612,204.0,robot_1,wait,,(),(),204.25,prioritized_sipp_coordinator
613,204.0,robot_2,wait,,(),(),204.25,prioritized_sipp_coordinator
614,204.0,robot_3,wait,,(),(),204.25,prioritized_sipp_coordinator
615,205.0,robot_1,wait,,(),(),205.25,prioritized_sipp_coordinator
616,205.0,robot_2,wait,,(),(),205.25,prioritized_sipp_coordinator
617,205.0,robot_3,wait,,(),(),205.25,prioritized_sipp_coordinator
618,206.0,robot_1,wait,,(),(),206.25,prioritized_sipp_coordinator
619,206.0,robot_2,wait,,(),(),206.25,prioritized_sipp_coordinator
620,206.0,robot_3,wait,,(),(),206.25,prioritized_sipp_coordinator
621,207.0,robot_1,wait,,(),(),207.25,prioritized_sipp_coordinator
622,207.0,robot_2,wait,,(),(),207.25,prioritized_sipp_coordinator
623,207.0,robot_3,wait,,(),(),207.25,prioritized_sipp_coordinator
624,208.0,robot_1,wait,,(),(),208.25,prioritized_sipp_coordinator
625,208.0,robot_2,wait,,(),(),208.25,prioritized_sipp_coordinator
626,208.0,robot_3,wait,,(),(),208.25,prioritized_sipp_coordinator
627,209.0,robot_1,wait,,(),(),209.25,prioritized_sipp_coordinator
628,209.0,robot_2,wait,,(),(),209.25,prioritized_sipp_coordinator
629,209.0,robot_3,wait,,(),(),209.25,prioritized_sipp_coordinator
630,210.0,robot_1,task_route,task_4,"('r4_c4', 'r3_c4', 'r2_c4', 'r1_c4', 'r0_c4', 'r0_c3', 'r0_c2', 'r0_c1', 'r0_c0', 'r0_c1', 'r0_c2', 'r0_c3', 'r0_c4', 'r1_c4', 'r2_c4', 'r3_c4', 'r4_c4')","('r4_c4->r3_c4', 'r3_c4->r2_c4', 'r2_c4->r1_c4', 'r1_c4->r0_c4', 'r0_c4->r0_c3', 'r0_c3->r0_c2', 'r0_c2->r0_c1', 'r0_c1->r0_c0', 'r0_c0->r0_c1', 'r0_c1->r0_c2', 'r0_c2->r0_c3', 'r0_c3->r0_c4', 'r0_c4->r1_c4', 'r1_c4->r2_c4', 'r2_c4->r3_c4', 'r3_c4->r4_c4')",16.0,prioritized_sipp_coordinator
631,210.0,robot_2,wait,,(),(),210.25,prioritized_sipp_coordinator
632,210.0,robot_3,wait,,(),(),210.25,prioritized_sipp_coordinator
633,211.0,robot_1,continue_current_plan,task_4,"('r4_c4', 'r3_c4', 'r2_c4', 'r1_c4', 'r0_c4', 'r0_c3', 'r0_c2', 'r0_c1', 'r0_c0', 'r0_c1', 'r0_c2', 'r0_c3', 'r0_c4', 'r1_c4', 'r2_c4', 'r3_c4', 'r4_c4')","('r4_c4->r3_c4', 'r3_c4->r2_c4', 'r2_c4->r1_c4', 'r1_c4->r0_c4', 'r0_c4->r0_c3', 'r0_c3->r0_c2', 'r0_c2->r0_c1', 'r0_c1->r0_c0', 'r0_c0->r0_c1', 'r0_c1->r0_c2', 'r0_c2->r0_c3', 'r0_c3->r0_c4', 'r0_c4->r1_c4', 'r1_c4->r2_c4', 'r2_c4->r3_c4', 'r3_c4->r4_c4')",246.0,prioritized_sipp_coordinator
634,211.0,robot_2,wait,,(),(),211.25,prioritized_sipp_coordinator
635,211.0,robot_3,wait,,(),(),211.25,prioritized_sipp_coordinator
636,212.0,robot_1,continue_current_plan,task_4,"('r4_c4', 'r3_c4', 'r2_c4', 'r1_c4', 'r0_c4', 'r0_c3', 'r0_c2', 'r0_c1', 'r0_c0', 'r0_c1', 'r0_c2', 'r0_c3', 'r0_c4', 'r1_c4', 'r2_c4', 'r3_c4', 'r4_c4')","('r4_c4->r3_c4', 'r3_c4->r2_c4', 'r2_c4->r1_c4', 'r1_c4->r0_c4', 'r0_c4->r0_c3', 'r0_c3->r0_c2', 'r0_c2->r0_c1', 'r0_c1->r0_c0', 'r0_c0->r0_c1', 'r0_c1->r0_c2', 'r0_c2->r0_c3', 'r0_c3->r0_c4', 'r0_c4->r1_c4', 'r1_c4->r2_c4', 'r2_c4->r3_c4', 'r3_c4->r4_c4')",246.0,prioritized_sipp_coordinator
637,212.0,robot_2,wait,,(),(),212.25,prioritized_sipp_coordinator
638,212.0,robot_3,wait,,(),(),212.25,prioritized_sipp_coordinator
639,213.0,robot_1,continue_current_plan,task_4,"('r4_c4', 'r3_c4', 'r2_c4', 'r1_c4', 'r0_c4', 'r0_c3', 'r0_c2', 'r0_c1', 'r0_c0', 'r0_c1', 'r0_c2', 'r0_c3', 'r0_c4', 'r1_c4', 'r2_c4', 'r3_c4', 'r4_c4')","('r4_c4->r3_c4', 'r3_c4->r2_c4', 'r2_c4->r1_c4', 'r1_c4->r0_c4', 'r0_c4->r0_c3', 'r0_c3->r0_c2', 'r0_c2->r0_c1', 'r0_c1->r0_c0', 'r0_c0->r0_c1', 'r0_c1->r0_c2', 'r0_c2->r0_c3', 'r0_c3->r0_c4', 'r0_c4->r1_c4', 'r1_c4->r2_c4', 'r2_c4->r3_c4', 'r3_c4->r4_c4')",246.0,prioritized_sipp_coordinator
640,213.0,robot_2,wait,,(),(),213.25,prioritized_sipp_coordinator
641,213.0,robot_3,wait,,(),(),213.25,prioritized_sipp_coordinator
642,214.0,robot_1,continue_current_plan,task_4,"('r4_c4', 'r3_c4', 'r2_c4', 'r1_c4', 'r0_c4', 'r0_c3', 'r0_c2', 'r0_c1', 'r0_c0', 'r0_c1', 'r0_c2', 'r0_c3', 'r0_c4', 'r1_c4', 'r2_c4', 'r3_c4', 'r4_c4')","('r4_c4->r3_c4', 'r3_c4->r2_c4', 'r2_c4->r1_c4', 'r1_c4->r0_c4', 'r0_c4->r0_c3', 'r0_c3->r0_c2', 'r0_c2->r0_c1', 'r0_c1->r0_c0', 'r0_c0->r0_c1', 'r0_c1->r0_c2', 'r0_c2->r0_c3', 'r0_c3->r0_c4', 'r0_c4->r1_c4', 'r1_c4->r2_c4', 'r2_c4->r3_c4', 'r3_c4->r4_c4')",246.0,prioritized_sipp_coordinator
643,214.0,robot_2,wait,,(),(),214.25,prioritized_sipp_coordinator
644,214.0,robot_3,wait,,(),(),214.25,prioritized_sipp_coordinator
645,215.0,robot_1,continue_current_plan,task_4,"('r4_c4', 'r3_c4', 'r2_c4', 'r1_c4', 'r0_c4', 'r0_c3', 'r0_c2', 'r0_c1', 'r0_c0', 'r0_c1', 'r0_c2', 'r0_c3', 'r0_c4', 'r1_c4', 'r2_c4', 'r3_c4', 'r4_c4')","('r4_c4->r3_c4', 'r3_c4->r2_c4', 'r2_c4->r1_c4', 'r1_c4->r0_c4', 'r0_c4->r0_c3', 'r0_c3->r0_c2', 'r0_c2->r0_c1', 'r0_c1->r0_c0', 'r0_c0->r0_c1', 'r0_c1->r0_c2', 'r0_c2->r0_c3', 'r0_c3->r0_c4', 'r0_c4->r1_c4', 'r1_c4->r2_c4', 'r2_c4->r3_c4', 'r3_c4->r4_c4')",246.0,prioritized_sipp_coordinator
646,215.0,robot_2,wait,,(),(),215.25,prioritized_sipp_coordinator
647,215.0,robot_3,wait,,(),(),215.25,prioritized_sipp_coordinator
648,216.0,robot_1,continue_current_plan,task_4,"('r4_c4', 'r3_c4', 'r2_c4', 'r1_c4', 'r0_c4', 'r0_c3', 'r0_c2', 'r0_c1', 'r0_c0', 'r0_c1', 'r0_c2', 'r0_c3', 'r0_c4', 'r1_c4', 'r2_c4', 'r3_c4', 'r4_c4')","('r4_c4->r3_c4', 'r3_c4->r2_c4', 'r2_c4->r1_c4', 'r1_c4->r0_c4', 'r0_c4->r0_c3', 'r0_c3->r0_c2', 'r0_c2->r0_c1', 'r0_c1->r0_c0', 'r0_c0->r0_c1', 'r0_c1->r0_c2', 'r0_c2->r0_c3', 'r0_c3->r0_c4', 'r0_c4->r1_c4', 'r1_c4->r2_c4', 'r2_c4->r3_c4', 'r3_c4->r4_c4')",246.0,prioritized_sipp_coordinator
649,216.0,robot_2,wait,,(),(),216.25,prioritized_sipp_coordinator
650,216.0,robot_3,wait,,(),(),216.25,prioritized_sipp_coordinator
651,217.0,robot_1,continue_current_plan,task_4,"('r4_c4', 'r3_c4', 'r2_c4', 'r1_c4', 'r0_c4', 'r0_c3', 'r0_c2', 'r0_c1', 'r0_c0', 'r0_c1', 'r0_c2', 'r0_c3', 'r0_c4', 'r1_c4', 'r2_c4', 'r3_c4', 'r4_c4')","('r4_c4->r3_c4', 'r3_c4->r2_c4', 'r2_c4->r1_c4', 'r1_c4->r0_c4', 'r0_c4->r0_c3', 'r0_c3->r0_c2', 'r0_c2->r0_c1', 'r0_c1->r0_c0', 'r0_c0->r0_c1', 'r0_c1->r0_c2', 'r0_c2->r0_c3', 'r0_c3->r0_c4', 'r0_c4->r1_c4', 'r1_c4->r2_c4', 'r2_c4->r3_c4', 'r3_c4->r4_c4')",246.0,prioritized_sipp_coordinator
652,217.0,robot_2,wait,,(),(),217.25,prioritized_sipp_coordinator
653,217.0,robot_3,wait,,(),(),217.25,prioritized_sipp_coordinator
654,218.0,robot_1,continue_current_plan,task_4,"('r4_c4', 'r3_c4', 'r2_c4', 'r1_c4', 'r0_c4', 'r0_c3', 'r0_c2', 'r0_c1', 'r0_c0', 'r0_c1', 'r0_c2', 'r0_c3', 'r0_c4', 'r1_c4', 'r2_c4', 'r3_c4', 'r4_c4')","('r4_c4->r3_c4', 'r3_c4->r2_c4', 'r2_c4->r1_c4', 'r1_c4->r0_c4', 'r0_c4->r0_c3', 'r0_c3->r0_c2', 'r0_c2->r0_c1', 'r0_c1->r0_c0', 'r0_c0->r0_c1', 'r0_c1->r0_c2', 'r0_c2->r0_c3', 'r0_c3->r0_c4', 'r0_c4->r1_c4', 'r1_c4->r2_c4', 'r2_c4->r3_c4', 'r3_c4->r4_c4')",246.0,prioritized_sipp_coordinator
655,218.0,robot_2,wait,,(),(),218.25,prioritized_sipp_coordinator
656,218.0,robot_3,wait,,(),(),218.25,prioritized_sipp_coordinator
657,219.0,robot_1,continue_current_plan,task_4,"('r4_c4', 'r3_c4', 'r2_c4', 'r1_c4', 'r0_c4', 'r0_c3', 'r0_c2', 'r0_c1', 'r0_c0', 'r0_c1', 'r0_c2', 'r0_c3', 'r0_c4', 'r1_c4', 'r2_c4', 'r3_c4', 'r4_c4')","('r4_c4->r3_c4', 'r3_c4->r2_c4', 'r2_c4->r1_c4', 'r1_c4->r0_c4', 'r0_c4->r0_c3', 'r0_c3->r0_c2', 'r0_c2->r0_c1', 'r0_c1->r0_c0', 'r0_c0->r0_c1', 'r0_c1->r0_c2', 'r0_c2->r0_c3', 'r0_c3->r0_c4', 'r0_c4->r1_c4', 'r1_c4->r2_c4', 'r2_c4->r3_c4', 'r3_c4->r4_c4')",246.0,prioritized_sipp_coordinator
658,219.0,robot_2,wait,,(),(),219.25,prioritized_sipp_coordinator
659,219.0,robot_3,wait,,(),(),219.25,prioritized_sipp_coordinator
660,220.0,robot_1,continue_current_plan,task_4,"('r4_c4', 'r3_c4', 'r2_c4', 'r1_c4', 'r0_c4', 'r0_c3', 'r0_c2', 'r0_c1', 'r0_c0', 'r0_c1', 'r0_c2', 'r0_c3', 'r0_c4', 'r1_c4', 'r2_c4', 'r3_c4', 'r4_c4')","('r4_c4->r3_c4', 'r3_c4->r2_c4', 'r2_c4->r1_c4', 'r1_c4->r0_c4', 'r0_c4->r0_c3', 'r0_c3->r0_c2', 'r0_c2->r0_c1', 'r0_c1->r0_c0', 'r0_c0->r0_c1', 'r0_c1->r0_c2', 'r0_c2->r0_c3', 'r0_c3->r0_c4', 'r0_c4->r1_c4', 'r1_c4->r2_c4', 'r2_c4->r3_c4', 'r3_c4->r4_c4')",246.0,prioritized_sipp_coordinator
661,220.0,robot_2,wait,,(),(),220.25,prioritized_sipp_coordinator
662,220.0,robot_3,wait,,(),(),220.25,prioritized_sipp_coordinator
663,221.0,robot_1,continue_current_plan,task_4,"('r4_c4', 'r3_c4', 'r2_c4', 'r1_c4', 'r0_c4', 'r0_c3', 'r0_c2', 'r0_c1', 'r0_c0', 'r0_c1', 'r0_c2', 'r0_c3', 'r0_c4', 'r1_c4', 'r2_c4', 'r3_c4', 'r4_c4')","('r4_c4->r3_c4', 'r3_c4->r2_c4', 'r2_c4->r1_c4', 'r1_c4->r0_c4', 'r0_c4->r0_c3', 'r0_c3->r0_c2', 'r0_c2->r0_c1', 'r0_c1->r0_c0', 'r0_c0->r0_c1', 'r0_c1->r0_c2', 'r0_c2->r0_c3', 'r0_c3->r0_c4', 'r0_c4->r1_c4', 'r1_c4->r2_c4', 'r2_c4->r3_c4', 'r3_c4->r4_c4')",246.0,prioritized_sipp_coordinator
664,221.0,robot_2,wait,,(),(),221.25,prioritized_sipp_coordinator
665,221.0,robot_3,wait,,(),(),221.25,prioritized_sipp_coordinator
666,222.0,robot_1,continue_current_plan,task_4,"('r4_c4', 'r3_c4', 'r2_c4', 'r1_c4', 'r0_c4', 'r0_c3', 'r0_c2', 'r0_c1', 'r0_c0', 'r0_c1', 'r0_c2', 'r0_c3', 'r0_c4', 'r1_c4', 'r2_c4', 'r3_c4', 'r4_c4')","('r4_c4->r3_c4', 'r3_c4->r2_c4', 'r2_c4->r1_c4', 'r1_c4->r0_c4', 'r0_c4->r0_c3', 'r0_c3->r0_c2', 'r0_c2->r0_c1', 'r0_c1->r0_c0', 'r0_c0->r0_c1', 'r0_c1->r0_c2', 'r0_c2->r0_c3', 'r0_c3->r0_c4', 'r0_c4->r1_c4', 'r1_c4->r2_c4', 'r2_c4->r3_c4', 'r3_c4->r4_c4')",246.0,prioritized_sipp_coordinator
667,222.0,robot_2,wait,,(),(),222.25,prioritized_sipp_coordinator
668,222.0,robot_3,wait,,(),(),222.25,prioritized_sipp_coordinator
669,223.0,robot_1,continue_current_plan,task_4,"('r4_c4', 'r3_c4', 'r2_c4', 'r1_c4', 'r0_c4', 'r0_c3', 'r0_c2', 'r0_c1', 'r0_c0', 'r0_c1', 'r0_c2', 'r0_c3', 'r0_c4', 'r1_c4', 'r2_c4', 'r3_c4', 'r4_c4')","('r4_c4->r3_c4', 'r3_c4->r2_c4', 'r2_c4->r1_c4', 'r1_c4->r0_c4', 'r0_c4->r0_c3', 'r0_c3->r0_c2', 'r0_c2->r0_c1', 'r0_c1->r0_c0', 'r0_c0->r0_c1', 'r0_c1->r0_c2', 'r0_c2->r0_c3', 'r0_c3->r0_c4', 'r0_c4->r1_c4', 'r1_c4->r2_c4', 'r2_c4->r3_c4', 'r3_c4->r4_c4')",246.0,prioritized_sipp_coordinator
670,223.0,robot_2,task_route,task_5,"('r4_c4', 'r3_c4', 'r2_c4', 'r1_c4', 'r0_c4', 'r0_c3', 'r0_c2', 'r0_c1', 'r0_c0', 'r0_c1', 'r0_c2', 'r0_c3', 'r0_c4', 'r1_c4', 'r2_c4', 'r3_c4', 'r4_c4')","('r4_c4->r3_c4', 'r3_c4->r2_c4', 'r2_c4->r1_c4', 'r1_c4->r0_c4', 'r0_c4->r0_c3', 'r0_c3->r0_c2', 'r0_c2->r0_c1', 'r0_c1->r0_c0', 'r0_c0->r0_c1', 'r0_c1->r0_c2', 'r0_c2->r0_c3', 'r0_c3->r0_c4', 'r0_c4->r1_c4', 'r1_c4->r2_c4', 'r2_c4->r3_c4', 'r3_c4->r4_c4')",16.0,prioritized_sipp_coordinator
671,223.0,robot_3,wait,,(),(),223.25,prioritized_sipp_coordinator
672,224.0,robot_1,continue_current_plan,task_4,"('r4_c4', 'r3_c4', 'r2_c4', 'r1_c4', 'r0_c4', 'r0_c3', 'r0_c2', 'r0_c1', 'r0_c0', 'r0_c1', 'r0_c2', 'r0_c3', 'r0_c4', 'r1_c4', 'r2_c4', 'r3_c4', 'r4_c4')","('r4_c4->r3_c4', 'r3_c4->r2_c4', 'r2_c4->r1_c4', 'r1_c4->r0_c4', 'r0_c4->r0_c3', 'r0_c3->r0_c2', 'r0_c2->r0_c1', 'r0_c1->r0_c0', 'r0_c0->r0_c1', 'r0_c1->r0_c2', 'r0_c2->r0_c3', 'r0_c3->r0_c4', 'r0_c4->r1_c4', 'r1_c4->r2_c4', 'r2_c4->r3_c4', 'r3_c4->r4_c4')",246.0,prioritized_sipp_coordinator
673,224.0,robot_2,continue_current_plan,task_5,"('r4_c4', 'r3_c4', 'r2_c4', 'r1_c4', 'r0_c4', 'r0_c3', 'r0_c2', 'r0_c1', 'r0_c0', 'r0_c1', 'r0_c2', 'r0_c3', 'r0_c4', 'r1_c4', 'r2_c4', 'r3_c4', 'r4_c4')","('r4_c4->r3_c4', 'r3_c4->r2_c4', 'r2_c4->r1_c4', 'r1_c4->r0_c4', 'r0_c4->r0_c3', 'r0_c3->r0_c2', 'r0_c2->r0_c1', 'r0_c1->r0_c0', 'r0_c0->r0_c1', 'r0_c1->r0_c2', 'r0_c2->r0_c3', 'r0_c3->r0_c4', 'r0_c4->r1_c4', 'r1_c4->r2_c4', 'r2_c4->r3_c4', 'r3_c4->r4_c4')",259.0,prioritized_sipp_coordinator
674,224.0,robot_3,wait,,(),(),224.25,prioritized_sipp_coordinator
675,225.0,robot_1,continue_current_plan,task_4,"('r4_c4', 'r3_c4', 'r2_c4', 'r1_c4', 'r0_c4', 'r0_c3', 'r0_c2', 'r0_c1', 'r0_c0', 'r0_c1', 'r0_c2', 'r0_c3', 'r0_c4', 'r1_c4', 'r2_c4', 'r3_c4', 'r4_c4')","('r4_c4->r3_c4', 'r3_c4->r2_c4', 'r2_c4->r1_c4', 'r1_c4->r0_c4', 'r0_c4->r0_c3', 'r0_c3->r0_c2', 'r0_c2->r0_c1', 'r0_c1->r0_c0', 'r0_c0->r0_c1', 'r0_c1->r0_c2', 'r0_c2->r0_c3', 'r0_c3->r0_c4', 'r0_c4->r1_c4', 'r1_c4->r2_c4', 'r2_c4->r3_c4', 'r3_c4->r4_c4')",246.0,prioritized_sipp_coordinator
676,225.0,robot_2,continue_current_plan,task_5,"('r4_c4', 'r3_c4', 'r2_c4', 'r1_c4', 'r0_c4', 'r0_c3', 'r0_c2', 'r0_c1', 'r0_c0', 'r0_c1', 'r0_c2', 'r0_c3', 'r0_c4', 'r1_c4', 'r2_c4', 'r3_c4', 'r4_c4')","('r4_c4->r3_c4', 'r3_c4->r2_c4', 'r2_c4->r1_c4', 'r1_c4->r0_c4', 'r0_c4->r0_c3', 'r0_c3->r0_c2', 'r0_c2->r0_c1', 'r0_c1->r0_c0', 'r0_c0->r0_c1', 'r0_c1->r0_c2', 'r0_c2->r0_c3', 'r0_c3->r0_c4', 'r0_c4->r1_c4', 'r1_c4->r2_c4', 'r2_c4->r3_c4', 'r3_c4->r4_c4')",259.0,prioritized_sipp_coordinator
677,225.0,robot_3,wait,,(),(),225.25,prioritized_sipp_coordinator
678,226.0,robot_1,continue_current_plan,task_4,"('r4_c4', 'r3_c4', 'r2_c4', 'r1_c4', 'r0_c4', 'r0_c3', 'r0_c2', 'r0_c1', 'r0_c0', 'r0_c1', 'r0_c2', 'r0_c3', 'r0_c4', 'r1_c4', 'r2_c4', 'r3_c4', 'r4_c4')","('r4_c4->r3_c4', 'r3_c4->r2_c4', 'r2_c4->r1_c4', 'r1_c4->r0_c4', 'r0_c4->r0_c3', 'r0_c3->r0_c2', 'r0_c2->r0_c1', 'r0_c1->r0_c0', 'r0_c0->r0_c1', 'r0_c1->r0_c2', 'r0_c2->r0_c3', 'r0_c3->r0_c4', 'r0_c4->r1_c4', 'r1_c4->r2_c4', 'r2_c4->r3_c4', 'r3_c4->r4_c4')",246.0,prioritized_sipp_coordinator
679,226.0,robot_2,continue_current_plan,task_5,"('r4_c4', 'r3_c4', 'r2_c4', 'r1_c4', 'r0_c4', 'r0_c3', 'r0_c2', 'r0_c1', 'r0_c0', 'r0_c1', 'r0_c2', 'r0_c3', 'r0_c4', 'r1_c4', 'r2_c4', 'r3_c4', 'r4_c4')","('r4_c4->r3_c4', 'r3_c4->r2_c4', 'r2_c4->r1_c4', 'r1_c4->r0_c4', 'r0_c4->r0_c3', 'r0_c3->r0_c2', 'r0_c2->r0_c1', 'r0_c1->r0_c0', 'r0_c0->r0_c1', 'r0_c1->r0_c2', 'r0_c2->r0_c3', 'r0_c3->r0_c4', 'r0_c4->r1_c4', 'r1_c4->r2_c4', 'r2_c4->r3_c4', 'r3_c4->r4_c4')",259.0,prioritized_sipp_coordinator
680,226.0,robot_3,wait,,(),(),226.25,prioritized_sipp_coordinator
681,227.0,robot_1,continue_current_plan,task_4,"('r4_c4', 'r3_c4', 'r2_c4', 'r1_c4', 'r0_c4', 'r0_c3', 'r0_c2', 'r0_c1', 'r0_c0', 'r0_c1', 'r0_c2', 'r0_c3', 'r0_c4', 'r1_c4', 'r2_c4', 'r3_c4', 'r4_c4')","('r4_c4->r3_c4', 'r3_c4->r2_c4', 'r2_c4->r1_c4', 'r1_c4->r0_c4', 'r0_c4->r0_c3', 'r0_c3->r0_c2', 'r0_c2->r0_c1', 'r0_c1->r0_c0', 'r0_c0->r0_c1', 'r0_c1->r0_c2', 'r0_c2->r0_c3', 'r0_c3->r0_c4', 'r0_c4->r1_c4', 'r1_c4->r2_c4', 'r2_c4->r3_c4', 'r3_c4->r4_c4')",246.0,prioritized_sipp_coordinator
682,227.0,robot_2,continue_current_plan,task_5,"('r4_c4', 'r3_c4', 'r2_c4', 'r1_c4', 'r0_c4', 'r0_c3', 'r0_c2', 'r0_c1', 'r0_c0', 'r0_c1', 'r0_c2', 'r0_c3', 'r0_c4', 'r1_c4', 'r2_c4', 'r3_c4', 'r4_c4')","('r4_c4->r3_c4', 'r3_c4->r2_c4', 'r2_c4->r1_c4', 'r1_c4->r0_c4', 'r0_c4->r0_c3', 'r0_c3->r0_c2', 'r0_c2->r0_c1', 'r0_c1->r0_c0', 'r0_c0->r0_c1', 'r0_c1->r0_c2', 'r0_c2->r0_c3', 'r0_c3->r0_c4', 'r0_c4->r1_c4', 'r1_c4->r2_c4', 'r2_c4->r3_c4', 'r3_c4->r4_c4')",259.0,prioritized_sipp_coordinator
683,227.0,robot_3,wait,,(),(),227.25,prioritized_sipp_coordinator
684,228.0,robot_1,continue_current_plan,task_4,"('r4_c4', 'r3_c4', 'r2_c4', 'r1_c4', 'r0_c4', 'r0_c3', 'r0_c2', 'r0_c1', 'r0_c0', 'r0_c1', 'r0_c2', 'r0_c3', 'r0_c4', 'r1_c4', 'r2_c4', 'r3_c4', 'r4_c4')","('r4_c4->r3_c4', 'r3_c4->r2_c4', 'r2_c4->r1_c4', 'r1_c4->r0_c4', 'r0_c4->r0_c3', 'r0_c3->r0_c2', 'r0_c2->r0_c1', 'r0_c1->r0_c0', 'r0_c0->r0_c1', 'r0_c1->r0_c2', 'r0_c2->r0_c3', 'r0_c3->r0_c4', 'r0_c4->r1_c4', 'r1_c4->r2_c4', 'r2_c4->r3_c4', 'r3_c4->r4_c4')",246.0,prioritized_sipp_coordinator
685,228.0,robot_2,continue_current_plan,task_5,"('r4_c4', 'r3_c4', 'r2_c4', 'r1_c4', 'r0_c4', 'r0_c3', 'r0_c2', 'r0_c1', 'r0_c0', 'r0_c1', 'r0_c2', 'r0_c3', 'r0_c4', 'r1_c4', 'r2_c4', 'r3_c4', 'r4_c4')","('r4_c4->r3_c4', 'r3_c4->r2_c4', 'r2_c4->r1_c4', 'r1_c4->r0_c4', 'r0_c4->r0_c3', 'r0_c3->r0_c2', 'r0_c2->r0_c1', 'r0_c1->r0_c0', 'r0_c0->r0_c1', 'r0_c1->r0_c2', 'r0_c2->r0_c3', 'r0_c3->r0_c4', 'r0_c4->r1_c4', 'r1_c4->r2_c4', 'r2_c4->r3_c4', 'r3_c4->r4_c4')",259.0,prioritized_sipp_coordinator
686,228.0,robot_3,wait,,(),(),228.25,prioritized_sipp_coordinator
687,229.0,robot_1,continue_current_plan,task_4,"('r4_c4', 'r3_c4', 'r2_c4', 'r1_c4', 'r0_c4', 'r0_c3', 'r0_c2', 'r0_c1', 'r0_c0', 'r0_c1', 'r0_c2', 'r0_c3', 'r0_c4', 'r1_c4', 'r2_c4', 'r3_c4', 'r4_c4')","('r4_c4->r3_c4', 'r3_c4->r2_c4', 'r2_c4->r1_c4', 'r1_c4->r0_c4', 'r0_c4->r0_c3', 'r0_c3->r0_c2', 'r0_c2->r0_c1', 'r0_c1->r0_c0', 'r0_c0->r0_c1', 'r0_c1->r0_c2', 'r0_c2->r0_c3', 'r0_c3->r0_c4', 'r0_c4->r1_c4', 'r1_c4->r2_c4', 'r2_c4->r3_c4', 'r3_c4->r4_c4')",246.0,prioritized_sipp_coordinator
688,229.0,robot_2,continue_current_plan,task_5,"('r4_c4', 'r3_c4', 'r2_c4', 'r1_c4', 'r0_c4', 'r0_c3', 'r0_c2', 'r0_c1', 'r0_c0', 'r0_c1', 'r0_c2', 'r0_c3', 'r0_c4', 'r1_c4', 'r2_c4', 'r3_c4', 'r4_c4')","('r4_c4->r3_c4', 'r3_c4->r2_c4', 'r2_c4->r1_c4', 'r1_c4->r0_c4', 'r0_c4->r0_c3', 'r0_c3->r0_c2', 'r0_c2->r0_c1', 'r0_c1->r0_c0', 'r0_c0->r0_c1', 'r0_c1->r0_c2', 'r0_c2->r0_c3', 'r0_c3->r0_c4', 'r0_c4->r1_c4', 'r1_c4->r2_c4', 'r2_c4->r3_c4', 'r3_c4->r4_c4')",259.0,prioritized_sipp_coordinator
689,229.0,robot_3,wait,,(),(),229.25,prioritized_sipp_coordinator
690,230.0,robot_1,continue_current_plan,task_4,"('r4_c4', 'r3_c4', 'r2_c4', 'r1_c4', 'r0_c4', 'r0_c3', 'r0_c2', 'r0_c1', 'r0_c0', 'r0_c1', 'r0_c2', 'r0_c3', 'r0_c4', 'r1_c4', 'r2_c4', 'r3_c4', 'r4_c4')","('r4_c4->r3_c4', 'r3_c4->r2_c4', 'r2_c4->r1_c4', 'r1_c4->r0_c4', 'r0_c4->r0_c3', 'r0_c3->r0_c2', 'r0_c2->r0_c1', 'r0_c1->r0_c0', 'r0_c0->r0_c1', 'r0_c1->r0_c2', 'r0_c2->r0_c3', 'r0_c3->r0_c4', 'r0_c4->r1_c4', 'r1_c4->r2_c4', 'r2_c4->r3_c4', 'r3_c4->r4_c4')",246.0,prioritized_sipp_coordinator
691,230.0,robot_2,continue_current_plan,task_5,"('r4_c4', 'r3_c4', 'r2_c4', 'r1_c4', 'r0_c4', 'r0_c3', 'r0_c2', 'r0_c1', 'r0_c0', 'r0_c1', 'r0_c2', 'r0_c3', 'r0_c4', 'r1_c4', 'r2_c4', 'r3_c4', 'r4_c4')","('r4_c4->r3_c4', 'r3_c4->r2_c4', 'r2_c4->r1_c4', 'r1_c4->r0_c4', 'r0_c4->r0_c3', 'r0_c3->r0_c2', 'r0_c2->r0_c1', 'r0_c1->r0_c0', 'r0_c0->r0_c1', 'r0_c1->r0_c2', 'r0_c2->r0_c3', 'r0_c3->r0_c4', 'r0_c4->r1_c4', 'r1_c4->r2_c4', 'r2_c4->r3_c4', 'r3_c4->r4_c4')",259.0,prioritized_sipp_coordinator
692,230.0,robot_3,wait,,(),(),230.25,prioritized_sipp_coordinator
693,231.0,robot_1,continue_current_plan,task_4,"('r4_c4', 'r3_c4', 'r2_c4', 'r1_c4', 'r0_c4', 'r0_c3', 'r0_c2', 'r0_c1', 'r0_c0', 'r0_c1', 'r0_c2', 'r0_c3', 'r0_c4', 'r1_c4', 'r2_c4', 'r3_c4', 'r4_c4')","('r4_c4->r3_c4', 'r3_c4->r2_c4', 'r2_c4->r1_c4', 'r1_c4->r0_c4', 'r0_c4->r0_c3', 'r0_c3->r0_c2', 'r0_c2->r0_c1', 'r0_c1->r0_c0', 'r0_c0->r0_c1', 'r0_c1->r0_c2', 'r0_c2->r0_c3', 'r0_c3->r0_c4', 'r0_c4->r1_c4', 'r1_c4->r2_c4', 'r2_c4->r3_c4', 'r3_c4->r4_c4')",246.0,prioritized_sipp_coordinator
694,231.0,robot_2,continue_current_plan,task_5,"('r4_c4', 'r3_c4', 'r2_c4', 'r1_c4', 'r0_c4', 'r0_c3', 'r0_c2', 'r0_c1', 'r0_c0', 'r0_c1', 'r0_c2', 'r0_c3', 'r0_c4', 'r1_c4', 'r2_c4', 'r3_c4', 'r4_c4')","('r4_c4->r3_c4', 'r3_c4->r2_c4', 'r2_c4->r1_c4', 'r1_c4->r0_c4', 'r0_c4->r0_c3', 'r0_c3->r0_c2', 'r0_c2->r0_c1', 'r0_c1->r0_c0', 'r0_c0->r0_c1', 'r0_c1->r0_c2', 'r0_c2->r0_c3', 'r0_c3->r0_c4', 'r0_c4->r1_c4', 'r1_c4->r2_c4', 'r2_c4->r3_c4', 'r3_c4->r4_c4')",259.0,prioritized_sipp_coordinator
695,231.0,robot_3,wait,,(),(),231.25,prioritized_sipp_coordinator
696,232.0,robot_1,continue_current_plan,task_4,"('r4_c4', 'r3_c4', 'r2_c4', 'r1_c4', 'r0_c4', 'r0_c3', 'r0_c2', 'r0_c1', 'r0_c0', 'r0_c1', 'r0_c2', 'r0_c3', 'r0_c4', 'r1_c4', 'r2_c4', 'r3_c4', 'r4_c4')","('r4_c4->r3_c4', 'r3_c4->r2_c4', 'r2_c4->r1_c4', 'r1_c4->r0_c4', 'r0_c4->r0_c3', 'r0_c3->r0_c2', 'r0_c2->r0_c1', 'r0_c1->r0_c0', 'r0_c0->r0_c1', 'r0_c1->r0_c2', 'r0_c2->r0_c3', 'r0_c3->r0_c4', 'r0_c4->r1_c4', 'r1_c4->r2_c4', 'r2_c4->r3_c4', 'r3_c4->r4_c4')",246.0,prioritized_sipp_coordinator
697,232.0,robot_2,continue_current_plan,task_5,"('r4_c4', 'r3_c4', 'r2_c4', 'r1_c4', 'r0_c4', 'r0_c3', 'r0_c2', 'r0_c1', 'r0_c0', 'r0_c1', 'r0_c2', 'r0_c3', 'r0_c4', 'r1_c4', 'r2_c4', 'r3_c4', 'r4_c4')","('r4_c4->r3_c4', 'r3_c4->r2_c4', 'r2_c4->r1_c4', 'r1_c4->r0_c4', 'r0_c4->r0_c3', 'r0_c3->r0_c2', 'r0_c2->r0_c1', 'r0_c1->r0_c0', 'r0_c0->r0_c1', 'r0_c1->r0_c2', 'r0_c2->r0_c3', 'r0_c3->r0_c4', 'r0_c4->r1_c4', 'r1_c4->r2_c4', 'r2_c4->r3_c4', 'r3_c4->r4_c4')",259.0,prioritized_sipp_coordinator
698,232.0,robot_3,wait,,(),(),232.25,prioritized_sipp_coordinator
699,233.0,robot_1,continue_current_plan,task_4,"('r4_c4', 'r3_c4', 'r2_c4', 'r1_c4', 'r0_c4', 'r0_c3', 'r0_c2', 'r0_c1', 'r0_c0', 'r0_c1', 'r0_c2', 'r0_c3', 'r0_c4', 'r1_c4', 'r2_c4', 'r3_c4', 'r4_c4')","('r4_c4->r3_c4', 'r3_c4->r2_c4', 'r2_c4->r1_c4', 'r1_c4->r0_c4', 'r0_c4->r0_c3', 'r0_c3->r0_c2', 'r0_c2->r0_c1', 'r0_c1->r0_c0', 'r0_c0->r0_c1', 'r0_c1->r0_c2', 'r0_c2->r0_c3', 'r0_c3->r0_c4', 'r0_c4->r1_c4', 'r1_c4->r2_c4', 'r2_c4->r3_c4', 'r3_c4->r4_c4')",246.0,prioritized_sipp_coordinator
700,233.0,robot_2,continue_current_plan,task_5,"('r4_c4', 'r3_c4', 'r2_c4', 'r1_c4', 'r0_c4', 'r0_c3', 'r0_c2', 'r0_c1', 'r0_c0', 'r0_c1', 'r0_c2', 'r0_c3', 'r0_c4', 'r1_c4', 'r2_c4', 'r3_c4', 'r4_c4')","('r4_c4->r3_c4', 'r3_c4->r2_c4', 'r2_c4->r1_c4', 'r1_c4->r0_c4', 'r0_c4->r0_c3', 'r0_c3->r0_c2', 'r0_c2->r0_c1', 'r0_c1->r0_c0', 'r0_c0->r0_c1', 'r0_c1->r0_c2', 'r0_c2->r0_c3', 'r0_c3->r0_c4', 'r0_c4->r1_c4', 'r1_c4->r2_c4', 'r2_c4->r3_c4', 'r3_c4->r4_c4')",259.0,prioritized_sipp_coordinator
701,233.0,robot_3,wait,,(),(),233.25,prioritized_sipp_coordinator
702,234.0,robot_1,continue_current_plan,task_4,"('r4_c4', 'r3_c4', 'r2_c4', 'r1_c4', 'r0_c4', 'r0_c3', 'r0_c2', 'r0_c1', 'r0_c0', 'r0_c1', 'r0_c2', 'r0_c3', 'r0_c4', 'r1_c4', 'r2_c4', 'r3_c4', 'r4_c4')","('r4_c4->r3_c4', 'r3_c4->r2_c4', 'r2_c4->r1_c4', 'r1_c4->r0_c4', 'r0_c4->r0_c3', 'r0_c3->r0_c2', 'r0_c2->r0_c1', 'r0_c1->r0_c0', 'r0_c0->r0_c1', 'r0_c1->r0_c2', 'r0_c2->r0_c3', 'r0_c3->r0_c4', 'r0_c4->r1_c4', 'r1_c4->r2_c4', 'r2_c4->r3_c4', 'r3_c4->r4_c4')",246.0,prioritized_sipp_coordinator
703,234.0,robot_2,continue_current_plan,task_5,"('r4_c4', 'r3_c4', 'r2_c4', 'r1_c4', 'r0_c4', 'r0_c3', 'r0_c2', 'r0_c1', 'r0_c0', 'r0_c1', 'r0_c2', 'r0_c3', 'r0_c4', 'r1_c4', 'r2_c4', 'r3_c4', 'r4_c4')","('r4_c4->r3_c4', 'r3_c4->r2_c4', 'r2_c4->r1_c4', 'r1_c4->r0_c4', 'r0_c4->r0_c3', 'r0_c3->r0_c2', 'r0_c2->r0_c1', 'r0_c1->r0_c0', 'r0_c0->r0_c1', 'r0_c1->r0_c2', 'r0_c2->r0_c3', 'r0_c3->r0_c4', 'r0_c4->r1_c4', 'r1_c4->r2_c4', 'r2_c4->r3_c4', 'r3_c4->r4_c4')",259.0,prioritized_sipp_coordinator
704,234.0,robot_3,wait,,(),(),234.25,prioritized_sipp_coordinator
705,235.0,robot_1,continue_current_plan,task_4,"('r4_c4', 'r3_c4', 'r2_c4', 'r1_c4', 'r0_c4', 'r0_c3', 'r0_c2', 'r0_c1', 'r0_c0', 'r0_c1', 'r0_c2', 'r0_c3', 'r0_c4', 'r1_c4', 'r2_c4', 'r3_c4', 'r4_c4')","('r4_c4->r3_c4', 'r3_c4->r2_c4', 'r2_c4->r1_c4', 'r1_c4->r0_c4', 'r0_c4->r0_c3', 'r0_c3->r0_c2', 'r0_c2->r0_c1', 'r0_c1->r0_c0', 'r0_c0->r0_c1', 'r0_c1->r0_c2', 'r0_c2->r0_c3', 'r0_c3->r0_c4', 'r0_c4->r1_c4', 'r1_c4->r2_c4', 'r2_c4->r3_c4', 'r3_c4->r4_c4')",246.0,prioritized_sipp_coordinator
706,235.0,robot_2,continue_current_plan,task_5,"('r4_c4', 'r3_c4', 'r2_c4', 'r1_c4', 'r0_c4', 'r0_c3', 'r0_c2', 'r0_c1', 'r0_c0', 'r0_c1', 'r0_c2', 'r0_c3', 'r0_c4', 'r1_c4', 'r2_c4', 'r3_c4', 'r4_c4')","('r4_c4->r3_c4', 'r3_c4->r2_c4', 'r2_c4->r1_c4', 'r1_c4->r0_c4', 'r0_c4->r0_c3', 'r0_c3->r0_c2', 'r0_c2->r0_c1', 'r0_c1->r0_c0', 'r0_c0->r0_c1', 'r0_c1->r0_c2', 'r0_c2->r0_c3', 'r0_c3->r0_c4', 'r0_c4->r1_c4', 'r1_c4->r2_c4', 'r2_c4->r3_c4', 'r3_c4->r4_c4')",259.0,prioritized_sipp_coordinator
707,235.0,robot_3,wait,,(),(),235.25,prioritized_sipp_coordinator
708,236.0,robot_1,continue_current_plan,task_4,"('r4_c4', 'r3_c4', 'r2_c4', 'r1_c4', 'r0_c4', 'r0_c3', 'r0_c2', 'r0_c1', 'r0_c0', 'r0_c1', 'r0_c2', 'r0_c3', 'r0_c4', 'r1_c4', 'r2_c4', 'r3_c4', 'r4_c4')","('r4_c4->r3_c4', 'r3_c4->r2_c4', 'r2_c4->r1_c4', 'r1_c4->r0_c4', 'r0_c4->r0_c3', 'r0_c3->r0_c2', 'r0_c2->r0_c1', 'r0_c1->r0_c0', 'r0_c0->r0_c1', 'r0_c1->r0_c2', 'r0_c2->r0_c3', 'r0_c3->r0_c4', 'r0_c4->r1_c4', 'r1_c4->r2_c4', 'r2_c4->r3_c4', 'r3_c4->r4_c4')",246.0,prioritized_sipp_coordinator
709,236.0,robot_2,continue_current_plan,task_5,"('r4_c4', 'r3_c4', 'r2_c4', 'r1_c4', 'r0_c4', 'r0_c3', 'r0_c2', 'r0_c1', 'r0_c0', 'r0_c1', 'r0_c2', 'r0_c3', 'r0_c4', 'r1_c4', 'r2_c4', 'r3_c4', 'r4_c4')","('r4_c4->r3_c4', 'r3_c4->r2_c4', 'r2_c4->r1_c4', 'r1_c4->r0_c4', 'r0_c4->r0_c3', 'r0_c3->r0_c2', 'r0_c2->r0_c1', 'r0_c1->r0_c0', 'r0_c0->r0_c1', 'r0_c1->r0_c2', 'r0_c2->r0_c3', 'r0_c3->r0_c4', 'r0_c4->r1_c4', 'r1_c4->r2_c4', 'r2_c4->r3_c4', 'r3_c4->r4_c4')",259.0,prioritized_sipp_coordinator
710,236.0,robot_3,wait,,(),(),236.25,prioritized_sipp_coordinator
711,237.0,robot_1,continue_current_plan,task_4,"('r4_c4', 'r3_c4', 'r2_c4', 'r1_c4', 'r0_c4', 'r0_c3', 'r0_c2', 'r0_c1', 'r0_c0', 'r0_c1', 'r0_c2', 'r0_c3', 'r0_c4', 'r1_c4', 'r2_c4', 'r3_c4', 'r4_c4')","('r4_c4->r3_c4', 'r3_c4->r2_c4', 'r2_c4->r1_c4', 'r1_c4->r0_c4', 'r0_c4->r0_c3', 'r0_c3->r0_c2', 'r0_c2->r0_c1', 'r0_c1->r0_c0', 'r0_c0->r0_c1', 'r0_c1->r0_c2', 'r0_c2->r0_c3', 'r0_c3->r0_c4', 'r0_c4->r1_c4', 'r1_c4->r2_c4', 'r2_c4->r3_c4', 'r3_c4->r4_c4')",246.0,prioritized_sipp_coordinator
712,237.0,robot_2,continue_current_plan,task_5,"('r4_c4', 'r3_c4', 'r2_c4', 'r1_c4', 'r0_c4', 'r0_c3', 'r0_c2', 'r0_c1', 'r0_c0', 'r0_c1', 'r0_c2', 'r0_c3', 'r0_c4', 'r1_c4', 'r2_c4', 'r3_c4', 'r4_c4')","('r4_c4->r3_c4', 'r3_c4->r2_c4', 'r2_c4->r1_c4', 'r1_c4->r0_c4', 'r0_c4->r0_c3', 'r0_c3->r0_c2', 'r0_c2->r0_c1', 'r0_c1->r0_c0', 'r0_c0->r0_c1', 'r0_c1->r0_c2', 'r0_c2->r0_c3', 'r0_c3->r0_c4', 'r0_c4->r1_c4', 'r1_c4->r2_c4', 'r2_c4->r3_c4', 'r3_c4->r4_c4')",259.0,prioritized_sipp_coordinator
713,237.0,robot_3,wait,,(),(),237.25,prioritized_sipp_coordinator
714,238.0,robot_1,continue_current_plan,task_4,"('r4_c4', 'r3_c4', 'r2_c4', 'r1_c4', 'r0_c4', 'r0_c3', 'r0_c2', 'r0_c1', 'r0_c0', 'r0_c1', 'r0_c2', 'r0_c3', 'r0_c4', 'r1_c4', 'r2_c4', 'r3_c4', 'r4_c4')","('r4_c4->r3_c4', 'r3_c4->r2_c4', 'r2_c4->r1_c4', 'r1_c4->r0_c4', 'r0_c4->r0_c3', 'r0_c3->r0_c2', 'r0_c2->r0_c1', 'r0_c1->r0_c0', 'r0_c0->r0_c1', 'r0_c1->r0_c2', 'r0_c2->r0_c3', 'r0_c3->r0_c4', 'r0_c4->r1_c4', 'r1_c4->r2_c4', 'r2_c4->r3_c4', 'r3_c4->r4_c4')",246.0,prioritized_sipp_coordinator
715,238.0,robot_2,continue_current_plan,task_5,"('r4_c4', 'r3_c4', 'r2_c4', 'r1_c4', 'r0_c4', 'r0_c3', 'r0_c2', 'r0_c1', 'r0_c0', 'r0_c1', 'r0_c2', 'r0_c3', 'r0_c4', 'r1_c4', 'r2_c4', 'r3_c4', 'r4_c4')","('r4_c4->r3_c4', 'r3_c4->r2_c4', 'r2_c4->r1_c4', 'r1_c4->r0_c4', 'r0_c4->r0_c3', 'r0_c3->r0_c2', 'r0_c2->r0_c1', 'r0_c1->r0_c0', 'r0_c0->r0_c1', 'r0_c1->r0_c2', 'r0_c2->r0_c3', 'r0_c3->r0_c4', 'r0_c4->r1_c4', 'r1_c4->r2_c4', 'r2_c4->r3_c4', 'r3_c4->r4_c4')",259.0,prioritized_sipp_coordinator
716,238.0,robot_3,wait,,(),(),238.25,prioritized_sipp_coordinator
717,239.0,robot_1,continue_current_plan,task_4,"('r4_c4', 'r3_c4', 'r2_c4', 'r1_c4', 'r0_c4', 'r0_c3', 'r0_c2', 'r0_c1', 'r0_c0', 'r0_c1', 'r0_c2', 'r0_c3', 'r0_c4', 'r1_c4', 'r2_c4', 'r3_c4', 'r4_c4')","('r4_c4->r3_c4', 'r3_c4->r2_c4', 'r2_c4->r1_c4', 'r1_c4->r0_c4', 'r0_c4->r0_c3', 'r0_c3->r0_c2', 'r0_c2->r0_c1', 'r0_c1->r0_c0', 'r0_c0->r0_c1', 'r0_c1->r0_c2', 'r0_c2->r0_c3', 'r0_c3->r0_c4', 'r0_c4->r1_c4', 'r1_c4->r2_c4', 'r2_c4->r3_c4', 'r3_c4->r4_c4')",246.0,prioritized_sipp_coordinator
718,239.0,robot_2,continue_current_plan,task_5,"('r4_c4', 'r3_c4', 'r2_c4', 'r1_c4', 'r0_c4', 'r0_c3', 'r0_c2', 'r0_c1', 'r0_c0', 'r0_c1', 'r0_c2', 'r0_c3', 'r0_c4', 'r1_c4', 'r2_c4', 'r3_c4', 'r4_c4')","('r4_c4->r3_c4', 'r3_c4->r2_c4', 'r2_c4->r1_c4', 'r1_c4->r0_c4', 'r0_c4->r0_c3', 'r0_c3->r0_c2', 'r0_c2->r0_c1', 'r0_c1->r0_c0', 'r0_c0->r0_c1', 'r0_c1->r0_c2', 'r0_c2->r0_c3', 'r0_c3->r0_c4', 'r0_c4->r1_c4', 'r1_c4->r2_c4', 'r2_c4->r3_c4', 'r3_c4->r4_c4')",259.0,prioritized_sipp_coordinator
719,239.0,robot_3,wait,,(),(),239.25,prioritized_sipp_coordinator
720,240.0,robot_1,continue_current_plan,task_4,"('r4_c4', 'r3_c4', 'r2_c4', 'r1_c4', 'r0_c4', 'r0_c3', 'r0_c2', 'r0_c1', 'r0_c0', 'r0_c1', 'r0_c2', 'r0_c3', 'r0_c4', 'r1_c4', 'r2_c4', 'r3_c4', 'r4_c4')","('r4_c4->r3_c4', 'r3_c4->r2_c4', 'r2_c4->r1_c4', 'r1_c4->r0_c4', 'r0_c4->r0_c3', 'r0_c3->r0_c2', 'r0_c2->r0_c1', 'r0_c1->r0_c0', 'r0_c0->r0_c1', 'r0_c1->r0_c2', 'r0_c2->r0_c3', 'r0_c3->r0_c4', 'r0_c4->r1_c4', 'r1_c4->r2_c4', 'r2_c4->r3_c4', 'r3_c4->r4_c4')",246.0,prioritized_sipp_coordinator
721,240.0,robot_2,continue_current_plan,task_5,"('r4_c4', 'r3_c4', 'r2_c4', 'r1_c4', 'r0_c4', 'r0_c3', 'r0_c2', 'r0_c1', 'r0_c0', 'r0_c1', 'r0_c2', 'r0_c3', 'r0_c4', 'r1_c4', 'r2_c4', 'r3_c4', 'r4_c4')","('r4_c4->r3_c4', 'r3_c4->r2_c4', 'r2_c4->r1_c4', 'r1_c4->r0_c4', 'r0_c4->r0_c3', 'r0_c3->r0_c2', 'r0_c2->r0_c1', 'r0_c1->r0_c0', 'r0_c0->r0_c1', 'r0_c1->r0_c2', 'r0_c2->r0_c3', 'r0_c3->r0_c4', 'r0_c4->r1_c4', 'r1_c4->r2_c4', 'r2_c4->r3_c4', 'r3_c4->r4_c4')",259.0,prioritized_sipp_coordinator
722,240.0,robot_3,wait,,(),(),240.25,prioritized_sipp_coordinator
723,241.0,robot_1,continue_current_plan,task_4,"('r4_c4', 'r3_c4', 'r2_c4', 'r1_c4', 'r0_c4', 'r0_c3', 'r0_c2', 'r0_c1', 'r0_c0', 'r0_c1', 'r0_c2', 'r0_c3', 'r0_c4', 'r1_c4', 'r2_c4', 'r3_c4', 'r4_c4')","('r4_c4->r3_c4', 'r3_c4->r2_c4', 'r2_c4->r1_c4', 'r1_c4->r0_c4', 'r0_c4->r0_c3', 'r0_c3->r0_c2', 'r0_c2->r0_c1', 'r0_c1->r0_c0', 'r0_c0->r0_c1', 'r0_c1->r0_c2', 'r0_c2->r0_c3', 'r0_c3->r0_c4', 'r0_c4->r1_c4', 'r1_c4->r2_c4', 'r2_c4->r3_c4', 'r3_c4->r4_c4')",246.0,prioritized_sipp_coordinator
724,241.0,robot_2,continue_current_plan,task_5,"('r4_c4', 'r3_c4', 'r2_c4', 'r1_c4', 'r0_c4', 'r0_c3', 'r0_c2', 'r0_c1', 'r0_c0', 'r0_c1', 'r0_c2', 'r0_c3', 'r0_c4', 'r1_c4', 'r2_c4', 'r3_c4', 'r4_c4')","('r4_c4->r3_c4', 'r3_c4->r2_c4', 'r2_c4->r1_c4', 'r1_c4->r0_c4', 'r0_c4->r0_c3', 'r0_c3->r0_c2', 'r0_c2->r0_c1', 'r0_c1->r0_c0', 'r0_c0->r0_c1', 'r0_c1->r0_c2', 'r0_c2->r0_c3', 'r0_c3->r0_c4', 'r0_c4->r1_c4', 'r1_c4->r2_c4', 'r2_c4->r3_c4', 'r3_c4->r4_c4')",259.0,prioritized_sipp_coordinator
725,241.0,robot_3,wait,,(),(),241.25,prioritized_sipp_coordinator
726,242.0,robot_1,continue_current_plan,task_4,"('r4_c4', 'r3_c4', 'r2_c4', 'r1_c4', 'r0_c4', 'r0_c3', 'r0_c2', 'r0_c1', 'r0_c0', 'r0_c1', 'r0_c2', 'r0_c3', 'r0_c4', 'r1_c4', 'r2_c4', 'r3_c4', 'r4_c4')","('r4_c4->r3_c4', 'r3_c4->r2_c4', 'r2_c4->r1_c4', 'r1_c4->r0_c4', 'r0_c4->r0_c3', 'r0_c3->r0_c2', 'r0_c2->r0_c1', 'r0_c1->r0_c0', 'r0_c0->r0_c1', 'r0_c1->r0_c2', 'r0_c2->r0_c3', 'r0_c3->r0_c4', 'r0_c4->r1_c4', 'r1_c4->r2_c4', 'r2_c4->r3_c4', 'r3_c4->r4_c4')",246.0,prioritized_sipp_coordinator
727,242.0,robot_2,continue_current_plan,task_5,"('r4_c4', 'r3_c4', 'r2_c4', 'r1_c4', 'r0_c4', 'r0_c3', 'r0_c2', 'r0_c1', 'r0_c0', 'r0_c1', 'r0_c2', 'r0_c3', 'r0_c4', 'r1_c4', 'r2_c4', 'r3_c4', 'r4_c4')","('r4_c4->r3_c4', 'r3_c4->r2_c4', 'r2_c4->r1_c4', 'r1_c4->r0_c4', 'r0_c4->r0_c3', 'r0_c3->r0_c2', 'r0_c2->r0_c1', 'r0_c1->r0_c0', 'r0_c0->r0_c1', 'r0_c1->r0_c2', 'r0_c2->r0_c3', 'r0_c3->r0_c4', 'r0_c4->r1_c4', 'r1_c4->r2_c4', 'r2_c4->r3_c4', 'r3_c4->r4_c4')",259.0,prioritized_sipp_coordinator
728,242.0,robot_3,wait,,(),(),242.25,prioritized_sipp_coordinator
729,243.0,robot_1,continue_current_plan,task_4,"('r4_c4', 'r3_c4', 'r2_c4', 'r1_c4', 'r0_c4', 'r0_c3', 'r0_c2', 'r0_c1', 'r0_c0', 'r0_c1', 'r0_c2', 'r0_c3', 'r0_c4', 'r1_c4', 'r2_c4', 'r3_c4', 'r4_c4')","('r4_c4->r3_c4', 'r3_c4->r2_c4', 'r2_c4->r1_c4', 'r1_c4->r0_c4', 'r0_c4->r0_c3', 'r0_c3->r0_c2', 'r0_c2->r0_c1', 'r0_c1->r0_c0', 'r0_c0->r0_c1', 'r0_c1->r0_c2', 'r0_c2->r0_c3', 'r0_c3->r0_c4', 'r0_c4->r1_c4', 'r1_c4->r2_c4', 'r2_c4->r3_c4', 'r3_c4->r4_c4')",246.0,prioritized_sipp_coordinator
730,243.0,robot_2,continue_current_plan,task_5,"('r4_c4', 'r3_c4', 'r2_c4', 'r1_c4', 'r0_c4', 'r0_c3', 'r0_c2', 'r0_c1', 'r0_c0', 'r0_c1', 'r0_c2', 'r0_c3', 'r0_c4', 'r1_c4', 'r2_c4', 'r3_c4', 'r4_c4')","('r4_c4->r3_c4', 'r3_c4->r2_c4', 'r2_c4->r1_c4', 'r1_c4->r0_c4', 'r0_c4->r0_c3', 'r0_c3->r0_c2', 'r0_c2->r0_c1', 'r0_c1->r0_c0', 'r0_c0->r0_c1', 'r0_c1->r0_c2', 'r0_c2->r0_c3', 'r0_c3->r0_c4', 'r0_c4->r1_c4', 'r1_c4->r2_c4', 'r2_c4->r3_c4', 'r3_c4->r4_c4')",259.0,prioritized_sipp_coordinator
731,243.0,robot_3,wait,,(),(),243.25,prioritized_sipp_coordinator
732,244.0,robot_1,continue_current_plan,task_4,"('r4_c4', 'r3_c4', 'r2_c4', 'r1_c4', 'r0_c4', 'r0_c3', 'r0_c2', 'r0_c1', 'r0_c0', 'r0_c1', 'r0_c2', 'r0_c3', 'r0_c4', 'r1_c4', 'r2_c4', 'r3_c4', 'r4_c4')","('r4_c4->r3_c4', 'r3_c4->r2_c4', 'r2_c4->r1_c4', 'r1_c4->r0_c4', 'r0_c4->r0_c3', 'r0_c3->r0_c2', 'r0_c2->r0_c1', 'r0_c1->r0_c0', 'r0_c0->r0_c1', 'r0_c1->r0_c2', 'r0_c2->r0_c3', 'r0_c3->r0_c4', 'r0_c4->r1_c4', 'r1_c4->r2_c4', 'r2_c4->r3_c4', 'r3_c4->r4_c4')",246.0,prioritized_sipp_coordinator
733,244.0,robot_2,continue_current_plan,task_5,"('r4_c4', 'r3_c4', 'r2_c4', 'r1_c4', 'r0_c4', 'r0_c3', 'r0_c2', 'r0_c1', 'r0_c0', 'r0_c1', 'r0_c2', 'r0_c3', 'r0_c4', 'r1_c4', 'r2_c4', 'r3_c4', 'r4_c4')","('r4_c4->r3_c4', 'r3_c4->r2_c4', 'r2_c4->r1_c4', 'r1_c4->r0_c4', 'r0_c4->r0_c3', 'r0_c3->r0_c2', 'r0_c2->r0_c1', 'r0_c1->r0_c0', 'r0_c0->r0_c1', 'r0_c1->r0_c2', 'r0_c2->r0_c3', 'r0_c3->r0_c4', 'r0_c4->r1_c4', 'r1_c4->r2_c4', 'r2_c4->r3_c4', 'r3_c4->r4_c4')",259.0,prioritized_sipp_coordinator
734,244.0,robot_3,wait,,(),(),244.25,prioritized_sipp_coordinator
735,245.0,robot_1,continue_current_plan,task_4,"('r4_c4', 'r3_c4', 'r2_c4', 'r1_c4', 'r0_c4', 'r0_c3', 'r0_c2', 'r0_c1', 'r0_c0', 'r0_c1', 'r0_c2', 'r0_c3', 'r0_c4', 'r1_c4', 'r2_c4', 'r3_c4', 'r4_c4')","('r4_c4->r3_c4', 'r3_c4->r2_c4', 'r2_c4->r1_c4', 'r1_c4->r0_c4', 'r0_c4->r0_c3', 'r0_c3->r0_c2', 'r0_c2->r0_c1', 'r0_c1->r0_c0', 'r0_c0->r0_c1', 'r0_c1->r0_c2', 'r0_c2->r0_c3', 'r0_c3->r0_c4', 'r0_c4->r1_c4', 'r1_c4->r2_c4', 'r2_c4->r3_c4', 'r3_c4->r4_c4')",246.0,prioritized_sipp_coordinator
736,245.0,robot_2,continue_current_plan,task_5,"('r4_c4', 'r3_c4', 'r2_c4', 'r1_c4', 'r0_c4', 'r0_c3', 'r0_c2', 'r0_c1', 'r0_c0', 'r0_c1', 'r0_c2', 'r0_c3', 'r0_c4', 'r1_c4', 'r2_c4', 'r3_c4', 'r4_c4')","('r4_c4->r3_c4', 'r3_c4->r2_c4', 'r2_c4->r1_c4', 'r1_c4->r0_c4', 'r0_c4->r0_c3', 'r0_c3->r0_c2', 'r0_c2->r0_c1', 'r0_c1->r0_c0', 'r0_c0->r0_c1', 'r0_c1->r0_c2', 'r0_c2->r0_c3', 'r0_c3->r0_c4', 'r0_c4->r1_c4', 'r1_c4->r2_c4', 'r2_c4->r3_c4', 'r3_c4->r4_c4')",259.0,prioritized_sipp_coordinator
737,245.0,robot_3,wait,,(),(),245.25,prioritized_sipp_coordinator
738,246.0,robot_1,wait,,(),(),246.25,prioritized_sipp_coordinator
739,246.0,robot_2,continue_current_plan,task_5,"('r4_c4', 'r3_c4', 'r2_c4', 'r1_c4', 'r0_c4', 'r0_c3', 'r0_c2', 'r0_c1', 'r0_c0', 'r0_c1', 'r0_c2', 'r0_c3', 'r0_c4', 'r1_c4', 'r2_c4', 'r3_c4', 'r4_c4')","('r4_c4->r3_c4', 'r3_c4->r2_c4', 'r2_c4->r1_c4', 'r1_c4->r0_c4', 'r0_c4->r0_c3', 'r0_c3->r0_c2', 'r0_c2->r0_c1', 'r0_c1->r0_c0', 'r0_c0->r0_c1', 'r0_c1->r0_c2', 'r0_c2->r0_c3', 'r0_c3->r0_c4', 'r0_c4->r1_c4', 'r1_c4->r2_c4', 'r2_c4->r3_c4', 'r3_c4->r4_c4')",259.0,prioritized_sipp_coordinator
740,246.0,robot_3,wait,,(),(),246.25,prioritized_sipp_coordinator
741,247.0,robot_1,wait,,(),(),247.25,prioritized_sipp_coordinator
742,247.0,robot_2,continue_current_plan,task_5,"('r4_c4', 'r3_c4', 'r2_c4', 'r1_c4', 'r0_c4', 'r0_c3', 'r0_c2', 'r0_c1', 'r0_c0', 'r0_c1', 'r0_c2', 'r0_c3', 'r0_c4', 'r1_c4', 'r2_c4', 'r3_c4', 'r4_c4')","('r4_c4->r3_c4', 'r3_c4->r2_c4', 'r2_c4->r1_c4', 'r1_c4->r0_c4', 'r0_c4->r0_c3', 'r0_c3->r0_c2', 'r0_c2->r0_c1', 'r0_c1->r0_c0', 'r0_c0->r0_c1', 'r0_c1->r0_c2', 'r0_c2->r0_c3', 'r0_c3->r0_c4', 'r0_c4->r1_c4', 'r1_c4->r2_c4', 'r2_c4->r3_c4', 'r3_c4->r4_c4')",259.0,prioritized_sipp_coordinator
743,247.0,robot_3,wait,,(),(),247.25,prioritized_sipp_coordinator
744,248.0,robot_1,wait,,(),(),248.25,prioritized_sipp_coordinator
745,248.0,robot_2,continue_current_plan,task_5,"('r4_c4', 'r3_c4', 'r2_c4', 'r1_c4', 'r0_c4', 'r0_c3', 'r0_c2', 'r0_c1', 'r0_c0', 'r0_c1', 'r0_c2', 'r0_c3', 'r0_c4', 'r1_c4', 'r2_c4', 'r3_c4', 'r4_c4')","('r4_c4->r3_c4', 'r3_c4->r2_c4', 'r2_c4->r1_c4', 'r1_c4->r0_c4', 'r0_c4->r0_c3', 'r0_c3->r0_c2', 'r0_c2->r0_c1', 'r0_c1->r0_c0', 'r0_c0->r0_c1', 'r0_c1->r0_c2', 'r0_c2->r0_c3', 'r0_c3->r0_c4', 'r0_c4->r1_c4', 'r1_c4->r2_c4', 'r2_c4->r3_c4', 'r3_c4->r4_c4')",259.0,prioritized_sipp_coordinator
746,248.0,robot_3,wait,,(),(),248.25,prioritized_sipp_coordinator
747,249.0,robot_1,wait,,(),(),249.25,prioritized_sipp_coordinator
748,249.0,robot_2,continue_current_plan,task_5,"('r4_c4', 'r3_c4', 'r2_c4', 'r1_c4', 'r0_c4', 'r0_c3', 'r0_c2', 'r0_c1', 'r0_c0', 'r0_c1', 'r0_c2', 'r0_c3', 'r0_c4', 'r1_c4', 'r2_c4', 'r3_c4', 'r4_c4')","('r4_c4->r3_c4', 'r3_c4->r2_c4', 'r2_c4->r1_c4', 'r1_c4->r0_c4', 'r0_c4->r0_c3', 'r0_c3->r0_c2', 'r0_c2->r0_c1', 'r0_c1->r0_c0', 'r0_c0->r0_c1', 'r0_c1->r0_c2', 'r0_c2->r0_c3', 'r0_c3->r0_c4', 'r0_c4->r1_c4', 'r1_c4->r2_c4', 'r2_c4->r3_c4', 'r3_c4->r4_c4')",259.0,prioritized_sipp_coordinator
749,249.0,robot_3,wait,,(),(),249.25,prioritized_sipp_coordinator
750,250.0,robot_1,wait,,(),(),250.25,prioritized_sipp_coordinator
751,250.0,robot_2,continue_current_plan,task_5,"('r4_c4', 'r3_c4', 'r2_c4', 'r1_c4', 'r0_c4', 'r0_c3', 'r0_c2', 'r0_c1', 'r0_c0', 'r0_c1', 'r0_c2', 'r0_c3', 'r0_c4', 'r1_c4', 'r2_c4', 'r3_c4', 'r4_c4')","('r4_c4->r3_c4', 'r3_c4->r2_c4', 'r2_c4->r1_c4', 'r1_c4->r0_c4', 'r0_c4->r0_c3', 'r0_c3->r0_c2', 'r0_c2->r0_c1', 'r0_c1->r0_c0', 'r0_c0->r0_c1', 'r0_c1->r0_c2', 'r0_c2->r0_c3', 'r0_c3->r0_c4', 'r0_c4->r1_c4', 'r1_c4->r2_c4', 'r2_c4->r3_c4', 'r3_c4->r4_c4')",259.0,prioritized_sipp_coordinator
752,250.0,robot_3,wait,,(),(),250.25,prioritized_sipp_coordinator
753,251.0,robot_1,wait,,(),(),251.25,prioritized_sipp_coordinator
754,251.0,robot_2,continue_current_plan,task_5,"('r4_c4', 'r3_c4', 'r2_c4', 'r1_c4', 'r0_c4', 'r0_c3', 'r0_c2', 'r0_c1', 'r0_c0', 'r0_c1', 'r0_c2', 'r0_c3', 'r0_c4', 'r1_c4', 'r2_c4', 'r3_c4', 'r4_c4')","('r4_c4->r3_c4', 'r3_c4->r2_c4', 'r2_c4->r1_c4', 'r1_c4->r0_c4', 'r0_c4->r0_c3', 'r0_c3->r0_c2', 'r0_c2->r0_c1', 'r0_c1->r0_c0', 'r0_c0->r0_c1', 'r0_c1->r0_c2', 'r0_c2->r0_c3', 'r0_c3->r0_c4', 'r0_c4->r1_c4', 'r1_c4->r2_c4', 'r2_c4->r3_c4', 'r3_c4->r4_c4')",259.0,prioritized_sipp_coordinator
755,251.0,robot_3,wait,,(),(),251.25,prioritized_sipp_coordinator
756,252.0,robot_1,task_route,task_6,"('r4_c4', 'r3_c4', 'r2_c4', 'r1_c4', 'r0_c4', 'r0_c3', 'r0_c2', 'r0_c1', 'r0_c0', 'r0_c1', 'r0_c2', 'r0_c3', 'r0_c4', 'r1_c4', 'r2_c4', 'r3_c4', 'r4_c4')","('r4_c4->r3_c4', 'r3_c4->r2_c4', 'r2_c4->r1_c4', 'r1_c4->r0_c4', 'r0_c4->r0_c3', 'r0_c3->r0_c2', 'r0_c2->r0_c1', 'r0_c1->r0_c0', 'r0_c0->r0_c1', 'r0_c1->r0_c2', 'r0_c2->r0_c3', 'r0_c3->r0_c4', 'r0_c4->r1_c4', 'r1_c4->r2_c4', 'r2_c4->r3_c4', 'r3_c4->r4_c4')",16.0,prioritized_sipp_coordinator
757,252.0,robot_2,continue_current_plan,task_5,"('r4_c4', 'r3_c4', 'r2_c4', 'r1_c4', 'r0_c4', 'r0_c3', 'r0_c2', 'r0_c1', 'r0_c0', 'r0_c1', 'r0_c2', 'r0_c3', 'r0_c4', 'r1_c4', 'r2_c4', 'r3_c4', 'r4_c4')","('r4_c4->r3_c4', 'r3_c4->r2_c4', 'r2_c4->r1_c4', 'r1_c4->r0_c4', 'r0_c4->r0_c3', 'r0_c3->r0_c2', 'r0_c2->r0_c1', 'r0_c1->r0_c0', 'r0_c0->r0_c1', 'r0_c1->r0_c2', 'r0_c2->r0_c3', 'r0_c3->r0_c4', 'r0_c4->r1_c4', 'r1_c4->r2_c4', 'r2_c4->r3_c4', 'r3_c4->r4_c4')",259.0,prioritized_sipp_coordinator
758,252.0,robot_3,wait,,(),(),252.25,prioritized_sipp_coordinator
759,253.0,robot_1,continue_current_plan,task_6,"('r4_c4', 'r3_c4', 'r2_c4', 'r1_c4', 'r0_c4', 'r0_c3', 'r0_c2', 'r0_c1', 'r0_c0', 'r0_c1', 'r0_c2', 'r0_c3', 'r0_c4', 'r1_c4', 'r2_c4', 'r3_c4', 'r4_c4')","('r4_c4->r3_c4', 'r3_c4->r2_c4', 'r2_c4->r1_c4', 'r1_c4->r0_c4', 'r0_c4->r0_c3', 'r0_c3->r0_c2', 'r0_c2->r0_c1', 'r0_c1->r0_c0', 'r0_c0->r0_c1', 'r0_c1->r0_c2', 'r0_c2->r0_c3', 'r0_c3->r0_c4', 'r0_c4->r1_c4', 'r1_c4->r2_c4', 'r2_c4->r3_c4', 'r3_c4->r4_c4')",289.45,prioritized_sipp_coordinator
760,253.0,robot_2,continue_current_plan,task_5,"('r4_c4', 'r3_c4', 'r2_c4', 'r1_c4', 'r0_c4', 'r0_c3', 'r0_c2', 'r0_c1', 'r0_c0', 'r0_c1', 'r0_c2', 'r0_c3', 'r0_c4', 'r1_c4', 'r2_c4', 'r3_c4', 'r4_c4')","('r4_c4->r3_c4', 'r3_c4->r2_c4', 'r2_c4->r1_c4', 'r1_c4->r0_c4', 'r0_c4->r0_c3', 'r0_c3->r0_c2', 'r0_c2->r0_c1', 'r0_c1->r0_c0', 'r0_c0->r0_c1', 'r0_c1->r0_c2', 'r0_c2->r0_c3', 'r0_c3->r0_c4', 'r0_c4->r1_c4', 'r1_c4->r2_c4', 'r2_c4->r3_c4', 'r3_c4->r4_c4')",259.0,prioritized_sipp_coordinator
761,253.0,robot_3,wait,,(),(),253.25,prioritized_sipp_coordinator
762,254.0,robot_1,continue_current_plan,task_6,"('r4_c4', 'r3_c4', 'r2_c4', 'r1_c4', 'r0_c4', 'r0_c3', 'r0_c2', 'r0_c1', 'r0_c0', 'r0_c1', 'r0_c2', 'r0_c3', 'r0_c4', 'r1_c4', 'r2_c4', 'r3_c4', 'r4_c4')","('r4_c4->r3_c4', 'r3_c4->r2_c4', 'r2_c4->r1_c4', 'r1_c4->r0_c4', 'r0_c4->r0_c3', 'r0_c3->r0_c2', 'r0_c2->r0_c1', 'r0_c1->r0_c0', 'r0_c0->r0_c1', 'r0_c1->r0_c2', 'r0_c2->r0_c3', 'r0_c3->r0_c4', 'r0_c4->r1_c4', 'r1_c4->r2_c4', 'r2_c4->r3_c4', 'r3_c4->r4_c4')",289.45,prioritized_sipp_coordinator
763,254.0,robot_2,continue_current_plan,task_5,"('r4_c4', 'r3_c4', 'r2_c4', 'r1_c4', 'r0_c4', 'r0_c3', 'r0_c2', 'r0_c1', 'r0_c0', 'r0_c1', 'r0_c2', 'r0_c3', 'r0_c4', 'r1_c4', 'r2_c4', 'r3_c4', 'r4_c4')","('r4_c4->r3_c4', 'r3_c4->r2_c4', 'r2_c4->r1_c4', 'r1_c4->r0_c4', 'r0_c4->r0_c3', 'r0_c3->r0_c2', 'r0_c2->r0_c1', 'r0_c1->r0_c0', 'r0_c0->r0_c1', 'r0_c1->r0_c2', 'r0_c2->r0_c3', 'r0_c3->r0_c4', 'r0_c4->r1_c4', 'r1_c4->r2_c4', 'r2_c4->r3_c4', 'r3_c4->r4_c4')",259.0,prioritized_sipp_coordinator
764,254.0,robot_3,wait,,(),(),254.25,prioritized_sipp_coordinator
765,255.0,robot_1,continue_current_plan,task_6,"('r4_c4', 'r3_c4', 'r2_c4', 'r1_c4', 'r0_c4', 'r0_c3', 'r0_c2', 'r0_c1', 'r0_c0', 'r0_c1', 'r0_c2', 'r0_c3', 'r0_c4', 'r1_c4', 'r2_c4', 'r3_c4', 'r4_c4')","('r4_c4->r3_c4', 'r3_c4->r2_c4', 'r2_c4->r1_c4', 'r1_c4->r0_c4', 'r0_c4->r0_c3', 'r0_c3->r0_c2', 'r0_c2->r0_c1', 'r0_c1->r0_c0', 'r0_c0->r0_c1', 'r0_c1->r0_c2', 'r0_c2->r0_c3', 'r0_c3->r0_c4', 'r0_c4->r1_c4', 'r1_c4->r2_c4', 'r2_c4->r3_c4', 'r3_c4->r4_c4')",289.45,prioritized_sipp_coordinator
766,255.0,robot_2,continue_current_plan,task_5,"('r4_c4', 'r3_c4', 'r2_c4', 'r1_c4', 'r0_c4', 'r0_c3', 'r0_c2', 'r0_c1', 'r0_c0', 'r0_c1', 'r0_c2', 'r0_c3', 'r0_c4', 'r1_c4', 'r2_c4', 'r3_c4', 'r4_c4')","('r4_c4->r3_c4', 'r3_c4->r2_c4', 'r2_c4->r1_c4', 'r1_c4->r0_c4', 'r0_c4->r0_c3', 'r0_c3->r0_c2', 'r0_c2->r0_c1', 'r0_c1->r0_c0', 'r0_c0->r0_c1', 'r0_c1->r0_c2', 'r0_c2->r0_c3', 'r0_c3->r0_c4', 'r0_c4->r1_c4', 'r1_c4->r2_c4', 'r2_c4->r3_c4', 'r3_c4->r4_c4')",259.0,prioritized_sipp_coordinator
767,255.0,robot_3,wait,,(),(),255.25,prioritized_sipp_coordinator
768,256.0,robot_1,continue_current_plan,task_6,"('r4_c4', 'r3_c4', 'r2_c4', 'r1_c4', 'r0_c4', 'r0_c3', 'r0_c2', 'r0_c1', 'r0_c0', 'r0_c1', 'r0_c2', 'r0_c3', 'r0_c4', 'r1_c4', 'r2_c4', 'r3_c4', 'r4_c4')","('r4_c4->r3_c4', 'r3_c4->r2_c4', 'r2_c4->r1_c4', 'r1_c4->r0_c4', 'r0_c4->r0_c3', 'r0_c3->r0_c2', 'r0_c2->r0_c1', 'r0_c1->r0_c0', 'r0_c0->r0_c1', 'r0_c1->r0_c2', 'r0_c2->r0_c3', 'r0_c3->r0_c4', 'r0_c4->r1_c4', 'r1_c4->r2_c4', 'r2_c4->r3_c4', 'r3_c4->r4_c4')",289.45,prioritized_sipp_coordinator
769,256.0,robot_2,continue_current_plan,task_5,"('r4_c4', 'r3_c4', 'r2_c4', 'r1_c4', 'r0_c4', 'r0_c3', 'r0_c2', 'r0_c1', 'r0_c0', 'r0_c1', 'r0_c2', 'r0_c3', 'r0_c4', 'r1_c4', 'r2_c4', 'r3_c4', 'r4_c4')","('r4_c4->r3_c4', 'r3_c4->r2_c4', 'r2_c4->r1_c4', 'r1_c4->r0_c4', 'r0_c4->r0_c3', 'r0_c3->r0_c2', 'r0_c2->r0_c1', 'r0_c1->r0_c0', 'r0_c0->r0_c1', 'r0_c1->r0_c2', 'r0_c2->r0_c3', 'r0_c3->r0_c4', 'r0_c4->r1_c4', 'r1_c4->r2_c4', 'r2_c4->r3_c4', 'r3_c4->r4_c4')",259.0,prioritized_sipp_coordinator
770,256.0,robot_3,wait,,(),(),256.25,prioritized_sipp_coordinator
771,257.0,robot_1,continue_current_plan,task_6,"('r4_c4', 'r3_c4', 'r2_c4', 'r1_c4', 'r0_c4', 'r0_c3', 'r0_c2', 'r0_c1', 'r0_c0', 'r0_c1', 'r0_c2', 'r0_c3', 'r0_c4', 'r1_c4', 'r2_c4', 'r3_c4', 'r4_c4')","('r4_c4->r3_c4', 'r3_c4->r2_c4', 'r2_c4->r1_c4', 'r1_c4->r0_c4', 'r0_c4->r0_c3', 'r0_c3->r0_c2', 'r0_c2->r0_c1', 'r0_c1->r0_c0', 'r0_c0->r0_c1', 'r0_c1->r0_c2', 'r0_c2->r0_c3', 'r0_c3->r0_c4', 'r0_c4->r1_c4', 'r1_c4->r2_c4', 'r2_c4->r3_c4', 'r3_c4->r4_c4')",289.45,prioritized_sipp_coordinator
772,257.0,robot_2,continue_current_plan,task_5,"('r4_c4', 'r3_c4', 'r2_c4', 'r1_c4', 'r0_c4', 'r0_c3', 'r0_c2', 'r0_c1', 'r0_c0', 'r0_c1', 'r0_c2', 'r0_c3', 'r0_c4', 'r1_c4', 'r2_c4', 'r3_c4', 'r4_c4')","('r4_c4->r3_c4', 'r3_c4->r2_c4', 'r2_c4->r1_c4', 'r1_c4->r0_c4', 'r0_c4->r0_c3', 'r0_c3->r0_c2', 'r0_c2->r0_c1', 'r0_c1->r0_c0', 'r0_c0->r0_c1', 'r0_c1->r0_c2', 'r0_c2->r0_c3', 'r0_c3->r0_c4', 'r0_c4->r1_c4', 'r1_c4->r2_c4', 'r2_c4->r3_c4', 'r3_c4->r4_c4')",259.0,prioritized_sipp_coordinator
773,257.0,robot_3,wait,,(),(),257.25,prioritized_sipp_coordinator
774,258.0,robot_1,continue_current_plan,task_6,"('r4_c4', 'r3_c4', 'r2_c4', 'r1_c4', 'r0_c4', 'r0_c3', 'r0_c2', 'r0_c1', 'r0_c0', 'r0_c1', 'r0_c2', 'r0_c3', 'r0_c4', 'r1_c4', 'r2_c4', 'r3_c4', 'r4_c4')","('r4_c4->r3_c4', 'r3_c4->r2_c4', 'r2_c4->r1_c4', 'r1_c4->r0_c4', 'r0_c4->r0_c3', 'r0_c3->r0_c2', 'r0_c2->r0_c1', 'r0_c1->r0_c0', 'r0_c0->r0_c1', 'r0_c1->r0_c2', 'r0_c2->r0_c3', 'r0_c3->r0_c4', 'r0_c4->r1_c4', 'r1_c4->r2_c4', 'r2_c4->r3_c4', 'r3_c4->r4_c4')",289.45,prioritized_sipp_coordinator
775,258.0,robot_2,continue_current_plan,task_5,"('r4_c4', 'r3_c4', 'r2_c4', 'r1_c4', 'r0_c4', 'r0_c3', 'r0_c2', 'r0_c1', 'r0_c0', 'r0_c1', 'r0_c2', 'r0_c3', 'r0_c4', 'r1_c4', 'r2_c4', 'r3_c4', 'r4_c4')","('r4_c4->r3_c4', 'r3_c4->r2_c4', 'r2_c4->r1_c4', 'r1_c4->r0_c4', 'r0_c4->r0_c3', 'r0_c3->r0_c2', 'r0_c2->r0_c1', 'r0_c1->r0_c0', 'r0_c0->r0_c1', 'r0_c1->r0_c2', 'r0_c2->r0_c3', 'r0_c3->r0_c4', 'r0_c4->r1_c4', 'r1_c4->r2_c4', 'r2_c4->r3_c4', 'r3_c4->r4_c4')",259.0,prioritized_sipp_coordinator
776,258.0,robot_3,task_route,task_7,"('r4_c0', 'r3_c0', 'r2_c0', 'r1_c0', 'r0_c0', 'r0_c1', 'r0_c2', 'r0_c3', 'r0_c4', 'r1_c4', 'r2_c4', 'r3_c4', 'r4_c4')","('r4_c0->r3_c0', 'r3_c0->r2_c0', 'r2_c0->r1_c0', 'r1_c0->r0_c0', 'r0_c0->r0_c1', 'r0_c1->r0_c2', 'r0_c2->r0_c3', 'r0_c3->r0_c4', 'r0_c4->r1_c4', 'r1_c4->r2_c4', 'r2_c4->r3_c4', 'r3_c4->r4_c4')",12.0,prioritized_sipp_coordinator
777,259.0,robot_1,continue_current_plan,task_6,"('r4_c4', 'r3_c4', 'r2_c4', 'r1_c4', 'r0_c4', 'r0_c3', 'r0_c2', 'r0_c1', 'r0_c0', 'r0_c1', 'r0_c2', 'r0_c3', 'r0_c4', 'r1_c4', 'r2_c4', 'r3_c4', 'r4_c4')","('r4_c4->r3_c4', 'r3_c4->r2_c4', 'r2_c4->r1_c4', 'r1_c4->r0_c4', 'r0_c4->r0_c3', 'r0_c3->r0_c2', 'r0_c2->r0_c1', 'r0_c1->r0_c0', 'r0_c0->r0_c1', 'r0_c1->r0_c2', 'r0_c2->r0_c3', 'r0_c3->r0_c4', 'r0_c4->r1_c4', 'r1_c4->r2_c4', 'r2_c4->r3_c4', 'r3_c4->r4_c4')",289.45,prioritized_sipp_coordinator
778,259.0,robot_2,wait,,(),(),259.25,prioritized_sipp_coordinator
779,259.0,robot_3,continue_current_plan,task_7,"('r4_c0', 'r3_c0', 'r2_c0', 'r1_c0', 'r0_c0', 'r0_c1', 'r0_c2', 'r0_c3', 'r0_c4', 'r1_c4', 'r2_c4', 'r3_c4', 'r4_c4')","('r4_c0->r3_c0', 'r3_c0->r2_c0', 'r2_c0->r1_c0', 'r1_c0->r0_c0', 'r0_c0->r0_c1', 'r0_c1->r0_c2', 'r0_c2->r0_c3', 'r0_c3->r0_c4', 'r0_c4->r1_c4', 'r1_c4->r2_c4', 'r2_c4->r3_c4', 'r3_c4->r4_c4')",290.0,prioritized_sipp_coordinator
780,260.0,robot_1,continue_current_plan,task_6,"('r4_c4', 'r3_c4', 'r2_c4', 'r1_c4', 'r0_c4', 'r0_c3', 'r0_c2', 'r0_c1', 'r0_c0', 'r0_c1', 'r0_c2', 'r0_c3', 'r0_c4', 'r1_c4', 'r2_c4', 'r3_c4', 'r4_c4')","('r4_c4->r3_c4', 'r3_c4->r2_c4', 'r2_c4->r1_c4', 'r1_c4->r0_c4', 'r0_c4->r0_c3', 'r0_c3->r0_c2', 'r0_c2->r0_c1', 'r0_c1->r0_c0', 'r0_c0->r0_c1', 'r0_c1->r0_c2', 'r0_c2->r0_c3', 'r0_c3->r0_c4', 'r0_c4->r1_c4', 'r1_c4->r2_c4', 'r2_c4->r3_c4', 'r3_c4->r4_c4')",289.45,prioritized_sipp_coordinator
781,260.0,robot_2,wait,,(),(),260.25,prioritized_sipp_coordinator
782,260.0,robot_3,continue_current_plan,task_7,"('r4_c0', 'r3_c0', 'r2_c0', 'r1_c0', 'r0_c0', 'r0_c1', 'r0_c2', 'r0_c3', 'r0_c4', 'r1_c4', 'r2_c4', 'r3_c4', 'r4_c4')","('r4_c0->r3_c0', 'r3_c0->r2_c0', 'r2_c0->r1_c0', 'r1_c0->r0_c0', 'r0_c0->r0_c1', 'r0_c1->r0_c2', 'r0_c2->r0_c3', 'r0_c3->r0_c4', 'r0_c4->r1_c4', 'r1_c4->r2_c4', 'r2_c4->r3_c4', 'r3_c4->r4_c4')",290.0,prioritized_sipp_coordinator
783,261.0,robot_1,continue_current_plan,task_6,"('r4_c4', 'r3_c4', 'r2_c4', 'r1_c4', 'r0_c4', 'r0_c3', 'r0_c2', 'r0_c1', 'r0_c0', 'r0_c1', 'r0_c2', 'r0_c3', 'r0_c4', 'r1_c4', 'r2_c4', 'r3_c4', 'r4_c4')","('r4_c4->r3_c4', 'r3_c4->r2_c4', 'r2_c4->r1_c4', 'r1_c4->r0_c4', 'r0_c4->r0_c3', 'r0_c3->r0_c2', 'r0_c2->r0_c1', 'r0_c1->r0_c0', 'r0_c0->r0_c1', 'r0_c1->r0_c2', 'r0_c2->r0_c3', 'r0_c3->r0_c4', 'r0_c4->r1_c4', 'r1_c4->r2_c4', 'r2_c4->r3_c4', 'r3_c4->r4_c4')",289.45,prioritized_sipp_coordinator
784,261.0,robot_2,wait,,(),(),261.25,prioritized_sipp_coordinator
785,261.0,robot_3,continue_current_plan,task_7,"('r4_c0', 'r3_c0', 'r2_c0', 'r1_c0', 'r0_c0', 'r0_c1', 'r0_c2', 'r0_c3', 'r0_c4', 'r1_c4', 'r2_c4', 'r3_c4', 'r4_c4')","('r4_c0->r3_c0', 'r3_c0->r2_c0', 'r2_c0->r1_c0', 'r1_c0->r0_c0', 'r0_c0->r0_c1', 'r0_c1->r0_c2', 'r0_c2->r0_c3', 'r0_c3->r0_c4', 'r0_c4->r1_c4', 'r1_c4->r2_c4', 'r2_c4->r3_c4', 'r3_c4->r4_c4')",290.0,prioritized_sipp_coordinator
786,262.0,robot_1,continue_current_plan,task_6,"('r4_c4', 'r3_c4', 'r2_c4', 'r1_c4', 'r0_c4', 'r0_c3', 'r0_c2', 'r0_c1', 'r0_c0', 'r0_c1', 'r0_c2', 'r0_c3', 'r0_c4', 'r1_c4', 'r2_c4', 'r3_c4', 'r4_c4')","('r4_c4->r3_c4', 'r3_c4->r2_c4', 'r2_c4->r1_c4', 'r1_c4->r0_c4', 'r0_c4->r0_c3', 'r0_c3->r0_c2', 'r0_c2->r0_c1', 'r0_c1->r0_c0', 'r0_c0->r0_c1', 'r0_c1->r0_c2', 'r0_c2->r0_c3', 'r0_c3->r0_c4', 'r0_c4->r1_c4', 'r1_c4->r2_c4', 'r2_c4->r3_c4', 'r3_c4->r4_c4')",289.45,prioritized_sipp_coordinator
787,262.0,robot_2,wait,,(),(),262.25,prioritized_sipp_coordinator
788,262.0,robot_3,continue_current_plan,task_7,"('r4_c0', 'r3_c0', 'r2_c0', 'r1_c0', 'r0_c0', 'r0_c1', 'r0_c2', 'r0_c3', 'r0_c4', 'r1_c4', 'r2_c4', 'r3_c4', 'r4_c4')","('r4_c0->r3_c0', 'r3_c0->r2_c0', 'r2_c0->r1_c0', 'r1_c0->r0_c0', 'r0_c0->r0_c1', 'r0_c1->r0_c2', 'r0_c2->r0_c3', 'r0_c3->r0_c4', 'r0_c4->r1_c4', 'r1_c4->r2_c4', 'r2_c4->r3_c4', 'r3_c4->r4_c4')",290.0,prioritized_sipp_coordinator
789,263.0,robot_1,continue_current_plan,task_6,"('r4_c4', 'r3_c4', 'r2_c4', 'r1_c4', 'r0_c4', 'r0_c3', 'r0_c2', 'r0_c1', 'r0_c0', 'r0_c1', 'r0_c2', 'r0_c3', 'r0_c4', 'r1_c4', 'r2_c4', 'r3_c4', 'r4_c4')","('r4_c4->r3_c4', 'r3_c4->r2_c4', 'r2_c4->r1_c4', 'r1_c4->r0_c4', 'r0_c4->r0_c3', 'r0_c3->r0_c2', 'r0_c2->r0_c1', 'r0_c1->r0_c0', 'r0_c0->r0_c1', 'r0_c1->r0_c2', 'r0_c2->r0_c3', 'r0_c3->r0_c4', 'r0_c4->r1_c4', 'r1_c4->r2_c4', 'r2_c4->r3_c4', 'r3_c4->r4_c4')",289.45,prioritized_sipp_coordinator
790,263.0,robot_2,wait,,(),(),263.25,prioritized_sipp_coordinator
791,263.0,robot_3,continue_current_plan,task_7,"('r4_c0', 'r3_c0', 'r2_c0', 'r1_c0', 'r0_c0', 'r0_c1', 'r0_c2', 'r0_c3', 'r0_c4', 'r1_c4', 'r2_c4', 'r3_c4', 'r4_c4')","('r4_c0->r3_c0', 'r3_c0->r2_c0', 'r2_c0->r1_c0', 'r1_c0->r0_c0', 'r0_c0->r0_c1', 'r0_c1->r0_c2', 'r0_c2->r0_c3', 'r0_c3->r0_c4', 'r0_c4->r1_c4', 'r1_c4->r2_c4', 'r2_c4->r3_c4', 'r3_c4->r4_c4')",290.0,prioritized_sipp_coordinator
792,264.0,robot_1,continue_current_plan,task_6,"('r4_c4', 'r3_c4', 'r2_c4', 'r1_c4', 'r0_c4', 'r0_c3', 'r0_c2', 'r0_c1', 'r0_c0', 'r0_c1', 'r0_c2', 'r0_c3', 'r0_c4', 'r1_c4', 'r2_c4', 'r3_c4', 'r4_c4')","('r4_c4->r3_c4', 'r3_c4->r2_c4', 'r2_c4->r1_c4', 'r1_c4->r0_c4', 'r0_c4->r0_c3', 'r0_c3->r0_c2', 'r0_c2->r0_c1', 'r0_c1->r0_c0', 'r0_c0->r0_c1', 'r0_c1->r0_c2', 'r0_c2->r0_c3', 'r0_c3->r0_c4', 'r0_c4->r1_c4', 'r1_c4->r2_c4', 'r2_c4->r3_c4', 'r3_c4->r4_c4')",289.45,prioritized_sipp_coordinator
793,264.0,robot_2,wait,,(),(),264.25,prioritized_sipp_coordinator
794,264.0,robot_3,continue_current_plan,task_7,"('r4_c0', 'r3_c0', 'r2_c0', 'r1_c0', 'r0_c0', 'r0_c1', 'r0_c2', 'r0_c3', 'r0_c4', 'r1_c4', 'r2_c4', 'r3_c4', 'r4_c4')","('r4_c0->r3_c0', 'r3_c0->r2_c0', 'r2_c0->r1_c0', 'r1_c0->r0_c0', 'r0_c0->r0_c1', 'r0_c1->r0_c2', 'r0_c2->r0_c3', 'r0_c3->r0_c4', 'r0_c4->r1_c4', 'r1_c4->r2_c4', 'r2_c4->r3_c4', 'r3_c4->r4_c4')",290.0,prioritized_sipp_coordinator
795,265.0,robot_1,continue_current_plan,task_6,"('r4_c4', 'r3_c4', 'r2_c4', 'r1_c4', 'r0_c4', 'r0_c3', 'r0_c2', 'r0_c1', 'r0_c0', 'r0_c1', 'r0_c2', 'r0_c3', 'r0_c4', 'r1_c4', 'r2_c4', 'r3_c4', 'r4_c4')","('r4_c4->r3_c4', 'r3_c4->r2_c4', 'r2_c4->r1_c4', 'r1_c4->r0_c4', 'r0_c4->r0_c3', 'r0_c3->r0_c2', 'r0_c2->r0_c1', 'r0_c1->r0_c0', 'r0_c0->r0_c1', 'r0_c1->r0_c2', 'r0_c2->r0_c3', 'r0_c3->r0_c4', 'r0_c4->r1_c4', 'r1_c4->r2_c4', 'r2_c4->r3_c4', 'r3_c4->r4_c4')",289.45,prioritized_sipp_coordinator
796,265.0,robot_2,wait,,(),(),265.25,prioritized_sipp_coordinator
797,265.0,robot_3,continue_current_plan,task_7,"('r4_c0', 'r3_c0', 'r2_c0', 'r1_c0', 'r0_c0', 'r0_c1', 'r0_c2', 'r0_c3', 'r0_c4', 'r1_c4', 'r2_c4', 'r3_c4', 'r4_c4')","('r4_c0->r3_c0', 'r3_c0->r2_c0', 'r2_c0->r1_c0', 'r1_c0->r0_c0', 'r0_c0->r0_c1', 'r0_c1->r0_c2', 'r0_c2->r0_c3', 'r0_c3->r0_c4', 'r0_c4->r1_c4', 'r1_c4->r2_c4', 'r2_c4->r3_c4', 'r3_c4->r4_c4')",290.0,prioritized_sipp_coordinator
798,266.0,robot_1,continue_current_plan,task_6,"('r4_c4', 'r3_c4', 'r2_c4', 'r1_c4', 'r0_c4', 'r0_c3', 'r0_c2', 'r0_c1', 'r0_c0', 'r0_c1', 'r0_c2', 'r0_c3', 'r0_c4', 'r1_c4', 'r2_c4', 'r3_c4', 'r4_c4')","('r4_c4->r3_c4', 'r3_c4->r2_c4', 'r2_c4->r1_c4', 'r1_c4->r0_c4', 'r0_c4->r0_c3', 'r0_c3->r0_c2', 'r0_c2->r0_c1', 'r0_c1->r0_c0', 'r0_c0->r0_c1', 'r0_c1->r0_c2', 'r0_c2->r0_c3', 'r0_c3->r0_c4', 'r0_c4->r1_c4', 'r1_c4->r2_c4', 'r2_c4->r3_c4', 'r3_c4->r4_c4')",289.45,prioritized_sipp_coordinator
799,266.0,robot_2,wait,,(),(),266.25,prioritized_sipp_coordinator
800,266.0,robot_3,continue_current_plan,task_7,"('r4_c0', 'r3_c0', 'r2_c0', 'r1_c0', 'r0_c0', 'r0_c1', 'r0_c2', 'r0_c3', 'r0_c4', 'r1_c4', 'r2_c4', 'r3_c4', 'r4_c4')","('r4_c0->r3_c0', 'r3_c0->r2_c0', 'r2_c0->r1_c0', 'r1_c0->r0_c0', 'r0_c0->r0_c1', 'r0_c1->r0_c2', 'r0_c2->r0_c3', 'r0_c3->r0_c4', 'r0_c4->r1_c4', 'r1_c4->r2_c4', 'r2_c4->r3_c4', 'r3_c4->r4_c4')",290.0,prioritized_sipp_coordinator
801,267.0,robot_1,continue_current_plan,task_6,"('r4_c4', 'r3_c4', 'r2_c4', 'r1_c4', 'r0_c4', 'r0_c3', 'r0_c2', 'r0_c1', 'r0_c0', 'r0_c1', 'r0_c2', 'r0_c3', 'r0_c4', 'r1_c4', 'r2_c4', 'r3_c4', 'r4_c4')","('r4_c4->r3_c4', 'r3_c4->r2_c4', 'r2_c4->r1_c4', 'r1_c4->r0_c4', 'r0_c4->r0_c3', 'r0_c3->r0_c2', 'r0_c2->r0_c1', 'r0_c1->r0_c0', 'r0_c0->r0_c1', 'r0_c1->r0_c2', 'r0_c2->r0_c3', 'r0_c3->r0_c4', 'r0_c4->r1_c4', 'r1_c4->r2_c4', 'r2_c4->r3_c4', 'r3_c4->r4_c4')",289.45,prioritized_sipp_coordinator
802,267.0,robot_2,wait,,(),(),267.25,prioritized_sipp_coordinator
803,267.0,robot_3,continue_current_plan,task_7,"('r4_c0', 'r3_c0', 'r2_c0', 'r1_c0', 'r0_c0', 'r0_c1', 'r0_c2', 'r0_c3', 'r0_c4', 'r1_c4', 'r2_c4', 'r3_c4', 'r4_c4')","('r4_c0->r3_c0', 'r3_c0->r2_c0', 'r2_c0->r1_c0', 'r1_c0->r0_c0', 'r0_c0->r0_c1', 'r0_c1->r0_c2', 'r0_c2->r0_c3', 'r0_c3->r0_c4', 'r0_c4->r1_c4', 'r1_c4->r2_c4', 'r2_c4->r3_c4', 'r3_c4->r4_c4')",290.0,prioritized_sipp_coordinator
804,268.0,robot_1,continue_current_plan,task_6,"('r4_c4', 'r3_c4', 'r2_c4', 'r1_c4', 'r0_c4', 'r0_c3', 'r0_c2', 'r0_c1', 'r0_c0', 'r0_c1', 'r0_c2', 'r0_c3', 'r0_c4', 'r1_c4', 'r2_c4', 'r3_c4', 'r4_c4')","('r4_c4->r3_c4', 'r3_c4->r2_c4', 'r2_c4->r1_c4', 'r1_c4->r0_c4', 'r0_c4->r0_c3', 'r0_c3->r0_c2', 'r0_c2->r0_c1', 'r0_c1->r0_c0', 'r0_c0->r0_c1', 'r0_c1->r0_c2', 'r0_c2->r0_c3', 'r0_c3->r0_c4', 'r0_c4->r1_c4', 'r1_c4->r2_c4', 'r2_c4->r3_c4', 'r3_c4->r4_c4')",289.45,prioritized_sipp_coordinator
805,268.0,robot_2,wait,,(),(),268.25,prioritized_sipp_coordinator
806,268.0,robot_3,continue_current_plan,task_7,"('r4_c0', 'r3_c0', 'r2_c0', 'r1_c0', 'r0_c0', 'r0_c1', 'r0_c2', 'r0_c3', 'r0_c4', 'r1_c4', 'r2_c4', 'r3_c4', 'r4_c4')","('r4_c0->r3_c0', 'r3_c0->r2_c0', 'r2_c0->r1_c0', 'r1_c0->r0_c0', 'r0_c0->r0_c1', 'r0_c1->r0_c2', 'r0_c2->r0_c3', 'r0_c3->r0_c4', 'r0_c4->r1_c4', 'r1_c4->r2_c4', 'r2_c4->r3_c4', 'r3_c4->r4_c4')",290.0,prioritized_sipp_coordinator
807,269.0,robot_1,continue_current_plan,task_6,"('r4_c4', 'r3_c4', 'r2_c4', 'r1_c4', 'r0_c4', 'r0_c3', 'r0_c2', 'r0_c1', 'r0_c0', 'r0_c1', 'r0_c2', 'r0_c3', 'r0_c4', 'r1_c4', 'r2_c4', 'r3_c4', 'r4_c4')","('r4_c4->r3_c4', 'r3_c4->r2_c4', 'r2_c4->r1_c4', 'r1_c4->r0_c4', 'r0_c4->r0_c3', 'r0_c3->r0_c2', 'r0_c2->r0_c1', 'r0_c1->r0_c0', 'r0_c0->r0_c1', 'r0_c1->r0_c2', 'r0_c2->r0_c3', 'r0_c3->r0_c4', 'r0_c4->r1_c4', 'r1_c4->r2_c4', 'r2_c4->r3_c4', 'r3_c4->r4_c4')",289.45,prioritized_sipp_coordinator
808,269.0,robot_2,wait,,(),(),269.25,prioritized_sipp_coordinator
809,269.0,robot_3,continue_current_plan,task_7,"('r4_c0', 'r3_c0', 'r2_c0', 'r1_c0', 'r0_c0', 'r0_c1', 'r0_c2', 'r0_c3', 'r0_c4', 'r1_c4', 'r2_c4', 'r3_c4', 'r4_c4')","('r4_c0->r3_c0', 'r3_c0->r2_c0', 'r2_c0->r1_c0', 'r1_c0->r0_c0', 'r0_c0->r0_c1', 'r0_c1->r0_c2', 'r0_c2->r0_c3', 'r0_c3->r0_c4', 'r0_c4->r1_c4', 'r1_c4->r2_c4', 'r2_c4->r3_c4', 'r3_c4->r4_c4')",290.0,prioritized_sipp_coordinator
810,270.0,robot_1,continue_current_plan,task_6,"('r4_c4', 'r3_c4', 'r2_c4', 'r1_c4', 'r0_c4', 'r0_c3', 'r0_c2', 'r0_c1', 'r0_c0', 'r0_c1', 'r0_c2', 'r0_c3', 'r0_c4', 'r1_c4', 'r2_c4', 'r3_c4', 'r4_c4')","('r4_c4->r3_c4', 'r3_c4->r2_c4', 'r2_c4->r1_c4', 'r1_c4->r0_c4', 'r0_c4->r0_c3', 'r0_c3->r0_c2', 'r0_c2->r0_c1', 'r0_c1->r0_c0', 'r0_c0->r0_c1', 'r0_c1->r0_c2', 'r0_c2->r0_c3', 'r0_c3->r0_c4', 'r0_c4->r1_c4', 'r1_c4->r2_c4', 'r2_c4->r3_c4', 'r3_c4->r4_c4')",289.45,prioritized_sipp_coordinator
811,270.0,robot_2,wait,,(),(),270.25,prioritized_sipp_coordinator
812,270.0,robot_3,continue_current_plan,task_7,"('r4_c0', 'r3_c0', 'r2_c0', 'r1_c0', 'r0_c0', 'r0_c1', 'r0_c2', 'r0_c3', 'r0_c4', 'r1_c4', 'r2_c4', 'r3_c4', 'r4_c4')","('r4_c0->r3_c0', 'r3_c0->r2_c0', 'r2_c0->r1_c0', 'r1_c0->r0_c0', 'r0_c0->r0_c1', 'r0_c1->r0_c2', 'r0_c2->r0_c3', 'r0_c3->r0_c4', 'r0_c4->r1_c4', 'r1_c4->r2_c4', 'r2_c4->r3_c4', 'r3_c4->r4_c4')",290.0,prioritized_sipp_coordinator
813,271.0,robot_1,continue_current_plan,task_6,"('r4_c4', 'r3_c4', 'r2_c4', 'r1_c4', 'r0_c4', 'r0_c3', 'r0_c2', 'r0_c1', 'r0_c0', 'r0_c1', 'r0_c2', 'r0_c3', 'r0_c4', 'r1_c4', 'r2_c4', 'r3_c4', 'r4_c4')","('r4_c4->r3_c4', 'r3_c4->r2_c4', 'r2_c4->r1_c4', 'r1_c4->r0_c4', 'r0_c4->r0_c3', 'r0_c3->r0_c2', 'r0_c2->r0_c1', 'r0_c1->r0_c0', 'r0_c0->r0_c1', 'r0_c1->r0_c2', 'r0_c2->r0_c3', 'r0_c3->r0_c4', 'r0_c4->r1_c4', 'r1_c4->r2_c4', 'r2_c4->r3_c4', 'r3_c4->r4_c4')",289.45,prioritized_sipp_coordinator
814,271.0,robot_2,wait,,(),(),271.25,prioritized_sipp_coordinator
815,271.0,robot_3,continue_current_plan,task_7,"('r4_c0', 'r3_c0', 'r2_c0', 'r1_c0', 'r0_c0', 'r0_c1', 'r0_c2', 'r0_c3', 'r0_c4', 'r1_c4', 'r2_c4', 'r3_c4', 'r4_c4')","('r4_c0->r3_c0', 'r3_c0->r2_c0', 'r2_c0->r1_c0', 'r1_c0->r0_c0', 'r0_c0->r0_c1', 'r0_c1->r0_c2', 'r0_c2->r0_c3', 'r0_c3->r0_c4', 'r0_c4->r1_c4', 'r1_c4->r2_c4', 'r2_c4->r3_c4', 'r3_c4->r4_c4')",290.0,prioritized_sipp_coordinator
816,272.0,robot_1,continue_current_plan,task_6,"('r4_c4', 'r3_c4', 'r2_c4', 'r1_c4', 'r0_c4', 'r0_c3', 'r0_c2', 'r0_c1', 'r0_c0', 'r0_c1', 'r0_c2', 'r0_c3', 'r0_c4', 'r1_c4', 'r2_c4', 'r3_c4', 'r4_c4')","('r4_c4->r3_c4', 'r3_c4->r2_c4', 'r2_c4->r1_c4', 'r1_c4->r0_c4', 'r0_c4->r0_c3', 'r0_c3->r0_c2', 'r0_c2->r0_c1', 'r0_c1->r0_c0', 'r0_c0->r0_c1', 'r0_c1->r0_c2', 'r0_c2->r0_c3', 'r0_c3->r0_c4', 'r0_c4->r1_c4', 'r1_c4->r2_c4', 'r2_c4->r3_c4', 'r3_c4->r4_c4')",289.45,prioritized_sipp_coordinator
817,272.0,robot_2,wait,,(),(),272.25,prioritized_sipp_coordinator
818,272.0,robot_3,continue_current_plan,task_7,"('r4_c0', 'r3_c0', 'r2_c0', 'r1_c0', 'r0_c0', 'r0_c1', 'r0_c2', 'r0_c3', 'r0_c4', 'r1_c4', 'r2_c4', 'r3_c4', 'r4_c4')","('r4_c0->r3_c0', 'r3_c0->r2_c0', 'r2_c0->r1_c0', 'r1_c0->r0_c0', 'r0_c0->r0_c1', 'r0_c1->r0_c2', 'r0_c2->r0_c3', 'r0_c3->r0_c4', 'r0_c4->r1_c4', 'r1_c4->r2_c4', 'r2_c4->r3_c4', 'r3_c4->r4_c4')",290.0,prioritized_sipp_coordinator
819,273.0,robot_1,continue_current_plan,task_6,"('r4_c4', 'r3_c4', 'r2_c4', 'r1_c4', 'r0_c4', 'r0_c3', 'r0_c2', 'r0_c1', 'r0_c0', 'r0_c1', 'r0_c2', 'r0_c3', 'r0_c4', 'r1_c4', 'r2_c4', 'r3_c4', 'r4_c4')","('r4_c4->r3_c4', 'r3_c4->r2_c4', 'r2_c4->r1_c4', 'r1_c4->r0_c4', 'r0_c4->r0_c3', 'r0_c3->r0_c2', 'r0_c2->r0_c1', 'r0_c1->r0_c0', 'r0_c0->r0_c1', 'r0_c1->r0_c2', 'r0_c2->r0_c3', 'r0_c3->r0_c4', 'r0_c4->r1_c4', 'r1_c4->r2_c4', 'r2_c4->r3_c4', 'r3_c4->r4_c4')",289.45,prioritized_sipp_coordinator
820,273.0,robot_2,wait,,(),(),273.25,prioritized_sipp_coordinator
821,273.0,robot_3,continue_current_plan,task_7,"('r4_c0', 'r3_c0', 'r2_c0', 'r1_c0', 'r0_c0', 'r0_c1', 'r0_c2', 'r0_c3', 'r0_c4', 'r1_c4', 'r2_c4', 'r3_c4', 'r4_c4')","('r4_c0->r3_c0', 'r3_c0->r2_c0', 'r2_c0->r1_c0', 'r1_c0->r0_c0', 'r0_c0->r0_c1', 'r0_c1->r0_c2', 'r0_c2->r0_c3', 'r0_c3->r0_c4', 'r0_c4->r1_c4', 'r1_c4->r2_c4', 'r2_c4->r3_c4', 'r3_c4->r4_c4')",290.0,prioritized_sipp_coordinator
822,274.0,robot_1,continue_current_plan,task_6,"('r4_c4', 'r3_c4', 'r2_c4', 'r1_c4', 'r0_c4', 'r0_c3', 'r0_c2', 'r0_c1', 'r0_c0', 'r0_c1', 'r0_c2', 'r0_c3', 'r0_c4', 'r1_c4', 'r2_c4', 'r3_c4', 'r4_c4')","('r4_c4->r3_c4', 'r3_c4->r2_c4', 'r2_c4->r1_c4', 'r1_c4->r0_c4', 'r0_c4->r0_c3', 'r0_c3->r0_c2', 'r0_c2->r0_c1', 'r0_c1->r0_c0', 'r0_c0->r0_c1', 'r0_c1->r0_c2', 'r0_c2->r0_c3', 'r0_c3->r0_c4', 'r0_c4->r1_c4', 'r1_c4->r2_c4', 'r2_c4->r3_c4', 'r3_c4->r4_c4')",289.45,prioritized_sipp_coordinator
823,274.0,robot_2,task_route,task_8,"('r4_c4', 'r3_c4', 'r2_c4', 'r1_c4', 'r0_c4', 'r0_c3', 'r0_c2', 'r0_c1', 'r0_c0', 'r0_c1', 'r0_c2', 'r0_c3', 'r0_c4', 'r1_c4', 'r2_c4', 'r3_c4', 'r4_c4')","('r4_c4->r3_c4', 'r3_c4->r2_c4', 'r2_c4->r1_c4', 'r1_c4->r0_c4', 'r0_c4->r0_c3', 'r0_c3->r0_c2', 'r0_c2->r0_c1', 'r0_c1->r0_c0', 'r0_c0->r0_c1', 'r0_c1->r0_c2', 'r0_c2->r0_c3', 'r0_c3->r0_c4', 'r0_c4->r1_c4', 'r1_c4->r2_c4', 'r2_c4->r3_c4', 'r3_c4->r4_c4')",16.0,prioritized_sipp_coordinator
824,274.0,robot_3,continue_current_plan,task_7,"('r4_c0', 'r3_c0', 'r2_c0', 'r1_c0', 'r0_c0', 'r0_c1', 'r0_c2', 'r0_c3', 'r0_c4', 'r1_c4', 'r2_c4', 'r3_c4', 'r4_c4')","('r4_c0->r3_c0', 'r3_c0->r2_c0', 'r2_c0->r1_c0', 'r1_c0->r0_c0', 'r0_c0->r0_c1', 'r0_c1->r0_c2', 'r0_c2->r0_c3', 'r0_c3->r0_c4', 'r0_c4->r1_c4', 'r1_c4->r2_c4', 'r2_c4->r3_c4', 'r3_c4->r4_c4')",290.0,prioritized_sipp_coordinator
825,275.0,robot_1,continue_current_plan,task_6,"('r4_c4', 'r3_c4', 'r2_c4', 'r1_c4', 'r0_c4', 'r0_c3', 'r0_c2', 'r0_c1', 'r0_c0', 'r0_c1', 'r0_c2', 'r0_c3', 'r0_c4', 'r1_c4', 'r2_c4', 'r3_c4', 'r4_c4')","('r4_c4->r3_c4', 'r3_c4->r2_c4', 'r2_c4->r1_c4', 'r1_c4->r0_c4', 'r0_c4->r0_c3', 'r0_c3->r0_c2', 'r0_c2->r0_c1', 'r0_c1->r0_c0', 'r0_c0->r0_c1', 'r0_c1->r0_c2', 'r0_c2->r0_c3', 'r0_c3->r0_c4', 'r0_c4->r1_c4', 'r1_c4->r2_c4', 'r2_c4->r3_c4', 'r3_c4->r4_c4')",289.45,prioritized_sipp_coordinator
826,275.0,robot_2,continue_current_plan,task_8,"('r4_c4', 'r3_c4', 'r2_c4', 'r1_c4', 'r0_c4', 'r0_c3', 'r0_c2', 'r0_c1', 'r0_c0', 'r0_c1', 'r0_c2', 'r0_c3', 'r0_c4', 'r1_c4', 'r2_c4', 'r3_c4', 'r4_c4')","('r4_c4->r3_c4', 'r3_c4->r2_c4', 'r2_c4->r1_c4', 'r1_c4->r0_c4', 'r0_c4->r0_c3', 'r0_c3->r0_c2', 'r0_c2->r0_c1', 'r0_c1->r0_c0', 'r0_c0->r0_c1', 'r0_c1->r0_c2', 'r0_c2->r0_c3', 'r0_c3->r0_c4', 'r0_c4->r1_c4', 'r1_c4->r2_c4', 'r2_c4->r3_c4', 'r3_c4->r4_c4')",312.45,prioritized_sipp_coordinator
827,275.0,robot_3,continue_current_plan,task_7,"('r4_c0', 'r3_c0', 'r2_c0', 'r1_c0', 'r0_c0', 'r0_c1', 'r0_c2', 'r0_c3', 'r0_c4', 'r1_c4', 'r2_c4', 'r3_c4', 'r4_c4')","('r4_c0->r3_c0', 'r3_c0->r2_c0', 'r2_c0->r1_c0', 'r1_c0->r0_c0', 'r0_c0->r0_c1', 'r0_c1->r0_c2', 'r0_c2->r0_c3', 'r0_c3->r0_c4', 'r0_c4->r1_c4', 'r1_c4->r2_c4', 'r2_c4->r3_c4', 'r3_c4->r4_c4')",290.0,prioritized_sipp_coordinator
828,276.0,robot_1,continue_current_plan,task_6,"('r4_c4', 'r3_c4', 'r2_c4', 'r1_c4', 'r0_c4', 'r0_c3', 'r0_c2', 'r0_c1', 'r0_c0', 'r0_c1', 'r0_c2', 'r0_c3', 'r0_c4', 'r1_c4', 'r2_c4', 'r3_c4', 'r4_c4')","('r4_c4->r3_c4', 'r3_c4->r2_c4', 'r2_c4->r1_c4', 'r1_c4->r0_c4', 'r0_c4->r0_c3', 'r0_c3->r0_c2', 'r0_c2->r0_c1', 'r0_c1->r0_c0', 'r0_c0->r0_c1', 'r0_c1->r0_c2', 'r0_c2->r0_c3', 'r0_c3->r0_c4', 'r0_c4->r1_c4', 'r1_c4->r2_c4', 'r2_c4->r3_c4', 'r3_c4->r4_c4')",289.45,prioritized_sipp_coordinator
829,276.0,robot_2,continue_current_plan,task_8,"('r4_c4', 'r3_c4', 'r2_c4', 'r1_c4', 'r0_c4', 'r0_c3', 'r0_c2', 'r0_c1', 'r0_c0', 'r0_c1', 'r0_c2', 'r0_c3', 'r0_c4', 'r1_c4', 'r2_c4', 'r3_c4', 'r4_c4')","('r4_c4->r3_c4', 'r3_c4->r2_c4', 'r2_c4->r1_c4', 'r1_c4->r0_c4', 'r0_c4->r0_c3', 'r0_c3->r0_c2', 'r0_c2->r0_c1', 'r0_c1->r0_c0', 'r0_c0->r0_c1', 'r0_c1->r0_c2', 'r0_c2->r0_c3', 'r0_c3->r0_c4', 'r0_c4->r1_c4', 'r1_c4->r2_c4', 'r2_c4->r3_c4', 'r3_c4->r4_c4')",312.45,prioritized_sipp_coordinator
830,276.0,robot_3,continue_current_plan,task_7,"('r4_c0', 'r3_c0', 'r2_c0', 'r1_c0', 'r0_c0', 'r0_c1', 'r0_c2', 'r0_c3', 'r0_c4', 'r1_c4', 'r2_c4', 'r3_c4', 'r4_c4')","('r4_c0->r3_c0', 'r3_c0->r2_c0', 'r2_c0->r1_c0', 'r1_c0->r0_c0', 'r0_c0->r0_c1', 'r0_c1->r0_c2', 'r0_c2->r0_c3', 'r0_c3->r0_c4', 'r0_c4->r1_c4', 'r1_c4->r2_c4', 'r2_c4->r3_c4', 'r3_c4->r4_c4')",290.0,prioritized_sipp_coordinator
831,277.0,robot_1,continue_current_plan,task_6,"('r4_c4', 'r3_c4', 'r2_c4', 'r1_c4', 'r0_c4', 'r0_c3', 'r0_c2', 'r0_c1', 'r0_c0', 'r0_c1', 'r0_c2', 'r0_c3', 'r0_c4', 'r1_c4', 'r2_c4', 'r3_c4', 'r4_c4')","('r4_c4->r3_c4', 'r3_c4->r2_c4', 'r2_c4->r1_c4', 'r1_c4->r0_c4', 'r0_c4->r0_c3', 'r0_c3->r0_c2', 'r0_c2->r0_c1', 'r0_c1->r0_c0', 'r0_c0->r0_c1', 'r0_c1->r0_c2', 'r0_c2->r0_c3', 'r0_c3->r0_c4', 'r0_c4->r1_c4', 'r1_c4->r2_c4', 'r2_c4->r3_c4', 'r3_c4->r4_c4')",289.45,prioritized_sipp_coordinator
832,277.0,robot_2,continue_current_plan,task_8,"('r4_c4', 'r3_c4', 'r2_c4', 'r1_c4', 'r0_c4', 'r0_c3', 'r0_c2', 'r0_c1', 'r0_c0', 'r0_c1', 'r0_c2', 'r0_c3', 'r0_c4', 'r1_c4', 'r2_c4', 'r3_c4', 'r4_c4')","('r4_c4->r3_c4', 'r3_c4->r2_c4', 'r2_c4->r1_c4', 'r1_c4->r0_c4', 'r0_c4->r0_c3', 'r0_c3->r0_c2', 'r0_c2->r0_c1', 'r0_c1->r0_c0', 'r0_c0->r0_c1', 'r0_c1->r0_c2', 'r0_c2->r0_c3', 'r0_c3->r0_c4', 'r0_c4->r1_c4', 'r1_c4->r2_c4', 'r2_c4->r3_c4', 'r3_c4->r4_c4')",312.45,prioritized_sipp_coordinator
833,277.0,robot_3,continue_current_plan,task_7,"('r4_c0', 'r3_c0', 'r2_c0', 'r1_c0', 'r0_c0', 'r0_c1', 'r0_c2', 'r0_c3', 'r0_c4', 'r1_c4', 'r2_c4', 'r3_c4', 'r4_c4')","('r4_c0->r3_c0', 'r3_c0->r2_c0', 'r2_c0->r1_c0', 'r1_c0->r0_c0', 'r0_c0->r0_c1', 'r0_c1->r0_c2', 'r0_c2->r0_c3', 'r0_c3->r0_c4', 'r0_c4->r1_c4', 'r1_c4->r2_c4', 'r2_c4->r3_c4', 'r3_c4->r4_c4')",290.0,prioritized_sipp_coordinator
834,278.0,robot_1,continue_current_plan,task_6,"('r4_c4', 'r3_c4', 'r2_c4', 'r1_c4', 'r0_c4', 'r0_c3', 'r0_c2', 'r0_c1', 'r0_c0', 'r0_c1', 'r0_c2', 'r0_c3', 'r0_c4', 'r1_c4', 'r2_c4', 'r3_c4', 'r4_c4')","('r4_c4->r3_c4', 'r3_c4->r2_c4', 'r2_c4->r1_c4', 'r1_c4->r0_c4', 'r0_c4->r0_c3', 'r0_c3->r0_c2', 'r0_c2->r0_c1', 'r0_c1->r0_c0', 'r0_c0->r0_c1', 'r0_c1->r0_c2', 'r0_c2->r0_c3', 'r0_c3->r0_c4', 'r0_c4->r1_c4', 'r1_c4->r2_c4', 'r2_c4->r3_c4', 'r3_c4->r4_c4')",289.45,prioritized_sipp_coordinator
835,278.0,robot_2,continue_current_plan,task_8,"('r4_c4', 'r3_c4', 'r2_c4', 'r1_c4', 'r0_c4', 'r0_c3', 'r0_c2', 'r0_c1', 'r0_c0', 'r0_c1', 'r0_c2', 'r0_c3', 'r0_c4', 'r1_c4', 'r2_c4', 'r3_c4', 'r4_c4')","('r4_c4->r3_c4', 'r3_c4->r2_c4', 'r2_c4->r1_c4', 'r1_c4->r0_c4', 'r0_c4->r0_c3', 'r0_c3->r0_c2', 'r0_c2->r0_c1', 'r0_c1->r0_c0', 'r0_c0->r0_c1', 'r0_c1->r0_c2', 'r0_c2->r0_c3', 'r0_c3->r0_c4', 'r0_c4->r1_c4', 'r1_c4->r2_c4', 'r2_c4->r3_c4', 'r3_c4->r4_c4')",312.45,prioritized_sipp_coordinator
836,278.0,robot_3,continue_current_plan,task_7,"('r4_c0', 'r3_c0', 'r2_c0', 'r1_c0', 'r0_c0', 'r0_c1', 'r0_c2', 'r0_c3', 'r0_c4', 'r1_c4', 'r2_c4', 'r3_c4', 'r4_c4')","('r4_c0->r3_c0', 'r3_c0->r2_c0', 'r2_c0->r1_c0', 'r1_c0->r0_c0', 'r0_c0->r0_c1', 'r0_c1->r0_c2', 'r0_c2->r0_c3', 'r0_c3->r0_c4', 'r0_c4->r1_c4', 'r1_c4->r2_c4', 'r2_c4->r3_c4', 'r3_c4->r4_c4')",290.0,prioritized_sipp_coordinator
837,279.0,robot_1,continue_current_plan,task_6,"('r4_c4', 'r3_c4', 'r2_c4', 'r1_c4', 'r0_c4', 'r0_c3', 'r0_c2', 'r0_c1', 'r0_c0', 'r0_c1', 'r0_c2', 'r0_c3', 'r0_c4', 'r1_c4', 'r2_c4', 'r3_c4', 'r4_c4')","('r4_c4->r3_c4', 'r3_c4->r2_c4', 'r2_c4->r1_c4', 'r1_c4->r0_c4', 'r0_c4->r0_c3', 'r0_c3->r0_c2', 'r0_c2->r0_c1', 'r0_c1->r0_c0', 'r0_c0->r0_c1', 'r0_c1->r0_c2', 'r0_c2->r0_c3', 'r0_c3->r0_c4', 'r0_c4->r1_c4', 'r1_c4->r2_c4', 'r2_c4->r3_c4', 'r3_c4->r4_c4')",289.45,prioritized_sipp_coordinator
838,279.0,robot_2,continue_current_plan,task_8,"('r4_c4', 'r3_c4', 'r2_c4', 'r1_c4', 'r0_c4', 'r0_c3', 'r0_c2', 'r0_c1', 'r0_c0', 'r0_c1', 'r0_c2', 'r0_c3', 'r0_c4', 'r1_c4', 'r2_c4', 'r3_c4', 'r4_c4')","('r4_c4->r3_c4', 'r3_c4->r2_c4', 'r2_c4->r1_c4', 'r1_c4->r0_c4', 'r0_c4->r0_c3', 'r0_c3->r0_c2', 'r0_c2->r0_c1', 'r0_c1->r0_c0', 'r0_c0->r0_c1', 'r0_c1->r0_c2', 'r0_c2->r0_c3', 'r0_c3->r0_c4', 'r0_c4->r1_c4', 'r1_c4->r2_c4', 'r2_c4->r3_c4', 'r3_c4->r4_c4')",312.45,prioritized_sipp_coordinator
839,279.0,robot_3,continue_current_plan,task_7,"('r4_c0', 'r3_c0', 'r2_c0', 'r1_c0', 'r0_c0', 'r0_c1', 'r0_c2', 'r0_c3', 'r0_c4', 'r1_c4', 'r2_c4', 'r3_c4', 'r4_c4')","('r4_c0->r3_c0', 'r3_c0->r2_c0', 'r2_c0->r1_c0', 'r1_c0->r0_c0', 'r0_c0->r0_c1', 'r0_c1->r0_c2', 'r0_c2->r0_c3', 'r0_c3->r0_c4', 'r0_c4->r1_c4', 'r1_c4->r2_c4', 'r2_c4->r3_c4', 'r3_c4->r4_c4')",290.0,prioritized_sipp_coordinator
840,280.0,robot_1,continue_current_plan,task_6,"('r4_c4', 'r3_c4', 'r2_c4', 'r1_c4', 'r0_c4', 'r0_c3', 'r0_c2', 'r0_c1', 'r0_c0', 'r0_c1', 'r0_c2', 'r0_c3', 'r0_c4', 'r1_c4', 'r2_c4', 'r3_c4', 'r4_c4')","('r4_c4->r3_c4', 'r3_c4->r2_c4', 'r2_c4->r1_c4', 'r1_c4->r0_c4', 'r0_c4->r0_c3', 'r0_c3->r0_c2', 'r0_c2->r0_c1', 'r0_c1->r0_c0', 'r0_c0->r0_c1', 'r0_c1->r0_c2', 'r0_c2->r0_c3', 'r0_c3->r0_c4', 'r0_c4->r1_c4', 'r1_c4->r2_c4', 'r2_c4->r3_c4', 'r3_c4->r4_c4')",289.45,prioritized_sipp_coordinator
841,280.0,robot_2,continue_current_plan,task_8,"('r4_c4', 'r3_c4', 'r2_c4', 'r1_c4', 'r0_c4', 'r0_c3', 'r0_c2', 'r0_c1', 'r0_c0', 'r0_c1', 'r0_c2', 'r0_c3', 'r0_c4', 'r1_c4', 'r2_c4', 'r3_c4', 'r4_c4')","('r4_c4->r3_c4', 'r3_c4->r2_c4', 'r2_c4->r1_c4', 'r1_c4->r0_c4', 'r0_c4->r0_c3', 'r0_c3->r0_c2', 'r0_c2->r0_c1', 'r0_c1->r0_c0', 'r0_c0->r0_c1', 'r0_c1->r0_c2', 'r0_c2->r0_c3', 'r0_c3->r0_c4', 'r0_c4->r1_c4', 'r1_c4->r2_c4', 'r2_c4->r3_c4', 'r3_c4->r4_c4')",312.45,prioritized_sipp_coordinator
842,280.0,robot_3,continue_current_plan,task_7,"('r4_c0', 'r3_c0', 'r2_c0', 'r1_c0', 'r0_c0', 'r0_c1', 'r0_c2', 'r0_c3', 'r0_c4', 'r1_c4', 'r2_c4', 'r3_c4', 'r4_c4')","('r4_c0->r3_c0', 'r3_c0->r2_c0', 'r2_c0->r1_c0', 'r1_c0->r0_c0', 'r0_c0->r0_c1', 'r0_c1->r0_c2', 'r0_c2->r0_c3', 'r0_c3->r0_c4', 'r0_c4->r1_c4', 'r1_c4->r2_c4', 'r2_c4->r3_c4', 'r3_c4->r4_c4')",290.0,prioritized_sipp_coordinator
843,281.0,robot_1,continue_current_plan,task_6,"('r4_c4', 'r3_c4', 'r2_c4', 'r1_c4', 'r0_c4', 'r0_c3', 'r0_c2', 'r0_c1', 'r0_c0', 'r0_c1', 'r0_c2', 'r0_c3', 'r0_c4', 'r1_c4', 'r2_c4', 'r3_c4', 'r4_c4')","('r4_c4->r3_c4', 'r3_c4->r2_c4', 'r2_c4->r1_c4', 'r1_c4->r0_c4', 'r0_c4->r0_c3', 'r0_c3->r0_c2', 'r0_c2->r0_c1', 'r0_c1->r0_c0', 'r0_c0->r0_c1', 'r0_c1->r0_c2', 'r0_c2->r0_c3', 'r0_c3->r0_c4', 'r0_c4->r1_c4', 'r1_c4->r2_c4', 'r2_c4->r3_c4', 'r3_c4->r4_c4')",289.45,prioritized_sipp_coordinator
844,281.0,robot_2,continue_current_plan,task_8,"('r4_c4', 'r3_c4', 'r2_c4', 'r1_c4', 'r0_c4', 'r0_c3', 'r0_c2', 'r0_c1', 'r0_c0', 'r0_c1', 'r0_c2', 'r0_c3', 'r0_c4', 'r1_c4', 'r2_c4', 'r3_c4', 'r4_c4')","('r4_c4->r3_c4', 'r3_c4->r2_c4', 'r2_c4->r1_c4', 'r1_c4->r0_c4', 'r0_c4->r0_c3', 'r0_c3->r0_c2', 'r0_c2->r0_c1', 'r0_c1->r0_c0', 'r0_c0->r0_c1', 'r0_c1->r0_c2', 'r0_c2->r0_c3', 'r0_c3->r0_c4', 'r0_c4->r1_c4', 'r1_c4->r2_c4', 'r2_c4->r3_c4', 'r3_c4->r4_c4')",312.45,prioritized_sipp_coordinator
845,281.0,robot_3,continue_current_plan,task_7,"('r4_c0', 'r3_c0', 'r2_c0', 'r1_c0', 'r0_c0', 'r0_c1', 'r0_c2', 'r0_c3', 'r0_c4', 'r1_c4', 'r2_c4', 'r3_c4', 'r4_c4')","('r4_c0->r3_c0', 'r3_c0->r2_c0', 'r2_c0->r1_c0', 'r1_c0->r0_c0', 'r0_c0->r0_c1', 'r0_c1->r0_c2', 'r0_c2->r0_c3', 'r0_c3->r0_c4', 'r0_c4->r1_c4', 'r1_c4->r2_c4', 'r2_c4->r3_c4', 'r3_c4->r4_c4')",290.0,prioritized_sipp_coordinator
846,282.0,robot_1,continue_current_plan,task_6,"('r4_c4', 'r3_c4', 'r2_c4', 'r1_c4', 'r0_c4', 'r0_c3', 'r0_c2', 'r0_c1', 'r0_c0', 'r0_c1', 'r0_c2', 'r0_c3', 'r0_c4', 'r1_c4', 'r2_c4', 'r3_c4', 'r4_c4')","('r4_c4->r3_c4', 'r3_c4->r2_c4', 'r2_c4->r1_c4', 'r1_c4->r0_c4', 'r0_c4->r0_c3', 'r0_c3->r0_c2', 'r0_c2->r0_c1', 'r0_c1->r0_c0', 'r0_c0->r0_c1', 'r0_c1->r0_c2', 'r0_c2->r0_c3', 'r0_c3->r0_c4', 'r0_c4->r1_c4', 'r1_c4->r2_c4', 'r2_c4->r3_c4', 'r3_c4->r4_c4')",289.45,prioritized_sipp_coordinator
847,282.0,robot_2,continue_current_plan,task_8,"('r4_c4', 'r3_c4', 'r2_c4', 'r1_c4', 'r0_c4', 'r0_c3', 'r0_c2', 'r0_c1', 'r0_c0', 'r0_c1', 'r0_c2', 'r0_c3', 'r0_c4', 'r1_c4', 'r2_c4', 'r3_c4', 'r4_c4')","('r4_c4->r3_c4', 'r3_c4->r2_c4', 'r2_c4->r1_c4', 'r1_c4->r0_c4', 'r0_c4->r0_c3', 'r0_c3->r0_c2', 'r0_c2->r0_c1', 'r0_c1->r0_c0', 'r0_c0->r0_c1', 'r0_c1->r0_c2', 'r0_c2->r0_c3', 'r0_c3->r0_c4', 'r0_c4->r1_c4', 'r1_c4->r2_c4', 'r2_c4->r3_c4', 'r3_c4->r4_c4')",312.45,prioritized_sipp_coordinator
848,282.0,robot_3,continue_current_plan,task_7,"('r4_c0', 'r3_c0', 'r2_c0', 'r1_c0', 'r0_c0', 'r0_c1', 'r0_c2', 'r0_c3', 'r0_c4', 'r1_c4', 'r2_c4', 'r3_c4', 'r4_c4')","('r4_c0->r3_c0', 'r3_c0->r2_c0', 'r2_c0->r1_c0', 'r1_c0->r0_c0', 'r0_c0->r0_c1', 'r0_c1->r0_c2', 'r0_c2->r0_c3', 'r0_c3->r0_c4', 'r0_c4->r1_c4', 'r1_c4->r2_c4', 'r2_c4->r3_c4', 'r3_c4->r4_c4')",290.0,prioritized_sipp_coordinator
849,283.0,robot_1,continue_current_plan,task_6,"('r4_c4', 'r3_c4', 'r2_c4', 'r1_c4', 'r0_c4', 'r0_c3', 'r0_c2', 'r0_c1', 'r0_c0', 'r0_c1', 'r0_c2', 'r0_c3', 'r0_c4', 'r1_c4', 'r2_c4', 'r3_c4', 'r4_c4')","('r4_c4->r3_c4', 'r3_c4->r2_c4', 'r2_c4->r1_c4', 'r1_c4->r0_c4', 'r0_c4->r0_c3', 'r0_c3->r0_c2', 'r0_c2->r0_c1', 'r0_c1->r0_c0', 'r0_c0->r0_c1', 'r0_c1->r0_c2', 'r0_c2->r0_c3', 'r0_c3->r0_c4', 'r0_c4->r1_c4', 'r1_c4->r2_c4', 'r2_c4->r3_c4', 'r3_c4->r4_c4')",289.45,prioritized_sipp_coordinator
850,283.0,robot_2,continue_current_plan,task_8,"('r4_c4', 'r3_c4', 'r2_c4', 'r1_c4', 'r0_c4', 'r0_c3', 'r0_c2', 'r0_c1', 'r0_c0', 'r0_c1', 'r0_c2', 'r0_c3', 'r0_c4', 'r1_c4', 'r2_c4', 'r3_c4', 'r4_c4')","('r4_c4->r3_c4', 'r3_c4->r2_c4', 'r2_c4->r1_c4', 'r1_c4->r0_c4', 'r0_c4->r0_c3', 'r0_c3->r0_c2', 'r0_c2->r0_c1', 'r0_c1->r0_c0', 'r0_c0->r0_c1', 'r0_c1->r0_c2', 'r0_c2->r0_c3', 'r0_c3->r0_c4', 'r0_c4->r1_c4', 'r1_c4->r2_c4', 'r2_c4->r3_c4', 'r3_c4->r4_c4')",312.45,prioritized_sipp_coordinator
851,283.0,robot_3,continue_current_plan,task_7,"('r4_c0', 'r3_c0', 'r2_c0', 'r1_c0', 'r0_c0', 'r0_c1', 'r0_c2', 'r0_c3', 'r0_c4', 'r1_c4', 'r2_c4', 'r3_c4', 'r4_c4')","('r4_c0->r3_c0', 'r3_c0->r2_c0', 'r2_c0->r1_c0', 'r1_c0->r0_c0', 'r0_c0->r0_c1', 'r0_c1->r0_c2', 'r0_c2->r0_c3', 'r0_c3->r0_c4', 'r0_c4->r1_c4', 'r1_c4->r2_c4', 'r2_c4->r3_c4', 'r3_c4->r4_c4')",290.0,prioritized_sipp_coordinator
852,284.0,robot_1,continue_current_plan,task_6,"('r4_c4', 'r3_c4', 'r2_c4', 'r1_c4', 'r0_c4', 'r0_c3', 'r0_c2', 'r0_c1', 'r0_c0', 'r0_c1', 'r0_c2', 'r0_c3', 'r0_c4', 'r1_c4', 'r2_c4', 'r3_c4', 'r4_c4')","('r4_c4->r3_c4', 'r3_c4->r2_c4', 'r2_c4->r1_c4', 'r1_c4->r0_c4', 'r0_c4->r0_c3', 'r0_c3->r0_c2', 'r0_c2->r0_c1', 'r0_c1->r0_c0', 'r0_c0->r0_c1', 'r0_c1->r0_c2', 'r0_c2->r0_c3', 'r0_c3->r0_c4', 'r0_c4->r1_c4', 'r1_c4->r2_c4', 'r2_c4->r3_c4', 'r3_c4->r4_c4')",289.45,prioritized_sipp_coordinator
853,284.0,robot_2,continue_current_plan,task_8,"('r4_c4', 'r3_c4', 'r2_c4', 'r1_c4', 'r0_c4', 'r0_c3', 'r0_c2', 'r0_c1', 'r0_c0', 'r0_c1', 'r0_c2', 'r0_c3', 'r0_c4', 'r1_c4', 'r2_c4', 'r3_c4', 'r4_c4')","('r4_c4->r3_c4', 'r3_c4->r2_c4', 'r2_c4->r1_c4', 'r1_c4->r0_c4', 'r0_c4->r0_c3', 'r0_c3->r0_c2', 'r0_c2->r0_c1', 'r0_c1->r0_c0', 'r0_c0->r0_c1', 'r0_c1->r0_c2', 'r0_c2->r0_c3', 'r0_c3->r0_c4', 'r0_c4->r1_c4', 'r1_c4->r2_c4', 'r2_c4->r3_c4', 'r3_c4->r4_c4')",312.45,prioritized_sipp_coordinator
854,284.0,robot_3,continue_current_plan,task_7,"('r4_c0', 'r3_c0', 'r2_c0', 'r1_c0', 'r0_c0', 'r0_c1', 'r0_c2', 'r0_c3', 'r0_c4', 'r1_c4', 'r2_c4', 'r3_c4', 'r4_c4')","('r4_c0->r3_c0', 'r3_c0->r2_c0', 'r2_c0->r1_c0', 'r1_c0->r0_c0', 'r0_c0->r0_c1', 'r0_c1->r0_c2', 'r0_c2->r0_c3', 'r0_c3->r0_c4', 'r0_c4->r1_c4', 'r1_c4->r2_c4', 'r2_c4->r3_c4', 'r3_c4->r4_c4')",290.0,prioritized_sipp_coordinator
855,285.0,robot_1,continue_current_plan,task_6,"('r4_c4', 'r3_c4', 'r2_c4', 'r1_c4', 'r0_c4', 'r0_c3', 'r0_c2', 'r0_c1', 'r0_c0', 'r0_c1', 'r0_c2', 'r0_c3', 'r0_c4', 'r1_c4', 'r2_c4', 'r3_c4', 'r4_c4')","('r4_c4->r3_c4', 'r3_c4->r2_c4', 'r2_c4->r1_c4', 'r1_c4->r0_c4', 'r0_c4->r0_c3', 'r0_c3->r0_c2', 'r0_c2->r0_c1', 'r0_c1->r0_c0', 'r0_c0->r0_c1', 'r0_c1->r0_c2', 'r0_c2->r0_c3', 'r0_c3->r0_c4', 'r0_c4->r1_c4', 'r1_c4->r2_c4', 'r2_c4->r3_c4', 'r3_c4->r4_c4')",289.45,prioritized_sipp_coordinator
856,285.0,robot_2,continue_current_plan,task_8,"('r4_c4', 'r3_c4', 'r2_c4', 'r1_c4', 'r0_c4', 'r0_c3', 'r0_c2', 'r0_c1', 'r0_c0', 'r0_c1', 'r0_c2', 'r0_c3', 'r0_c4', 'r1_c4', 'r2_c4', 'r3_c4', 'r4_c4')","('r4_c4->r3_c4', 'r3_c4->r2_c4', 'r2_c4->r1_c4', 'r1_c4->r0_c4', 'r0_c4->r0_c3', 'r0_c3->r0_c2', 'r0_c2->r0_c1', 'r0_c1->r0_c0', 'r0_c0->r0_c1', 'r0_c1->r0_c2', 'r0_c2->r0_c3', 'r0_c3->r0_c4', 'r0_c4->r1_c4', 'r1_c4->r2_c4', 'r2_c4->r3_c4', 'r3_c4->r4_c4')",312.45,prioritized_sipp_coordinator
857,285.0,robot_3,continue_current_plan,task_7,"('r4_c0', 'r3_c0', 'r2_c0', 'r1_c0', 'r0_c0', 'r0_c1', 'r0_c2', 'r0_c3', 'r0_c4', 'r1_c4', 'r2_c4', 'r3_c4', 'r4_c4')","('r4_c0->r3_c0', 'r3_c0->r2_c0', 'r2_c0->r1_c0', 'r1_c0->r0_c0', 'r0_c0->r0_c1', 'r0_c1->r0_c2', 'r0_c2->r0_c3', 'r0_c3->r0_c4', 'r0_c4->r1_c4', 'r1_c4->r2_c4', 'r2_c4->r3_c4', 'r3_c4->r4_c4')",290.0,prioritized_sipp_coordinator
858,286.0,robot_1,continue_current_plan,task_6,"('r4_c4', 'r3_c4', 'r2_c4', 'r1_c4', 'r0_c4', 'r0_c3', 'r0_c2', 'r0_c1', 'r0_c0', 'r0_c1', 'r0_c2', 'r0_c3', 'r0_c4', 'r1_c4', 'r2_c4', 'r3_c4', 'r4_c4')","('r4_c4->r3_c4', 'r3_c4->r2_c4', 'r2_c4->r1_c4', 'r1_c4->r0_c4', 'r0_c4->r0_c3', 'r0_c3->r0_c2', 'r0_c2->r0_c1', 'r0_c1->r0_c0', 'r0_c0->r0_c1', 'r0_c1->r0_c2', 'r0_c2->r0_c3', 'r0_c3->r0_c4', 'r0_c4->r1_c4', 'r1_c4->r2_c4', 'r2_c4->r3_c4', 'r3_c4->r4_c4')",289.45,prioritized_sipp_coordinator
859,286.0,robot_2,continue_current_plan,task_8,"('r4_c4', 'r3_c4', 'r2_c4', 'r1_c4', 'r0_c4', 'r0_c3', 'r0_c2', 'r0_c1', 'r0_c0', 'r0_c1', 'r0_c2', 'r0_c3', 'r0_c4', 'r1_c4', 'r2_c4', 'r3_c4', 'r4_c4')","('r4_c4->r3_c4', 'r3_c4->r2_c4', 'r2_c4->r1_c4', 'r1_c4->r0_c4', 'r0_c4->r0_c3', 'r0_c3->r0_c2', 'r0_c2->r0_c1', 'r0_c1->r0_c0', 'r0_c0->r0_c1', 'r0_c1->r0_c2', 'r0_c2->r0_c3', 'r0_c3->r0_c4', 'r0_c4->r1_c4', 'r1_c4->r2_c4', 'r2_c4->r3_c4', 'r3_c4->r4_c4')",312.45,prioritized_sipp_coordinator
860,286.0,robot_3,continue_current_plan,task_7,"('r4_c0', 'r3_c0', 'r2_c0', 'r1_c0', 'r0_c0', 'r0_c1', 'r0_c2', 'r0_c3', 'r0_c4', 'r1_c4', 'r2_c4', 'r3_c4', 'r4_c4')","('r4_c0->r3_c0', 'r3_c0->r2_c0', 'r2_c0->r1_c0', 'r1_c0->r0_c0', 'r0_c0->r0_c1', 'r0_c1->r0_c2', 'r0_c2->r0_c3', 'r0_c3->r0_c4', 'r0_c4->r1_c4', 'r1_c4->r2_c4', 'r2_c4->r3_c4', 'r3_c4->r4_c4')",290.0,prioritized_sipp_coordinator
861,287.0,robot_1,continue_current_plan,task_6,"('r4_c4', 'r3_c4', 'r2_c4', 'r1_c4', 'r0_c4', 'r0_c3', 'r0_c2', 'r0_c1', 'r0_c0', 'r0_c1', 'r0_c2', 'r0_c3', 'r0_c4', 'r1_c4', 'r2_c4', 'r3_c4', 'r4_c4')","('r4_c4->r3_c4', 'r3_c4->r2_c4', 'r2_c4->r1_c4', 'r1_c4->r0_c4', 'r0_c4->r0_c3', 'r0_c3->r0_c2', 'r0_c2->r0_c1', 'r0_c1->r0_c0', 'r0_c0->r0_c1', 'r0_c1->r0_c2', 'r0_c2->r0_c3', 'r0_c3->r0_c4', 'r0_c4->r1_c4', 'r1_c4->r2_c4', 'r2_c4->r3_c4', 'r3_c4->r4_c4')",289.45,prioritized_sipp_coordinator
862,287.0,robot_2,continue_current_plan,task_8,"('r4_c4', 'r3_c4', 'r2_c4', 'r1_c4', 'r0_c4', 'r0_c3', 'r0_c2', 'r0_c1', 'r0_c0', 'r0_c1', 'r0_c2', 'r0_c3', 'r0_c4', 'r1_c4', 'r2_c4', 'r3_c4', 'r4_c4')","('r4_c4->r3_c4', 'r3_c4->r2_c4', 'r2_c4->r1_c4', 'r1_c4->r0_c4', 'r0_c4->r0_c3', 'r0_c3->r0_c2', 'r0_c2->r0_c1', 'r0_c1->r0_c0', 'r0_c0->r0_c1', 'r0_c1->r0_c2', 'r0_c2->r0_c3', 'r0_c3->r0_c4', 'r0_c4->r1_c4', 'r1_c4->r2_c4', 'r2_c4->r3_c4', 'r3_c4->r4_c4')",312.45,prioritized_sipp_coordinator
863,287.0,robot_3,continue_current_plan,task_7,"('r4_c0', 'r3_c0', 'r2_c0', 'r1_c0', 'r0_c0', 'r0_c1', 'r0_c2', 'r0_c3', 'r0_c4', 'r1_c4', 'r2_c4', 'r3_c4', 'r4_c4')","('r4_c0->r3_c0', 'r3_c0->r2_c0', 'r2_c0->r1_c0', 'r1_c0->r0_c0', 'r0_c0->r0_c1', 'r0_c1->r0_c2', 'r0_c2->r0_c3', 'r0_c3->r0_c4', 'r0_c4->r1_c4', 'r1_c4->r2_c4', 'r2_c4->r3_c4', 'r3_c4->r4_c4')",290.0,prioritized_sipp_coordinator
864,288.0,robot_1,continue_current_plan,task_6,"('r4_c4', 'r3_c4', 'r2_c4', 'r1_c4', 'r0_c4', 'r0_c3', 'r0_c2', 'r0_c1', 'r0_c0', 'r0_c1', 'r0_c2', 'r0_c3', 'r0_c4', 'r1_c4', 'r2_c4', 'r3_c4', 'r4_c4')","('r4_c4->r3_c4', 'r3_c4->r2_c4', 'r2_c4->r1_c4', 'r1_c4->r0_c4', 'r0_c4->r0_c3', 'r0_c3->r0_c2', 'r0_c2->r0_c1', 'r0_c1->r0_c0', 'r0_c0->r0_c1', 'r0_c1->r0_c2', 'r0_c2->r0_c3', 'r0_c3->r0_c4', 'r0_c4->r1_c4', 'r1_c4->r2_c4', 'r2_c4->r3_c4', 'r3_c4->r4_c4')",289.45,prioritized_sipp_coordinator
865,288.0,robot_2,continue_current_plan,task_8,"('r4_c4', 'r3_c4', 'r2_c4', 'r1_c4', 'r0_c4', 'r0_c3', 'r0_c2', 'r0_c1', 'r0_c0', 'r0_c1', 'r0_c2', 'r0_c3', 'r0_c4', 'r1_c4', 'r2_c4', 'r3_c4', 'r4_c4')","('r4_c4->r3_c4', 'r3_c4->r2_c4', 'r2_c4->r1_c4', 'r1_c4->r0_c4', 'r0_c4->r0_c3', 'r0_c3->r0_c2', 'r0_c2->r0_c1', 'r0_c1->r0_c0', 'r0_c0->r0_c1', 'r0_c1->r0_c2', 'r0_c2->r0_c3', 'r0_c3->r0_c4', 'r0_c4->r1_c4', 'r1_c4->r2_c4', 'r2_c4->r3_c4', 'r3_c4->r4_c4')",312.45,prioritized_sipp_coordinator
866,288.0,robot_3,continue_current_plan,task_7,"('r4_c0', 'r3_c0', 'r2_c0', 'r1_c0', 'r0_c0', 'r0_c1', 'r0_c2', 'r0_c3', 'r0_c4', 'r1_c4', 'r2_c4', 'r3_c4', 'r4_c4')","('r4_c0->r3_c0', 'r3_c0->r2_c0', 'r2_c0->r1_c0', 'r1_c0->r0_c0', 'r0_c0->r0_c1', 'r0_c1->r0_c2', 'r0_c2->r0_c3', 'r0_c3->r0_c4', 'r0_c4->r1_c4', 'r1_c4->r2_c4', 'r2_c4->r3_c4', 'r3_c4->r4_c4')",290.0,prioritized_sipp_coordinator
867,289.0,robot_1,continue_current_plan,task_6,"('r4_c4', 'r3_c4', 'r2_c4', 'r1_c4', 'r0_c4', 'r0_c3', 'r0_c2', 'r0_c1', 'r0_c0', 'r0_c1', 'r0_c2', 'r0_c3', 'r0_c4', 'r1_c4', 'r2_c4', 'r3_c4', 'r4_c4')","('r4_c4->r3_c4', 'r3_c4->r2_c4', 'r2_c4->r1_c4', 'r1_c4->r0_c4', 'r0_c4->r0_c3', 'r0_c3->r0_c2', 'r0_c2->r0_c1', 'r0_c1->r0_c0', 'r0_c0->r0_c1', 'r0_c1->r0_c2', 'r0_c2->r0_c3', 'r0_c3->r0_c4', 'r0_c4->r1_c4', 'r1_c4->r2_c4', 'r2_c4->r3_c4', 'r3_c4->r4_c4')",289.45,prioritized_sipp_coordinator
868,289.0,robot_2,continue_current_plan,task_8,"('r4_c4', 'r3_c4', 'r2_c4', 'r1_c4', 'r0_c4', 'r0_c3', 'r0_c2', 'r0_c1', 'r0_c0', 'r0_c1', 'r0_c2', 'r0_c3', 'r0_c4', 'r1_c4', 'r2_c4', 'r3_c4', 'r4_c4')","('r4_c4->r3_c4', 'r3_c4->r2_c4', 'r2_c4->r1_c4', 'r1_c4->r0_c4', 'r0_c4->r0_c3', 'r0_c3->r0_c2', 'r0_c2->r0_c1', 'r0_c1->r0_c0', 'r0_c0->r0_c1', 'r0_c1->r0_c2', 'r0_c2->r0_c3', 'r0_c3->r0_c4', 'r0_c4->r1_c4', 'r1_c4->r2_c4', 'r2_c4->r3_c4', 'r3_c4->r4_c4')",312.45,prioritized_sipp_coordinator
869,289.0,robot_3,continue_current_plan,task_7,"('r4_c0', 'r3_c0', 'r2_c0', 'r1_c0', 'r0_c0', 'r0_c1', 'r0_c2', 'r0_c3', 'r0_c4', 'r1_c4', 'r2_c4', 'r3_c4', 'r4_c4')","('r4_c0->r3_c0', 'r3_c0->r2_c0', 'r2_c0->r1_c0', 'r1_c0->r0_c0', 'r0_c0->r0_c1', 'r0_c1->r0_c2', 'r0_c2->r0_c3', 'r0_c3->r0_c4', 'r0_c4->r1_c4', 'r1_c4->r2_c4', 'r2_c4->r3_c4', 'r3_c4->r4_c4')",290.0,prioritized_sipp_coordinator
870,290.0,robot_1,wait,,(),(),290.25,prioritized_sipp_coordinator
871,290.0,robot_2,continue_current_plan,task_8,"('r4_c4', 'r3_c4', 'r2_c4', 'r1_c4', 'r0_c4', 'r0_c3', 'r0_c2', 'r0_c1', 'r0_c0', 'r0_c1', 'r0_c2', 'r0_c3', 'r0_c4', 'r1_c4', 'r2_c4', 'r3_c4', 'r4_c4')","('r4_c4->r3_c4', 'r3_c4->r2_c4', 'r2_c4->r1_c4', 'r1_c4->r0_c4', 'r0_c4->r0_c3', 'r0_c3->r0_c2', 'r0_c2->r0_c1', 'r0_c1->r0_c0', 'r0_c0->r0_c1', 'r0_c1->r0_c2', 'r0_c2->r0_c3', 'r0_c3->r0_c4', 'r0_c4->r1_c4', 'r1_c4->r2_c4', 'r2_c4->r3_c4', 'r3_c4->r4_c4')",312.45,prioritized_sipp_coordinator
872,290.0,robot_3,wait,,(),(),290.25,prioritized_sipp_coordinator
873,291.0,robot_1,wait,,(),(),291.25,prioritized_sipp_coordinator
874,291.0,robot_2,continue_current_plan,task_8,"('r4_c4', 'r3_c4', 'r2_c4', 'r1_c4', 'r0_c4', 'r0_c3', 'r0_c2', 'r0_c1', 'r0_c0', 'r0_c1', 'r0_c2', 'r0_c3', 'r0_c4', 'r1_c4', 'r2_c4', 'r3_c4', 'r4_c4')","('r4_c4->r3_c4', 'r3_c4->r2_c4', 'r2_c4->r1_c4', 'r1_c4->r0_c4', 'r0_c4->r0_c3', 'r0_c3->r0_c2', 'r0_c2->r0_c1', 'r0_c1->r0_c0', 'r0_c0->r0_c1', 'r0_c1->r0_c2', 'r0_c2->r0_c3', 'r0_c3->r0_c4', 'r0_c4->r1_c4', 'r1_c4->r2_c4', 'r2_c4->r3_c4', 'r3_c4->r4_c4')",312.45,prioritized_sipp_coordinator
875,291.0,robot_3,wait,,(),(),291.25,prioritized_sipp_coordinator
876,292.0,robot_1,wait,,(),(),292.25,prioritized_sipp_coordinator
877,292.0,robot_2,continue_current_plan,task_8,"('r4_c4', 'r3_c4', 'r2_c4', 'r1_c4', 'r0_c4', 'r0_c3', 'r0_c2', 'r0_c1', 'r0_c0', 'r0_c1', 'r0_c2', 'r0_c3', 'r0_c4', 'r1_c4', 'r2_c4', 'r3_c4', 'r4_c4')","('r4_c4->r3_c4', 'r3_c4->r2_c4', 'r2_c4->r1_c4', 'r1_c4->r0_c4', 'r0_c4->r0_c3', 'r0_c3->r0_c2', 'r0_c2->r0_c1', 'r0_c1->r0_c0', 'r0_c0->r0_c1', 'r0_c1->r0_c2', 'r0_c2->r0_c3', 'r0_c3->r0_c4', 'r0_c4->r1_c4', 'r1_c4->r2_c4', 'r2_c4->r3_c4', 'r3_c4->r4_c4')",312.45,prioritized_sipp_coordinator
878,292.0,robot_3,wait,,(),(),292.25,prioritized_sipp_coordinator
879,293.0,robot_1,wait,,(),(),293.25,prioritized_sipp_coordinator
880,293.0,robot_2,continue_current_plan,task_8,"('r4_c4', 'r3_c4', 'r2_c4', 'r1_c4', 'r0_c4', 'r0_c3', 'r0_c2', 'r0_c1', 'r0_c0', 'r0_c1', 'r0_c2', 'r0_c3', 'r0_c4', 'r1_c4', 'r2_c4', 'r3_c4', 'r4_c4')","('r4_c4->r3_c4', 'r3_c4->r2_c4', 'r2_c4->r1_c4', 'r1_c4->r0_c4', 'r0_c4->r0_c3', 'r0_c3->r0_c2', 'r0_c2->r0_c1', 'r0_c1->r0_c0', 'r0_c0->r0_c1', 'r0_c1->r0_c2', 'r0_c2->r0_c3', 'r0_c3->r0_c4', 'r0_c4->r1_c4', 'r1_c4->r2_c4', 'r2_c4->r3_c4', 'r3_c4->r4_c4')",312.45,prioritized_sipp_coordinator
881,293.0,robot_3,wait,,(),(),293.25,prioritized_sipp_coordinator
882,294.0,robot_1,wait,,(),(),294.25,prioritized_sipp_coordinator
883,294.0,robot_2,continue_current_plan,task_8,"('r4_c4', 'r3_c4', 'r2_c4', 'r1_c4', 'r0_c4', 'r0_c3', 'r0_c2', 'r0_c1', 'r0_c0', 'r0_c1', 'r0_c2', 'r0_c3', 'r0_c4', 'r1_c4', 'r2_c4', 'r3_c4', 'r4_c4')","('r4_c4->r3_c4', 'r3_c4->r2_c4', 'r2_c4->r1_c4', 'r1_c4->r0_c4', 'r0_c4->r0_c3', 'r0_c3->r0_c2', 'r0_c2->r0_c1', 'r0_c1->r0_c0', 'r0_c0->r0_c1', 'r0_c1->r0_c2', 'r0_c2->r0_c3', 'r0_c3->r0_c4', 'r0_c4->r1_c4', 'r1_c4->r2_c4', 'r2_c4->r3_c4', 'r3_c4->r4_c4')",312.45,prioritized_sipp_coordinator
884,294.0,robot_3,wait,,(),(),294.25,prioritized_sipp_coordinator
885,295.0,robot_1,wait,,(),(),295.25,prioritized_sipp_coordinator
886,295.0,robot_2,continue_current_plan,task_8,"('r4_c4', 'r3_c4', 'r2_c4', 'r1_c4', 'r0_c4', 'r0_c3', 'r0_c2', 'r0_c1', 'r0_c0', 'r0_c1', 'r0_c2', 'r0_c3', 'r0_c4', 'r1_c4', 'r2_c4', 'r3_c4', 'r4_c4')","('r4_c4->r3_c4', 'r3_c4->r2_c4', 'r2_c4->r1_c4', 'r1_c4->r0_c4', 'r0_c4->r0_c3', 'r0_c3->r0_c2', 'r0_c2->r0_c1', 'r0_c1->r0_c0', 'r0_c0->r0_c1', 'r0_c1->r0_c2', 'r0_c2->r0_c3', 'r0_c3->r0_c4', 'r0_c4->r1_c4', 'r1_c4->r2_c4', 'r2_c4->r3_c4', 'r3_c4->r4_c4')",312.45,prioritized_sipp_coordinator
887,295.0,robot_3,wait,,(),(),295.25,prioritized_sipp_coordinator
888,296.0,robot_1,wait,,(),(),296.25,prioritized_sipp_coordinator
889,296.0,robot_2,continue_current_plan,task_8,"('r4_c4', 'r3_c4', 'r2_c4', 'r1_c4', 'r0_c4', 'r0_c3', 'r0_c2', 'r0_c1', 'r0_c0', 'r0_c1', 'r0_c2', 'r0_c3', 'r0_c4', 'r1_c4', 'r2_c4', 'r3_c4', 'r4_c4')","('r4_c4->r3_c4', 'r3_c4->r2_c4', 'r2_c4->r1_c4', 'r1_c4->r0_c4', 'r0_c4->r0_c3', 'r0_c3->r0_c2', 'r0_c2->r0_c1', 'r0_c1->r0_c0', 'r0_c0->r0_c1', 'r0_c1->r0_c2', 'r0_c2->r0_c3', 'r0_c3->r0_c4', 'r0_c4->r1_c4', 'r1_c4->r2_c4', 'r2_c4->r3_c4', 'r3_c4->r4_c4')",312.45,prioritized_sipp_coordinator
890,296.0,robot_3,wait,,(),(),296.25,prioritized_sipp_coordinator
891,297.0,robot_1,wait,,(),(),297.25,prioritized_sipp_coordinator
892,297.0,robot_2,continue_current_plan,task_8,"('r4_c4', 'r3_c4', 'r2_c4', 'r1_c4', 'r0_c4', 'r0_c3', 'r0_c2', 'r0_c1', 'r0_c0', 'r0_c1', 'r0_c2', 'r0_c3', 'r0_c4', 'r1_c4', 'r2_c4', 'r3_c4', 'r4_c4')","('r4_c4->r3_c4', 'r3_c4->r2_c4', 'r2_c4->r1_c4', 'r1_c4->r0_c4', 'r0_c4->r0_c3', 'r0_c3->r0_c2', 'r0_c2->r0_c1', 'r0_c1->r0_c0', 'r0_c0->r0_c1', 'r0_c1->r0_c2', 'r0_c2->r0_c3', 'r0_c3->r0_c4', 'r0_c4->r1_c4', 'r1_c4->r2_c4', 'r2_c4->r3_c4', 'r3_c4->r4_c4')",312.45,prioritized_sipp_coordinator
893,297.0,robot_3,wait,,(),(),297.25,prioritized_sipp_coordinator
894,298.0,robot_1,wait,,(),(),298.25,prioritized_sipp_coordinator
895,298.0,robot_2,continue_current_plan,task_8,"('r4_c4', 'r3_c4', 'r2_c4', 'r1_c4', 'r0_c4', 'r0_c3', 'r0_c2', 'r0_c1', 'r0_c0', 'r0_c1', 'r0_c2', 'r0_c3', 'r0_c4', 'r1_c4', 'r2_c4', 'r3_c4', 'r4_c4')","('r4_c4->r3_c4', 'r3_c4->r2_c4', 'r2_c4->r1_c4', 'r1_c4->r0_c4', 'r0_c4->r0_c3', 'r0_c3->r0_c2', 'r0_c2->r0_c1', 'r0_c1->r0_c0', 'r0_c0->r0_c1', 'r0_c1->r0_c2', 'r0_c2->r0_c3', 'r0_c3->r0_c4', 'r0_c4->r1_c4', 'r1_c4->r2_c4', 'r2_c4->r3_c4', 'r3_c4->r4_c4')",312.45,prioritized_sipp_coordinator
896,298.0,robot_3,wait,,(),(),298.25,prioritized_sipp_coordinator
897,299.0,robot_1,wait,,(),(),299.25,prioritized_sipp_coordinator
898,299.0,robot_2,continue_current_plan,task_8,"('r4_c4', 'r3_c4', 'r2_c4', 'r1_c4', 'r0_c4', 'r0_c3', 'r0_c2', 'r0_c1', 'r0_c0', 'r0_c1', 'r0_c2', 'r0_c3', 'r0_c4', 'r1_c4', 'r2_c4', 'r3_c4', 'r4_c4')","('r4_c4->r3_c4', 'r3_c4->r2_c4', 'r2_c4->r1_c4', 'r1_c4->r0_c4', 'r0_c4->r0_c3', 'r0_c3->r0_c2', 'r0_c2->r0_c1', 'r0_c1->r0_c0', 'r0_c0->r0_c1', 'r0_c1->r0_c2', 'r0_c2->r0_c3', 'r0_c3->r0_c4', 'r0_c4->r1_c4', 'r1_c4->r2_c4', 'r2_c4->r3_c4', 'r3_c4->r4_c4')",312.45,prioritized_sipp_coordinator
899,299.0,robot_3,wait,,(),(),299.25,prioritized_sipp_coordinator
900,300.0,robot_1,wait,,(),(),300.25,prioritized_sipp_coordinator
901,300.0,robot_2,continue_current_plan,task_8,"('r4_c4', 'r3_c4', 'r2_c4', 'r1_c4', 'r0_c4', 'r0_c3', 'r0_c2', 'r0_c1', 'r0_c0', 'r0_c1', 'r0_c2', 'r0_c3', 'r0_c4', 'r1_c4', 'r2_c4', 'r3_c4', 'r4_c4')","('r4_c4->r3_c4', 'r3_c4->r2_c4', 'r2_c4->r1_c4', 'r1_c4->r0_c4', 'r0_c4->r0_c3', 'r0_c3->r0_c2', 'r0_c2->r0_c1', 'r0_c1->r0_c0', 'r0_c0->r0_c1', 'r0_c1->r0_c2', 'r0_c2->r0_c3', 'r0_c3->r0_c4', 'r0_c4->r1_c4', 'r1_c4->r2_c4', 'r2_c4->r3_c4', 'r3_c4->r4_c4')",312.45,prioritized_sipp_coordinator
902,300.0,robot_3,wait,,(),(),300.25,prioritized_sipp_coordinator
903,301.0,robot_1,wait,,(),(),301.25,prioritized_sipp_coordinator
904,301.0,robot_2,continue_current_plan,task_8,"('r4_c4', 'r3_c4', 'r2_c4', 'r1_c4', 'r0_c4', 'r0_c3', 'r0_c2', 'r0_c1', 'r0_c0', 'r0_c1', 'r0_c2', 'r0_c3', 'r0_c4', 'r1_c4', 'r2_c4', 'r3_c4', 'r4_c4')","('r4_c4->r3_c4', 'r3_c4->r2_c4', 'r2_c4->r1_c4', 'r1_c4->r0_c4', 'r0_c4->r0_c3', 'r0_c3->r0_c2', 'r0_c2->r0_c1', 'r0_c1->r0_c0', 'r0_c0->r0_c1', 'r0_c1->r0_c2', 'r0_c2->r0_c3', 'r0_c3->r0_c4', 'r0_c4->r1_c4', 'r1_c4->r2_c4', 'r2_c4->r3_c4', 'r3_c4->r4_c4')",312.45,prioritized_sipp_coordinator
905,301.0,robot_3,wait,,(),(),301.25,prioritized_sipp_coordinator
906,302.0,robot_1,wait,,(),(),302.25,prioritized_sipp_coordinator
907,302.0,robot_2,continue_current_plan,task_8,"('r4_c4', 'r3_c4', 'r2_c4', 'r1_c4', 'r0_c4', 'r0_c3', 'r0_c2', 'r0_c1', 'r0_c0', 'r0_c1', 'r0_c2', 'r0_c3', 'r0_c4', 'r1_c4', 'r2_c4', 'r3_c4', 'r4_c4')","('r4_c4->r3_c4', 'r3_c4->r2_c4', 'r2_c4->r1_c4', 'r1_c4->r0_c4', 'r0_c4->r0_c3', 'r0_c3->r0_c2', 'r0_c2->r0_c1', 'r0_c1->r0_c0', 'r0_c0->r0_c1', 'r0_c1->r0_c2', 'r0_c2->r0_c3', 'r0_c3->r0_c4', 'r0_c4->r1_c4', 'r1_c4->r2_c4', 'r2_c4->r3_c4', 'r3_c4->r4_c4')",312.45,prioritized_sipp_coordinator
908,302.0,robot_3,wait,,(),(),302.25,prioritized_sipp_coordinator
909,303.0,robot_1,wait,,(),(),303.25,prioritized_sipp_coordinator
910,303.0,robot_2,continue_current_plan,task_8,"('r4_c4', 'r3_c4', 'r2_c4', 'r1_c4', 'r0_c4', 'r0_c3', 'r0_c2', 'r0_c1', 'r0_c0', 'r0_c1', 'r0_c2', 'r0_c3', 'r0_c4', 'r1_c4', 'r2_c4', 'r3_c4', 'r4_c4')","('r4_c4->r3_c4', 'r3_c4->r2_c4', 'r2_c4->r1_c4', 'r1_c4->r0_c4', 'r0_c4->r0_c3', 'r0_c3->r0_c2', 'r0_c2->r0_c1', 'r0_c1->r0_c0', 'r0_c0->r0_c1', 'r0_c1->r0_c2', 'r0_c2->r0_c3', 'r0_c3->r0_c4', 'r0_c4->r1_c4', 'r1_c4->r2_c4', 'r2_c4->r3_c4', 'r3_c4->r4_c4')",312.45,prioritized_sipp_coordinator
911,303.0,robot_3,wait,,(),(),303.25,prioritized_sipp_coordinator
912,304.0,robot_1,wait,,(),(),304.25,prioritized_sipp_coordinator
913,304.0,robot_2,continue_current_plan,task_8,"('r4_c4', 'r3_c4', 'r2_c4', 'r1_c4', 'r0_c4', 'r0_c3', 'r0_c2', 'r0_c1', 'r0_c0', 'r0_c1', 'r0_c2', 'r0_c3', 'r0_c4', 'r1_c4', 'r2_c4', 'r3_c4', 'r4_c4')","('r4_c4->r3_c4', 'r3_c4->r2_c4', 'r2_c4->r1_c4', 'r1_c4->r0_c4', 'r0_c4->r0_c3', 'r0_c3->r0_c2', 'r0_c2->r0_c1', 'r0_c1->r0_c0', 'r0_c0->r0_c1', 'r0_c1->r0_c2', 'r0_c2->r0_c3', 'r0_c3->r0_c4', 'r0_c4->r1_c4', 'r1_c4->r2_c4', 'r2_c4->r3_c4', 'r3_c4->r4_c4')",312.45,prioritized_sipp_coordinator
914,304.0,robot_3,wait,,(),(),304.25,prioritized_sipp_coordinator
915,305.0,robot_1,wait,,(),(),305.25,prioritized_sipp_coordinator
916,305.0,robot_2,continue_current_plan,task_8,"('r4_c4', 'r3_c4', 'r2_c4', 'r1_c4', 'r0_c4', 'r0_c3', 'r0_c2', 'r0_c1', 'r0_c0', 'r0_c1', 'r0_c2', 'r0_c3', 'r0_c4', 'r1_c4', 'r2_c4', 'r3_c4', 'r4_c4')","('r4_c4->r3_c4', 'r3_c4->r2_c4', 'r2_c4->r1_c4', 'r1_c4->r0_c4', 'r0_c4->r0_c3', 'r0_c3->r0_c2', 'r0_c2->r0_c1', 'r0_c1->r0_c0', 'r0_c0->r0_c1', 'r0_c1->r0_c2', 'r0_c2->r0_c3', 'r0_c3->r0_c4', 'r0_c4->r1_c4', 'r1_c4->r2_c4', 'r2_c4->r3_c4', 'r3_c4->r4_c4')",312.45,prioritized_sipp_coordinator
917,305.0,robot_3,wait,,(),(),305.25,prioritized_sipp_coordinator
918,306.0,robot_1,wait,,(),(),306.25,prioritized_sipp_coordinator
919,306.0,robot_2,continue_current_plan,task_8,"('r4_c4', 'r3_c4', 'r2_c4', 'r1_c4', 'r0_c4', 'r0_c3', 'r0_c2', 'r0_c1', 'r0_c0', 'r0_c1', 'r0_c2', 'r0_c3', 'r0_c4', 'r1_c4', 'r2_c4', 'r3_c4', 'r4_c4')","('r4_c4->r3_c4', 'r3_c4->r2_c4', 'r2_c4->r1_c4', 'r1_c4->r0_c4', 'r0_c4->r0_c3', 'r0_c3->r0_c2', 'r0_c2->r0_c1', 'r0_c1->r0_c0', 'r0_c0->r0_c1', 'r0_c1->r0_c2', 'r0_c2->r0_c3', 'r0_c3->r0_c4', 'r0_c4->r1_c4', 'r1_c4->r2_c4', 'r2_c4->r3_c4', 'r3_c4->r4_c4')",312.45,prioritized_sipp_coordinator
920,306.0,robot_3,wait,,(),(),306.25,prioritized_sipp_coordinator
921,307.0,robot_1,wait,,(),(),307.25,prioritized_sipp_coordinator
922,307.0,robot_2,continue_current_plan,task_8,"('r4_c4', 'r3_c4', 'r2_c4', 'r1_c4', 'r0_c4', 'r0_c3', 'r0_c2', 'r0_c1', 'r0_c0', 'r0_c1', 'r0_c2', 'r0_c3', 'r0_c4', 'r1_c4', 'r2_c4', 'r3_c4', 'r4_c4')","('r4_c4->r3_c4', 'r3_c4->r2_c4', 'r2_c4->r1_c4', 'r1_c4->r0_c4', 'r0_c4->r0_c3', 'r0_c3->r0_c2', 'r0_c2->r0_c1', 'r0_c1->r0_c0', 'r0_c0->r0_c1', 'r0_c1->r0_c2', 'r0_c2->r0_c3', 'r0_c3->r0_c4', 'r0_c4->r1_c4', 'r1_c4->r2_c4', 'r2_c4->r3_c4', 'r3_c4->r4_c4')",312.45,prioritized_sipp_coordinator
923,307.0,robot_3,wait,,(),(),307.25,prioritized_sipp_coordinator
924,308.0,robot_1,wait,,(),(),308.25,prioritized_sipp_coordinator
925,308.0,robot_2,continue_current_plan,task_8,"('r4_c4', 'r3_c4', 'r2_c4', 'r1_c4', 'r0_c4', 'r0_c3', 'r0_c2', 'r0_c1', 'r0_c0', 'r0_c1', 'r0_c2', 'r0_c3', 'r0_c4', 'r1_c4', 'r2_c4', 'r3_c4', 'r4_c4')","('r4_c4->r3_c4', 'r3_c4->r2_c4', 'r2_c4->r1_c4', 'r1_c4->r0_c4', 'r0_c4->r0_c3', 'r0_c3->r0_c2', 'r0_c2->r0_c1', 'r0_c1->r0_c0', 'r0_c0->r0_c1', 'r0_c1->r0_c2', 'r0_c2->r0_c3', 'r0_c3->r0_c4', 'r0_c4->r1_c4', 'r1_c4->r2_c4', 'r2_c4->r3_c4', 'r3_c4->r4_c4')",312.45,prioritized_sipp_coordinator
926,308.0,robot_3,wait,,(),(),308.25,prioritized_sipp_coordinator
927,309.0,robot_1,wait,,(),(),309.25,prioritized_sipp_coordinator
928,309.0,robot_2,continue_current_plan,task_8,"('r4_c4', 'r3_c4', 'r2_c4', 'r1_c4', 'r0_c4', 'r0_c3', 'r0_c2', 'r0_c1', 'r0_c0', 'r0_c1', 'r0_c2', 'r0_c3', 'r0_c4', 'r1_c4', 'r2_c4', 'r3_c4', 'r4_c4')","('r4_c4->r3_c4', 'r3_c4->r2_c4', 'r2_c4->r1_c4', 'r1_c4->r0_c4', 'r0_c4->r0_c3', 'r0_c3->r0_c2', 'r0_c2->r0_c1', 'r0_c1->r0_c0', 'r0_c0->r0_c1', 'r0_c1->r0_c2', 'r0_c2->r0_c3', 'r0_c3->r0_c4', 'r0_c4->r1_c4', 'r1_c4->r2_c4', 'r2_c4->r3_c4', 'r3_c4->r4_c4')",312.45,prioritized_sipp_coordinator
929,309.0,robot_3,wait,,(),(),309.25,prioritized_sipp_coordinator
930,310.0,robot_1,wait,,(),(),310.25,prioritized_sipp_coordinator
931,310.0,robot_2,continue_current_plan,task_8,"('r4_c4', 'r3_c4', 'r2_c4', 'r1_c4', 'r0_c4', 'r0_c3', 'r0_c2', 'r0_c1', 'r0_c0', 'r0_c1', 'r0_c2', 'r0_c3', 'r0_c4', 'r1_c4', 'r2_c4', 'r3_c4', 'r4_c4')","('r4_c4->r3_c4', 'r3_c4->r2_c4', 'r2_c4->r1_c4', 'r1_c4->r0_c4', 'r0_c4->r0_c3', 'r0_c3->r0_c2', 'r0_c2->r0_c1', 'r0_c1->r0_c0', 'r0_c0->r0_c1', 'r0_c1->r0_c2', 'r0_c2->r0_c3', 'r0_c3->r0_c4', 'r0_c4->r1_c4', 'r1_c4->r2_c4', 'r2_c4->r3_c4', 'r3_c4->r4_c4')",312.45,prioritized_sipp_coordinator
932,310.0,robot_3,wait,,(),(),310.25,prioritized_sipp_coordinator
933,311.0,robot_1,wait,,(),(),311.25,prioritized_sipp_coordinator
934,311.0,robot_2,continue_current_plan,task_8,"('r4_c4', 'r3_c4', 'r2_c4', 'r1_c4', 'r0_c4', 'r0_c3', 'r0_c2', 'r0_c1', 'r0_c0', 'r0_c1', 'r0_c2', 'r0_c3', 'r0_c4', 'r1_c4', 'r2_c4', 'r3_c4', 'r4_c4')","('r4_c4->r3_c4', 'r3_c4->r2_c4', 'r2_c4->r1_c4', 'r1_c4->r0_c4', 'r0_c4->r0_c3', 'r0_c3->r0_c2', 'r0_c2->r0_c1', 'r0_c1->r0_c0', 'r0_c0->r0_c1', 'r0_c1->r0_c2', 'r0_c2->r0_c3', 'r0_c3->r0_c4', 'r0_c4->r1_c4', 'r1_c4->r2_c4', 'r2_c4->r3_c4', 'r3_c4->r4_c4')",312.45,prioritized_sipp_coordinator
935,311.0,robot_3,wait,,(),(),311.25,prioritized_sipp_coordinator
936,312.0,robot_1,wait,,(),(),312.25,prioritized_sipp_coordinator
937,312.0,robot_2,continue_current_plan,task_8,"('r4_c4', 'r3_c4', 'r2_c4', 'r1_c4', 'r0_c4', 'r0_c3', 'r0_c2', 'r0_c1', 'r0_c0', 'r0_c1', 'r0_c2', 'r0_c3', 'r0_c4', 'r1_c4', 'r2_c4', 'r3_c4', 'r4_c4')","('r4_c4->r3_c4', 'r3_c4->r2_c4', 'r2_c4->r1_c4', 'r1_c4->r0_c4', 'r0_c4->r0_c3', 'r0_c3->r0_c2', 'r0_c2->r0_c1', 'r0_c1->r0_c0', 'r0_c0->r0_c1', 'r0_c1->r0_c2', 'r0_c2->r0_c3', 'r0_c3->r0_c4', 'r0_c4->r1_c4', 'r1_c4->r2_c4', 'r2_c4->r3_c4', 'r3_c4->r4_c4')",312.45,prioritized_sipp_coordinator
938,312.0,robot_3,wait,,(),(),312.25,prioritized_sipp_coordinator
939,313.0,robot_1,wait,,(),(),313.25,prioritized_sipp_coordinator
940,313.0,robot_2,wait,,(),(),313.25,prioritized_sipp_coordinator
941,313.0,robot_3,wait,,(),(),313.25,prioritized_sipp_coordinator
942,314.0,robot_1,wait,,(),(),314.25,prioritized_sipp_coordinator
943,314.0,robot_2,wait,,(),(),314.25,prioritized_sipp_coordinator
944,314.0,robot_3,wait,,(),(),314.25,prioritized_sipp_coordinator
945,315.0,robot_1,wait,,(),(),315.25,prioritized_sipp_coordinator
946,315.0,robot_2,wait,,(),(),315.25,prioritized_sipp_coordinator
947,315.0,robot_3,wait,,(),(),315.25,prioritized_sipp_coordinator
948,316.0,robot_1,wait,,(),(),316.25,prioritized_sipp_coordinator
949,316.0,robot_2,wait,,(),(),316.25,prioritized_sipp_coordinator
950,316.0,robot_3,wait,,(),(),316.25,prioritized_sipp_coordinator
951,317.0,robot_1,wait,,(),(),317.25,prioritized_sipp_coordinator
952,317.0,robot_2,wait,,(),(),317.25,prioritized_sipp_coordinator
953,317.0,robot_3,wait,,(),(),317.25,prioritized_sipp_coordinator
954,318.0,robot_1,wait,,(),(),318.25,prioritized_sipp_coordinator
955,318.0,robot_2,wait,,(),(),318.25,prioritized_sipp_coordinator
956,318.0,robot_3,wait,,(),(),318.25,prioritized_sipp_coordinator
957,319.0,robot_1,wait,,(),(),319.25,prioritized_sipp_coordinator
958,319.0,robot_2,wait,,(),(),319.25,prioritized_sipp_coordinator
959,319.0,robot_3,wait,,(),(),319.25,prioritized_sipp_coordinator
960,320.0,robot_1,wait,,(),(),320.25,prioritized_sipp_coordinator
961,320.0,robot_2,wait,,(),(),320.25,prioritized_sipp_coordinator
962,320.0,robot_3,wait,,(),(),320.25,prioritized_sipp_coordinator
963,321.0,robot_1,wait,,(),(),321.25,prioritized_sipp_coordinator
964,321.0,robot_2,wait,,(),(),321.25,prioritized_sipp_coordinator
965,321.0,robot_3,wait,,(),(),321.25,prioritized_sipp_coordinator
966,322.0,robot_1,wait,,(),(),322.25,prioritized_sipp_coordinator
967,322.0,robot_2,wait,,(),(),322.25,prioritized_sipp_coordinator
968,322.0,robot_3,wait,,(),(),322.25,prioritized_sipp_coordinator
969,323.0,robot_1,wait,,(),(),323.25,prioritized_sipp_coordinator
970,323.0,robot_2,wait,,(),(),323.25,prioritized_sipp_coordinator
971,323.0,robot_3,wait,,(),(),323.25,prioritized_sipp_coordinator
972,324.0,robot_1,wait,,(),(),324.25,prioritized_sipp_coordinator
973,324.0,robot_2,wait,,(),(),324.25,prioritized_sipp_coordinator
974,324.0,robot_3,wait,,(),(),324.25,prioritized_sipp_coordinator
975,325.0,robot_1,wait,,(),(),325.25,prioritized_sipp_coordinator
976,325.0,robot_2,wait,,(),(),325.25,prioritized_sipp_coordinator
977,325.0,robot_3,wait,,(),(),325.25,prioritized_sipp_coordinator
978,326.0,robot_1,wait,,(),(),326.25,prioritized_sipp_coordinator
979,326.0,robot_2,wait,,(),(),326.25,prioritized_sipp_coordinator
980,326.0,robot_3,wait,,(),(),326.25,prioritized_sipp_coordinator
981,327.0,robot_1,wait,,(),(),327.25,prioritized_sipp_coordinator
982,327.0,robot_2,wait,,(),(),327.25,prioritized_sipp_coordinator
983,327.0,robot_3,wait,,(),(),327.25,prioritized_sipp_coordinator
984,328.0,robot_1,wait,,(),(),328.25,prioritized_sipp_coordinator
985,328.0,robot_2,wait,,(),(),328.25,prioritized_sipp_coordinator
986,328.0,robot_3,wait,,(),(),328.25,prioritized_sipp_coordinator
987,329.0,robot_1,wait,,(),(),329.25,prioritized_sipp_coordinator
988,329.0,robot_2,wait,,(),(),329.25,prioritized_sipp_coordinator
989,329.0,robot_3,wait,,(),(),329.25,prioritized_sipp_coordinator
990,330.0,robot_1,wait,,(),(),330.25,prioritized_sipp_coordinator
991,330.0,robot_2,wait,,(),(),330.25,prioritized_sipp_coordinator
992,330.0,robot_3,wait,,(),(),330.25,prioritized_sipp_coordinator
993,331.0,robot_1,wait,,(),(),331.25,prioritized_sipp_coordinator
994,331.0,robot_2,wait,,(),(),331.25,prioritized_sipp_coordinator
995,331.0,robot_3,wait,,(),(),331.25,prioritized_sipp_coordinator
996,332.0,robot_1,wait,,(),(),332.25,prioritized_sipp_coordinator
997,332.0,robot_2,wait,,(),(),332.25,prioritized_sipp_coordinator
998,332.0,robot_3,wait,,(),(),332.25,prioritized_sipp_coordinator
999,333.0,robot_1,wait,,(),(),333.25,prioritized_sipp_coordinator
1000,333.0,robot_2,wait,,(),(),333.25,prioritized_sipp_coordinator
1001,333.0,robot_3,wait,,(),(),333.25,prioritized_sipp_coordinator
1002,334.0,robot_1,wait,,(),(),334.25,prioritized_sipp_coordinator
1003,334.0,robot_2,wait,,(),(),334.25,prioritized_sipp_coordinator
1004,334.0,robot_3,wait,,(),(),334.25,prioritized_sipp_coordinator
1005,335.0,robot_1,wait,,(),(),335.25,prioritized_sipp_coordinator
1006,335.0,robot_2,wait,,(),(),335.25,prioritized_sipp_coordinator
1007,335.0,robot_3,wait,,(),(),335.25,prioritized_sipp_coordinator
1008,336.0,robot_1,wait,,(),(),336.25,prioritized_sipp_coordinator
1009,336.0,robot_2,wait,,(),(),336.25,prioritized_sipp_coordinator
1010,336.0,robot_3,wait,,(),(),336.25,prioritized_sipp_coordinator
1011,337.0,robot_1,wait,,(),(),337.25,prioritized_sipp_coordinator
1012,337.0,robot_2,wait,,(),(),337.25,prioritized_sipp_coordinator
1013,337.0,robot_3,wait,,(),(),337.25,prioritized_sipp_coordinator
1014,338.0,robot_1,wait,,(),(),338.25,prioritized_sipp_coordinator
1015,338.0,robot_2,wait,,(),(),338.25,prioritized_sipp_coordinator
1016,338.0,robot_3,wait,,(),(),338.25,prioritized_sipp_coordinator
1017,339.0,robot_1,wait,,(),(),339.25,prioritized_sipp_coordinator
1018,339.0,robot_2,wait,,(),(),339.25,prioritized_sipp_coordinator
1019,339.0,robot_3,wait,,(),(),339.25,prioritized_sipp_coordinator
1020,340.0,robot_1,wait,,(),(),340.25,prioritized_sipp_coordinator
1021,340.0,robot_2,wait,,(),(),340.25,prioritized_sipp_coordinator
1022,340.0,robot_3,wait,,(),(),340.25,prioritized_sipp_coordinator
1023,341.0,robot_1,wait,,(),(),341.25,prioritized_sipp_coordinator
1024,341.0,robot_2,wait,,(),(),341.25,prioritized_sipp_coordinator
1025,341.0,robot_3,wait,,(),(),341.25,prioritized_sipp_coordinator
1026,342.0,robot_1,wait,,(),(),342.25,prioritized_sipp_coordinator
1027,342.0,robot_2,wait,,(),(),342.25,prioritized_sipp_coordinator
1028,342.0,robot_3,wait,,(),(),342.25,prioritized_sipp_coordinator
1029,343.0,robot_1,wait,,(),(),343.25,prioritized_sipp_coordinator
1030,343.0,robot_2,wait,,(),(),343.25,prioritized_sipp_coordinator
1031,343.0,robot_3,wait,,(),(),343.25,prioritized_sipp_coordinator
1032,344.0,robot_1,wait,,(),(),344.25,prioritized_sipp_coordinator
1033,344.0,robot_2,wait,,(),(),344.25,prioritized_sipp_coordinator
1034,344.0,robot_3,wait,,(),(),344.25,prioritized_sipp_coordinator
1035,345.0,robot_1,wait,,(),(),345.25,prioritized_sipp_coordinator
1036,345.0,robot_2,wait,,(),(),345.25,prioritized_sipp_coordinator
1037,345.0,robot_3,wait,,(),(),345.25,prioritized_sipp_coordinator
1038,346.0,robot_1,wait,,(),(),346.25,prioritized_sipp_coordinator
1039,346.0,robot_2,wait,,(),(),346.25,prioritized_sipp_coordinator
1040,346.0,robot_3,wait,,(),(),346.25,prioritized_sipp_coordinator
1041,347.0,robot_1,wait,,(),(),347.25,prioritized_sipp_coordinator
1042,347.0,robot_2,wait,,(),(),347.25,prioritized_sipp_coordinator
1043,347.0,robot_3,wait,,(),(),347.25,prioritized_sipp_coordinator
1044,348.0,robot_1,wait,,(),(),348.25,prioritized_sipp_coordinator
1045,348.0,robot_2,wait,,(),(),348.25,prioritized_sipp_coordinator
1046,348.0,robot_3,wait,,(),(),348.25,prioritized_sipp_coordinator
1047,349.0,robot_1,wait,,(),(),349.25,prioritized_sipp_coordinator
1048,349.0,robot_2,wait,,(),(),349.25,prioritized_sipp_coordinator
1049,349.0,robot_3,wait,,(),(),349.25,prioritized_sipp_coordinator
1050,350.0,robot_1,wait,,(),(),350.25,prioritized_sipp_coordinator
1051,350.0,robot_2,wait,,(),(),350.25,prioritized_sipp_coordinator
1052,350.0,robot_3,wait,,(),(),350.25,prioritized_sipp_coordinator
1053,351.0,robot_1,wait,,(),(),351.25,prioritized_sipp_coordinator
1054,351.0,robot_2,wait,,(),(),351.25,prioritized_sipp_coordinator
1055,351.0,robot_3,wait,,(),(),351.25,prioritized_sipp_coordinator
1056,352.0,robot_1,wait,,(),(),352.25,prioritized_sipp_coordinator
1057,352.0,robot_2,wait,,(),(),352.25,prioritized_sipp_coordinator
1058,352.0,robot_3,wait,,(),(),352.25,prioritized_sipp_coordinator
1059,353.0,robot_1,wait,,(),(),353.25,prioritized_sipp_coordinator
1060,353.0,robot_2,wait,,(),(),353.25,prioritized_sipp_coordinator
1061,353.0,robot_3,wait,,(),(),353.25,prioritized_sipp_coordinator
1062,354.0,robot_1,wait,,(),(),354.25,prioritized_sipp_coordinator
1063,354.0,robot_2,wait,,(),(),354.25,prioritized_sipp_coordinator
1064,354.0,robot_3,wait,,(),(),354.25,prioritized_sipp_coordinator
1065,355.0,robot_1,wait,,(),(),355.25,prioritized_sipp_coordinator
1066,355.0,robot_2,wait,,(),(),355.25,prioritized_sipp_coordinator
1067,355.0,robot_3,wait,,(),(),355.25,prioritized_sipp_coordinator
1068,356.0,robot_1,wait,,(),(),356.25,prioritized_sipp_coordinator
1069,356.0,robot_2,wait,,(),(),356.25,prioritized_sipp_coordinator
1070,356.0,robot_3,wait,,(),(),356.25,prioritized_sipp_coordinator
1071,357.0,robot_1,wait,,(),(),357.25,prioritized_sipp_coordinator
1072,357.0,robot_2,wait,,(),(),357.25,prioritized_sipp_coordinator
1073,357.0,robot_3,wait,,(),(),357.25,prioritized_sipp_coordinator
1074,358.0,robot_1,wait,,(),(),358.25,prioritized_sipp_coordinator
1075,358.0,robot_2,wait,,(),(),358.25,prioritized_sipp_coordinator
1076,358.0,robot_3,wait,,(),(),358.25,prioritized_sipp_coordinator
1077,359.0,robot_1,wait,,(),(),359.25,prioritized_sipp_coordinator
1078,359.0,robot_2,wait,,(),(),359.25,prioritized_sipp_coordinator
1079,359.0,robot_3,wait,,(),(),359.25,prioritized_sipp_coordinator
1080,360.0,robot_1,wait,,(),(),360.25,prioritized_sipp_coordinator
1081,360.0,robot_2,wait,,(),(),360.25,prioritized_sipp_coordinator
1082,360.0,robot_3,wait,,(),(),360.25,prioritized_sipp_coordinator
1083,361.0,robot_1,wait,,(),(),361.25,prioritized_sipp_coordinator
1084,361.0,robot_2,wait,,(),(),361.25,prioritized_sipp_coordinator
1085,361.0,robot_3,wait,,(),(),361.25,prioritized_sipp_coordinator
1086,362.0,robot_1,wait,,(),(),362.25,prioritized_sipp_coordinator
1087,362.0,robot_2,wait,,(),(),362.25,prioritized_sipp_coordinator
1088,362.0,robot_3,wait,,(),(),362.25,prioritized_sipp_coordinator
1089,363.0,robot_1,wait,,(),(),363.25,prioritized_sipp_coordinator
1090,363.0,robot_2,wait,,(),(),363.25,prioritized_sipp_coordinator
1091,363.0,robot_3,wait,,(),(),363.25,prioritized_sipp_coordinator
1092,364.0,robot_1,wait,,(),(),364.25,prioritized_sipp_coordinator
1093,364.0,robot_2,wait,,(),(),364.25,prioritized_sipp_coordinator
1094,364.0,robot_3,wait,,(),(),364.25,prioritized_sipp_coordinator
1095,365.0,robot_1,wait,,(),(),365.25,prioritized_sipp_coordinator
1096,365.0,robot_2,wait,,(),(),365.25,prioritized_sipp_coordinator
1097,365.0,robot_3,wait,,(),(),365.25,prioritized_sipp_coordinator
1098,366.0,robot_1,wait,,(),(),366.25,prioritized_sipp_coordinator
1099,366.0,robot_2,wait,,(),(),366.25,prioritized_sipp_coordinator
1100,366.0,robot_3,wait,,(),(),366.25,prioritized_sipp_coordinator
1101,367.0,robot_1,wait,,(),(),367.25,prioritized_sipp_coordinator
1102,367.0,robot_2,wait,,(),(),367.25,prioritized_sipp_coordinator
1103,367.0,robot_3,wait,,(),(),367.25,prioritized_sipp_coordinator
1104,368.0,robot_1,wait,,(),(),368.25,prioritized_sipp_coordinator
1105,368.0,robot_2,wait,,(),(),368.25,prioritized_sipp_coordinator
1106,368.0,robot_3,wait,,(),(),368.25,prioritized_sipp_coordinator
1107,369.0,robot_1,wait,,(),(),369.25,prioritized_sipp_coordinator
1108,369.0,robot_2,wait,,(),(),369.25,prioritized_sipp_coordinator
1109,369.0,robot_3,wait,,(),(),369.25,prioritized_sipp_coordinator
1110,370.0,robot_1,wait,,(),(),370.25,prioritized_sipp_coordinator
1111,370.0,robot_2,wait,,(),(),370.25,prioritized_sipp_coordinator
1112,370.0,robot_3,wait,,(),(),370.25,prioritized_sipp_coordinator
1113,371.0,robot_1,wait,,(),(),371.25,prioritized_sipp_coordinator
1114,371.0,robot_2,wait,,(),(),371.25,prioritized_sipp_coordinator
1115,371.0,robot_3,wait,,(),(),371.25,prioritized_sipp_coordinator
1116,372.0,robot_1,wait,,(),(),372.25,prioritized_sipp_coordinator
1117,372.0,robot_2,wait,,(),(),372.25,prioritized_sipp_coordinator
1118,372.0,robot_3,wait,,(),(),372.25,prioritized_sipp_coordinator
1119,373.0,robot_1,wait,,(),(),373.25,prioritized_sipp_coordinator
1120,373.0,robot_2,wait,,(),(),373.25,prioritized_sipp_coordinator
1121,373.0,robot_3,wait,,(),(),373.25,prioritized_sipp_coordinator
1122,374.0,robot_1,wait,,(),(),374.25,prioritized_sipp_coordinator
1123,374.0,robot_2,wait,,(),(),374.25,prioritized_sipp_coordinator
1124,374.0,robot_3,wait,,(),(),374.25,prioritized_sipp_coordinator
1125,375.0,robot_1,wait,,(),(),375.25,prioritized_sipp_coordinator
1126,375.0,robot_2,wait,,(),(),375.25,prioritized_sipp_coordinator
1127,375.0,robot_3,wait,,(),(),375.25,prioritized_sipp_coordinator
1128,376.0,robot_1,wait,,(),(),376.25,prioritized_sipp_coordinator
1129,376.0,robot_2,wait,,(),(),376.25,prioritized_sipp_coordinator
1130,376.0,robot_3,wait,,(),(),376.25,prioritized_sipp_coordinator
1131,377.0,robot_1,wait,,(),(),377.25,prioritized_sipp_coordinator
1132,377.0,robot_2,wait,,(),(),377.25,prioritized_sipp_coordinator
1133,377.0,robot_3,wait,,(),(),377.25,prioritized_sipp_coordinator
1134,378.0,robot_1,wait,,(),(),378.25,prioritized_sipp_coordinator
1135,378.0,robot_2,wait,,(),(),378.25,prioritized_sipp_coordinator
1136,378.0,robot_3,wait,,(),(),378.25,prioritized_sipp_coordinator
1137,379.0,robot_1,wait,,(),(),379.25,prioritized_sipp_coordinator
1138,379.0,robot_2,wait,,(),(),379.25,prioritized_sipp_coordinator
1139,379.0,robot_3,wait,,(),(),379.25,prioritized_sipp_coordinator
1140,380.0,robot_1,wait,,(),(),380.25,prioritized_sipp_coordinator
1141,380.0,robot_2,wait,,(),(),380.25,prioritized_sipp_coordinator
1142,380.0,robot_3,wait,,(),(),380.25,prioritized_sipp_coordinator
1143,381.0,robot_1,wait,,(),(),381.25,prioritized_sipp_coordinator
1144,381.0,robot_2,wait,,(),(),381.25,prioritized_sipp_coordinator
1145,381.0,robot_3,wait,,(),(),381.25,prioritized_sipp_coordinator
1146,382.0,robot_1,wait,,(),(),382.25,prioritized_sipp_coordinator
1147,382.0,robot_2,wait,,(),(),382.25,prioritized_sipp_coordinator
1148,382.0,robot_3,wait,,(),(),382.25,prioritized_sipp_coordinator
1149,383.0,robot_1,wait,,(),(),383.25,prioritized_sipp_coordinator
1150,383.0,robot_2,wait,,(),(),383.25,prioritized_sipp_coordinator
1151,383.0,robot_3,wait,,(),(),383.25,prioritized_sipp_coordinator
1152,384.0,robot_1,wait,,(),(),384.25,prioritized_sipp_coordinator
1153,384.0,robot_2,wait,,(),(),384.25,prioritized_sipp_coordinator
1154,384.0,robot_3,wait,,(),(),384.25,prioritized_sipp_coordinator
1155,385.0,robot_1,wait,,(),(),385.25,prioritized_sipp_coordinator
1156,385.0,robot_2,wait,,(),(),385.25,prioritized_sipp_coordinator
1157,385.0,robot_3,wait,,(),(),385.25,prioritized_sipp_coordinator
1158,386.0,robot_1,wait,,(),(),386.25,prioritized_sipp_coordinator
1159,386.0,robot_2,wait,,(),(),386.25,prioritized_sipp_coordinator
1160,386.0,robot_3,wait,,(),(),386.25,prioritized_sipp_coordinator
1161,387.0,robot_1,wait,,(),(),387.25,prioritized_sipp_coordinator
1162,387.0,robot_2,wait,,(),(),387.25,prioritized_sipp_coordinator
1163,387.0,robot_3,wait,,(),(),387.25,prioritized_sipp_coordinator
1164,388.0,robot_1,wait,,(),(),388.25,prioritized_sipp_coordinator
1165,388.0,robot_2,wait,,(),(),388.25,prioritized_sipp_coordinator
1166,388.0,robot_3,wait,,(),(),388.25,prioritized_sipp_coordinator
1167,389.0,robot_1,wait,,(),(),389.25,prioritized_sipp_coordinator
1168,389.0,robot_2,wait,,(),(),389.25,prioritized_sipp_coordinator
1169,389.0,robot_3,wait,,(),(),389.25,prioritized_sipp_coordinator
1170,390.0,robot_1,wait,,(),(),390.25,prioritized_sipp_coordinator
1171,390.0,robot_2,wait,,(),(),390.25,prioritized_sipp_coordinator
1172,390.0,robot_3,wait,,(),(),390.25,prioritized_sipp_coordinator
1173,391.0,robot_1,wait,,(),(),391.25,prioritized_sipp_coordinator
1174,391.0,robot_2,wait,,(),(),391.25,prioritized_sipp_coordinator
1175,391.0,robot_3,wait,,(),(),391.25,prioritized_sipp_coordinator
1176,392.0,robot_1,wait,,(),(),392.25,prioritized_sipp_coordinator
1177,392.0,robot_2,wait,,(),(),392.25,prioritized_sipp_coordinator
1178,392.0,robot_3,wait,,(),(),392.25,prioritized_sipp_coordinator
1179,393.0,robot_1,wait,,(),(),393.25,prioritized_sipp_coordinator
1180,393.0,robot_2,wait,,(),(),393.25,prioritized_sipp_coordinator
1181,393.0,robot_3,wait,,(),(),393.25,prioritized_sipp_coordinator
1182,394.0,robot_1,wait,,(),(),394.25,prioritized_sipp_coordinator
1183,394.0,robot_2,wait,,(),(),394.25,prioritized_sipp_coordinator
1184,394.0,robot_3,wait,,(),(),394.25,prioritized_sipp_coordinator
1185,395.0,robot_1,wait,,(),(),395.25,prioritized_sipp_coordinator
1186,395.0,robot_2,wait,,(),(),395.25,prioritized_sipp_coordinator
1187,395.0,robot_3,wait,,(),(),395.25,prioritized_sipp_coordinator
1188,396.0,robot_1,wait,,(),(),396.25,prioritized_sipp_coordinator
1189,396.0,robot_2,wait,,(),(),396.25,prioritized_sipp_coordinator
1190,396.0,robot_3,wait,,(),(),396.25,prioritized_sipp_coordinator
1191,397.0,robot_1,wait,,(),(),397.25,prioritized_sipp_coordinator
1192,397.0,robot_2,wait,,(),(),397.25,prioritized_sipp_coordinator
1193,397.0,robot_3,wait,,(),(),397.25,prioritized_sipp_coordinator
1194,398.0,robot_1,wait,,(),(),398.25,prioritized_sipp_coordinator
1195,398.0,robot_2,wait,,(),(),398.25,prioritized_sipp_coordinator
1196,398.0,robot_3,wait,,(),(),398.25,prioritized_sipp_coordinator
1197,399.0,robot_1,wait,,(),(),399.25,prioritized_sipp_coordinator
1198,399.0,robot_2,wait,,(),(),399.25,prioritized_sipp_coordinator
1199,399.0,robot_3,wait,,(),(),399.25,prioritized_sipp_coordinator
1200,400.0,robot_1,wait,,(),(),400.25,prioritized_sipp_coordinator
1201,400.0,robot_2,wait,,(),(),400.25,prioritized_sipp_coordinator
1202,400.0,robot_3,wait,,(),(),400.25,prioritized_sipp_coordinator
1203,401.0,robot_1,wait,,(),(),401.25,prioritized_sipp_coordinator
1204,401.0,robot_2,wait,,(),(),401.25,prioritized_sipp_coordinator
1205,401.0,robot_3,wait,,(),(),401.25,prioritized_sipp_coordinator
1206,402.0,robot_1,wait,,(),(),402.25,prioritized_sipp_coordinator
1207,402.0,robot_2,wait,,(),(),402.25,prioritized_sipp_coordinator
1208,402.0,robot_3,wait,,(),(),402.25,prioritized_sipp_coordinator
1209,403.0,robot_1,wait,,(),(),403.25,prioritized_sipp_coordinator
1210,403.0,robot_2,wait,,(),(),403.25,prioritized_sipp_coordinator
1211,403.0,robot_3,wait,,(),(),403.25,prioritized_sipp_coordinator
1212,404.0,robot_1,wait,,(),(),404.25,prioritized_sipp_coordinator
1213,404.0,robot_2,wait,,(),(),404.25,prioritized_sipp_coordinator
1214,404.0,robot_3,wait,,(),(),404.25,prioritized_sipp_coordinator
1215,405.0,robot_1,wait,,(),(),405.25,prioritized_sipp_coordinator
1216,405.0,robot_2,wait,,(),(),405.25,prioritized_sipp_coordinator
1217,405.0,robot_3,wait,,(),(),405.25,prioritized_sipp_coordinator
1218,406.0,robot_1,wait,,(),(),406.25,prioritized_sipp_coordinator
1219,406.0,robot_2,wait,,(),(),406.25,prioritized_sipp_coordinator
1220,406.0,robot_3,wait,,(),(),406.25,prioritized_sipp_coordinator
1221,407.0,robot_1,wait,,(),(),407.25,prioritized_sipp_coordinator
1222,407.0,robot_2,wait,,(),(),407.25,prioritized_sipp_coordinator
1223,407.0,robot_3,wait,,(),(),407.25,prioritized_sipp_coordinator
1224,408.0,robot_1,wait,,(),(),408.25,prioritized_sipp_coordinator
1225,408.0,robot_2,wait,,(),(),408.25,prioritized_sipp_coordinator
1226,408.0,robot_3,wait,,(),(),408.25,prioritized_sipp_coordinator
1227,409.0,robot_1,wait,,(),(),409.25,prioritized_sipp_coordinator
1228,409.0,robot_2,wait,,(),(),409.25,prioritized_sipp_coordinator
1229,409.0,robot_3,wait,,(),(),409.25,prioritized_sipp_coordinator
1230,410.0,robot_1,wait,,(),(),410.25,prioritized_sipp_coordinator
1231,410.0,robot_2,wait,,(),(),410.25,prioritized_sipp_coordinator
1232,410.0,robot_3,wait,,(),(),410.25,prioritized_sipp_coordinator
1233,411.0,robot_1,wait,,(),(),411.25,prioritized_sipp_coordinator
1234,411.0,robot_2,wait,,(),(),411.25,prioritized_sipp_coordinator
1235,411.0,robot_3,wait,,(),(),411.25,prioritized_sipp_coordinator
1236,412.0,robot_1,wait,,(),(),412.25,prioritized_sipp_coordinator
1237,412.0,robot_2,wait,,(),(),412.25,prioritized_sipp_coordinator
1238,412.0,robot_3,wait,,(),(),412.25,prioritized_sipp_coordinator
1239,413.0,robot_1,wait,,(),(),413.25,prioritized_sipp_coordinator
1240,413.0,robot_2,wait,,(),(),413.25,prioritized_sipp_coordinator
1241,413.0,robot_3,wait,,(),(),413.25,prioritized_sipp_coordinator
1242,414.0,robot_1,wait,,(),(),414.25,prioritized_sipp_coordinator
1243,414.0,robot_2,wait,,(),(),414.25,prioritized_sipp_coordinator
1244,414.0,robot_3,wait,,(),(),414.25,prioritized_sipp_coordinator
1245,415.0,robot_1,wait,,(),(),415.25,prioritized_sipp_coordinator
1246,415.0,robot_2,wait,,(),(),415.25,prioritized_sipp_coordinator
1247,415.0,robot_3,wait,,(),(),415.25,prioritized_sipp_coordinator
1248,416.0,robot_1,wait,,(),(),416.25,prioritized_sipp_coordinator
1249,416.0,robot_2,wait,,(),(),416.25,prioritized_sipp_coordinator
1250,416.0,robot_3,wait,,(),(),416.25,prioritized_sipp_coordinator
1251,417.0,robot_1,wait,,(),(),417.25,prioritized_sipp_coordinator
1252,417.0,robot_2,wait,,(),(),417.25,prioritized_sipp_coordinator
1253,417.0,robot_3,wait,,(),(),417.25,prioritized_sipp_coordinator
1254,418.0,robot_1,wait,,(),(),418.25,prioritized_sipp_coordinator
1255,418.0,robot_2,wait,,(),(),418.25,prioritized_sipp_coordinator
1256,418.0,robot_3,wait,,(),(),418.25,prioritized_sipp_coordinator
1257,419.0,robot_1,wait,,(),(),419.25,prioritized_sipp_coordinator
1258,419.0,robot_2,wait,,(),(),419.25,prioritized_sipp_coordinator
1259,419.0,robot_3,wait,,(),(),419.25,prioritized_sipp_coordinator
1260,420.0,robot_1,wait,,(),(),420.25,prioritized_sipp_coordinator
1261,420.0,robot_2,wait,,(),(),420.25,prioritized_sipp_coordinator
1262,420.0,robot_3,wait,,(),(),420.25,prioritized_sipp_coordinator
1263,421.0,robot_1,wait,,(),(),421.25,prioritized_sipp_coordinator
1264,421.0,robot_2,wait,,(),(),421.25,prioritized_sipp_coordinator
1265,421.0,robot_3,wait,,(),(),421.25,prioritized_sipp_coordinator
1266,422.0,robot_1,wait,,(),(),422.25,prioritized_sipp_coordinator
1267,422.0,robot_2,wait,,(),(),422.25,prioritized_sipp_coordinator
1268,422.0,robot_3,wait,,(),(),422.25,prioritized_sipp_coordinator
1269,423.0,robot_1,wait,,(),(),423.25,prioritized_sipp_coordinator
1270,423.0,robot_2,wait,,(),(),423.25,prioritized_sipp_coordinator
1271,423.0,robot_3,wait,,(),(),423.25,prioritized_sipp_coordinator
1272,424.0,robot_1,wait,,(),(),424.25,prioritized_sipp_coordinator
1273,424.0,robot_2,wait,,(),(),424.25,prioritized_sipp_coordinator
1274,424.0,robot_3,wait,,(),(),424.25,prioritized_sipp_coordinator
1275,425.0,robot_1,wait,,(),(),425.25,prioritized_sipp_coordinator
1276,425.0,robot_2,wait,,(),(),425.25,prioritized_sipp_coordinator
1277,425.0,robot_3,wait,,(),(),425.25,prioritized_sipp_coordinator
1278,426.0,robot_1,wait,,(),(),426.25,prioritized_sipp_coordinator
1279,426.0,robot_2,wait,,(),(),426.25,prioritized_sipp_coordinator
1280,426.0,robot_3,wait,,(),(),426.25,prioritized_sipp_coordinator
1281,427.0,robot_1,wait,,(),(),427.25,prioritized_sipp_coordinator
1282,427.0,robot_2,wait,,(),(),427.25,prioritized_sipp_coordinator
1283,427.0,robot_3,wait,,(),(),427.25,prioritized_sipp_coordinator
1284,428.0,robot_1,wait,,(),(),428.25,prioritized_sipp_coordinator
1285,428.0,robot_2,wait,,(),(),428.25,prioritized_sipp_coordinator
1286,428.0,robot_3,wait,,(),(),428.25,prioritized_sipp_coordinator
1287,429.0,robot_1,wait,,(),(),429.25,prioritized_sipp_coordinator
1288,429.0,robot_2,wait,,(),(),429.25,prioritized_sipp_coordinator
1289,429.0,robot_3,wait,,(),(),429.25,prioritized_sipp_coordinator
1290,430.0,robot_1,wait,,(),(),430.25,prioritized_sipp_coordinator
1291,430.0,robot_2,wait,,(),(),430.25,prioritized_sipp_coordinator
1292,430.0,robot_3,wait,,(),(),430.25,prioritized_sipp_coordinator
1293,431.0,robot_1,wait,,(),(),431.25,prioritized_sipp_coordinator
1294,431.0,robot_2,wait,,(),(),431.25,prioritized_sipp_coordinator
1295,431.0,robot_3,wait,,(),(),431.25,prioritized_sipp_coordinator
1296,432.0,robot_1,wait,,(),(),432.25,prioritized_sipp_coordinator
1297,432.0,robot_2,wait,,(),(),432.25,prioritized_sipp_coordinator
1298,432.0,robot_3,wait,,(),(),432.25,prioritized_sipp_coordinator
1299,433.0,robot_1,wait,,(),(),433.25,prioritized_sipp_coordinator
1300,433.0,robot_2,wait,,(),(),433.25,prioritized_sipp_coordinator
1301,433.0,robot_3,wait,,(),(),433.25,prioritized_sipp_coordinator
1302,434.0,robot_1,wait,,(),(),434.25,prioritized_sipp_coordinator
1303,434.0,robot_2,wait,,(),(),434.25,prioritized_sipp_coordinator
1304,434.0,robot_3,wait,,(),(),434.25,prioritized_sipp_coordinator
1305,435.0,robot_1,wait,,(),(),435.25,prioritized_sipp_coordinator
1306,435.0,robot_2,wait,,(),(),435.25,prioritized_sipp_coordinator
1307,435.0,robot_3,wait,,(),(),435.25,prioritized_sipp_coordinator
1308,436.0,robot_1,wait,,(),(),436.25,prioritized_sipp_coordinator
1309,436.0,robot_2,wait,,(),(),436.25,prioritized_sipp_coordinator
1310,436.0,robot_3,wait,,(),(),436.25,prioritized_sipp_coordinator
1311,437.0,robot_1,wait,,(),(),437.25,prioritized_sipp_coordinator
1312,437.0,robot_2,wait,,(),(),437.25,prioritized_sipp_coordinator
1313,437.0,robot_3,wait,,(),(),437.25,prioritized_sipp_coordinator
1314,438.0,robot_1,wait,,(),(),438.25,prioritized_sipp_coordinator
1315,438.0,robot_2,wait,,(),(),438.25,prioritized_sipp_coordinator
1316,438.0,robot_3,wait,,(),(),438.25,prioritized_sipp_coordinator
1317,439.0,robot_1,wait,,(),(),439.25,prioritized_sipp_coordinator
1318,439.0,robot_2,wait,,(),(),439.25,prioritized_sipp_coordinator
1319,439.0,robot_3,wait,,(),(),439.25,prioritized_sipp_coordinator
1320,440.0,robot_1,wait,,(),(),440.25,prioritized_sipp_coordinator
1321,440.0,robot_2,wait,,(),(),440.25,prioritized_sipp_coordinator
1322,440.0,robot_3,wait,,(),(),440.25,prioritized_sipp_coordinator
1323,441.0,robot_1,wait,,(),(),441.25,prioritized_sipp_coordinator
1324,441.0,robot_2,wait,,(),(),441.25,prioritized_sipp_coordinator
1325,441.0,robot_3,wait,,(),(),441.25,prioritized_sipp_coordinator
1326,442.0,robot_1,wait,,(),(),442.25,prioritized_sipp_coordinator
1327,442.0,robot_2,wait,,(),(),442.25,prioritized_sipp_coordinator
1328,442.0,robot_3,wait,,(),(),442.25,prioritized_sipp_coordinator
1329,443.0,robot_1,wait,,(),(),443.25,prioritized_sipp_coordinator
1330,443.0,robot_2,wait,,(),(),443.25,prioritized_sipp_coordinator
1331,443.0,robot_3,wait,,(),(),443.25,prioritized_sipp_coordinator
1332,444.0,robot_1,wait,,(),(),444.25,prioritized_sipp_coordinator
1333,444.0,robot_2,wait,,(),(),444.25,prioritized_sipp_coordinator
1334,444.0,robot_3,wait,,(),(),444.25,prioritized_sipp_coordinator
1335,445.0,robot_1,wait,,(),(),445.25,prioritized_sipp_coordinator
1336,445.0,robot_2,wait,,(),(),445.25,prioritized_sipp_coordinator
1337,445.0,robot_3,wait,,(),(),445.25,prioritized_sipp_coordinator
1338,446.0,robot_1,wait,,(),(),446.25,prioritized_sipp_coordinator
1339,446.0,robot_2,wait,,(),(),446.25,prioritized_sipp_coordinator
1340,446.0,robot_3,wait,,(),(),446.25,prioritized_sipp_coordinator
1341,447.0,robot_1,wait,,(),(),447.25,prioritized_sipp_coordinator
1342,447.0,robot_2,wait,,(),(),447.25,prioritized_sipp_coordinator
1343,447.0,robot_3,wait,,(),(),447.25,prioritized_sipp_coordinator
1344,448.0,robot_1,wait,,(),(),448.25,prioritized_sipp_coordinator
1345,448.0,robot_2,wait,,(),(),448.25,prioritized_sipp_coordinator
1346,448.0,robot_3,wait,,(),(),448.25,prioritized_sipp_coordinator
1347,449.0,robot_1,wait,,(),(),449.25,prioritized_sipp_coordinator
1348,449.0,robot_2,wait,,(),(),449.25,prioritized_sipp_coordinator
1349,449.0,robot_3,wait,,(),(),449.25,prioritized_sipp_coordinator
1350,450.0,robot_1,wait,,(),(),450.25,prioritized_sipp_coordinator
1351,450.0,robot_2,wait,,(),(),450.25,prioritized_sipp_coordinator
1352,450.0,robot_3,wait,,(),(),450.25,prioritized_sipp_coordinator
1353,451.0,robot_1,wait,,(),(),451.25,prioritized_sipp_coordinator
1354,451.0,robot_2,wait,,(),(),451.25,prioritized_sipp_coordinator
1355,451.0,robot_3,wait,,(),(),451.25,prioritized_sipp_coordinator
1356,452.0,robot_1,wait,,(),(),452.25,prioritized_sipp_coordinator
1357,452.0,robot_2,wait,,(),(),452.25,prioritized_sipp_coordinator
1358,452.0,robot_3,wait,,(),(),452.25,prioritized_sipp_coordinator
1359,453.0,robot_1,wait,,(),(),453.25,prioritized_sipp_coordinator
1360,453.0,robot_2,wait,,(),(),453.25,prioritized_sipp_coordinator
1361,453.0,robot_3,wait,,(),(),453.25,prioritized_sipp_coordinator
1362,454.0,robot_1,wait,,(),(),454.25,prioritized_sipp_coordinator
1363,454.0,robot_2,wait,,(),(),454.25,prioritized_sipp_coordinator
1364,454.0,robot_3,wait,,(),(),454.25,prioritized_sipp_coordinator
1365,455.0,robot_1,wait,,(),(),455.25,prioritized_sipp_coordinator
1366,455.0,robot_2,wait,,(),(),455.25,prioritized_sipp_coordinator
1367,455.0,robot_3,wait,,(),(),455.25,prioritized_sipp_coordinator
1368,456.0,robot_1,wait,,(),(),456.25,prioritized_sipp_coordinator
1369,456.0,robot_2,wait,,(),(),456.25,prioritized_sipp_coordinator
1370,456.0,robot_3,wait,,(),(),456.25,prioritized_sipp_coordinator
1371,457.0,robot_1,wait,,(),(),457.25,prioritized_sipp_coordinator
1372,457.0,robot_2,wait,,(),(),457.25,prioritized_sipp_coordinator
1373,457.0,robot_3,wait,,(),(),457.25,prioritized_sipp_coordinator
1374,458.0,robot_1,wait,,(),(),458.25,prioritized_sipp_coordinator
1375,458.0,robot_2,wait,,(),(),458.25,prioritized_sipp_coordinator
1376,458.0,robot_3,wait,,(),(),458.25,prioritized_sipp_coordinator
1377,459.0,robot_1,wait,,(),(),459.25,prioritized_sipp_coordinator
1378,459.0,robot_2,wait,,(),(),459.25,prioritized_sipp_coordinator
1379,459.0,robot_3,wait,,(),(),459.25,prioritized_sipp_coordinator
1380,460.0,robot_1,wait,,(),(),460.25,prioritized_sipp_coordinator
1381,460.0,robot_2,wait,,(),(),460.25,prioritized_sipp_coordinator
1382,460.0,robot_3,wait,,(),(),460.25,prioritized_sipp_coordinator
1383,461.0,robot_1,wait,,(),(),461.25,prioritized_sipp_coordinator
1384,461.0,robot_2,wait,,(),(),461.25,prioritized_sipp_coordinator
1385,461.0,robot_3,wait,,(),(),461.25,prioritized_sipp_coordinator
1386,462.0,robot_1,wait,,(),(),462.25,prioritized_sipp_coordinator
1387,462.0,robot_2,wait,,(),(),462.25,prioritized_sipp_coordinator
1388,462.0,robot_3,wait,,(),(),462.25,prioritized_sipp_coordinator
1389,463.0,robot_1,wait,,(),(),463.25,prioritized_sipp_coordinator
1390,463.0,robot_2,wait,,(),(),463.25,prioritized_sipp_coordinator
1391,463.0,robot_3,wait,,(),(),463.25,prioritized_sipp_coordinator
1392,464.0,robot_1,wait,,(),(),464.25,prioritized_sipp_coordinator
1393,464.0,robot_2,wait,,(),(),464.25,prioritized_sipp_coordinator
1394,464.0,robot_3,wait,,(),(),464.25,prioritized_sipp_coordinator
1395,465.0,robot_1,wait,,(),(),465.25,prioritized_sipp_coordinator
1396,465.0,robot_2,wait,,(),(),465.25,prioritized_sipp_coordinator
1397,465.0,robot_3,wait,,(),(),465.25,prioritized_sipp_coordinator
1398,466.0,robot_1,wait,,(),(),466.25,prioritized_sipp_coordinator
1399,466.0,robot_2,wait,,(),(),466.25,prioritized_sipp_coordinator
1400,466.0,robot_3,wait,,(),(),466.25,prioritized_sipp_coordinator
1401,467.0,robot_1,wait,,(),(),467.25,prioritized_sipp_coordinator
1402,467.0,robot_2,wait,,(),(),467.25,prioritized_sipp_coordinator
1403,467.0,robot_3,wait,,(),(),467.25,prioritized_sipp_coordinator
1404,468.0,robot_1,wait,,(),(),468.25,prioritized_sipp_coordinator
1405,468.0,robot_2,wait,,(),(),468.25,prioritized_sipp_coordinator
1406,468.0,robot_3,wait,,(),(),468.25,prioritized_sipp_coordinator
1407,469.0,robot_1,wait,,(),(),469.25,prioritized_sipp_coordinator
1408,469.0,robot_2,wait,,(),(),469.25,prioritized_sipp_coordinator
1409,469.0,robot_3,wait,,(),(),469.25,prioritized_sipp_coordinator
1410,470.0,robot_1,wait,,(),(),470.25,prioritized_sipp_coordinator
1411,470.0,robot_2,wait,,(),(),470.25,prioritized_sipp_coordinator
1412,470.0,robot_3,wait,,(),(),470.25,prioritized_sipp_coordinator
1413,471.0,robot_1,wait,,(),(),471.25,prioritized_sipp_coordinator
1414,471.0,robot_2,wait,,(),(),471.25,prioritized_sipp_coordinator
1415,471.0,robot_3,wait,,(),(),471.25,prioritized_sipp_coordinator
1416,472.0,robot_1,wait,,(),(),472.25,prioritized_sipp_coordinator
1417,472.0,robot_2,wait,,(),(),472.25,prioritized_sipp_coordinator
1418,472.0,robot_3,wait,,(),(),472.25,prioritized_sipp_coordinator
1419,473.0,robot_1,wait,,(),(),473.25,prioritized_sipp_coordinator
1420,473.0,robot_2,wait,,(),(),473.25,prioritized_sipp_coordinator
1421,473.0,robot_3,wait,,(),(),473.25,prioritized_sipp_coordinator
1422,474.0,robot_1,wait,,(),(),474.25,prioritized_sipp_coordinator
1423,474.0,robot_2,wait,,(),(),474.25,prioritized_sipp_coordinator
1424,474.0,robot_3,wait,,(),(),474.25,prioritized_sipp_coordinator
1425,475.0,robot_1,wait,,(),(),475.25,prioritized_sipp_coordinator
1426,475.0,robot_2,wait,,(),(),475.25,prioritized_sipp_coordinator
1427,475.0,robot_3,wait,,(),(),475.25,prioritized_sipp_coordinator
1428,476.0,robot_1,wait,,(),(),476.25,prioritized_sipp_coordinator
1429,476.0,robot_2,wait,,(),(),476.25,prioritized_sipp_coordinator
1430,476.0,robot_3,wait,,(),(),476.25,prioritized_sipp_coordinator
1431,477.0,robot_1,wait,,(),(),477.25,prioritized_sipp_coordinator
1432,477.0,robot_2,wait,,(),(),477.25,prioritized_sipp_coordinator
1433,477.0,robot_3,wait,,(),(),477.25,prioritized_sipp_coordinator
1434,478.0,robot_1,wait,,(),(),478.25,prioritized_sipp_coordinator
1435,478.0,robot_2,wait,,(),(),478.25,prioritized_sipp_coordinator
1436,478.0,robot_3,wait,,(),(),478.25,prioritized_sipp_coordinator
1437,479.0,robot_1,wait,,(),(),479.25,prioritized_sipp_coordinator
1438,479.0,robot_2,wait,,(),(),479.25,prioritized_sipp_coordinator
1439,479.0,robot_3,wait,,(),(),479.25,prioritized_sipp_coordinator
1440,480.0,robot_1,wait,,(),(),480.25,prioritized_sipp_coordinator
1441,480.0,robot_2,wait,,(),(),480.25,prioritized_sipp_coordinator
1442,480.0,robot_3,wait,,(),(),480.25,prioritized_sipp_coordinator
1443,481.0,robot_1,wait,,(),(),481.25,prioritized_sipp_coordinator
1444,481.0,robot_2,wait,,(),(),481.25,prioritized_sipp_coordinator
1445,481.0,robot_3,wait,,(),(),481.25,prioritized_sipp_coordinator
1446,482.0,robot_1,wait,,(),(),482.25,prioritized_sipp_coordinator
1447,482.0,robot_2,wait,,(),(),482.25,prioritized_sipp_coordinator
1448,482.0,robot_3,wait,,(),(),482.25,prioritized_sipp_coordinator
1449,483.0,robot_1,wait,,(),(),483.25,prioritized_sipp_coordinator
1450,483.0,robot_2,wait,,(),(),483.25,prioritized_sipp_coordinator
1451,483.0,robot_3,wait,,(),(),483.25,prioritized_sipp_coordinator
1452,484.0,robot_1,wait,,(),(),484.25,prioritized_sipp_coordinator
1453,484.0,robot_2,wait,,(),(),484.25,prioritized_sipp_coordinator
1454,484.0,robot_3,wait,,(),(),484.25,prioritized_sipp_coordinator
1455,485.0,robot_1,wait,,(),(),485.25,prioritized_sipp_coordinator
1456,485.0,robot_2,wait,,(),(),485.25,prioritized_sipp_coordinator
1457,485.0,robot_3,wait,,(),(),485.25,prioritized_sipp_coordinator
1458,486.0,robot_1,wait,,(),(),486.25,prioritized_sipp_coordinator
1459,486.0,robot_2,wait,,(),(),486.25,prioritized_sipp_coordinator
1460,486.0,robot_3,wait,,(),(),486.25,prioritized_sipp_coordinator
1461,487.0,robot_1,wait,,(),(),487.25,prioritized_sipp_coordinator
1462,487.0,robot_2,wait,,(),(),487.25,prioritized_sipp_coordinator
1463,487.0,robot_3,wait,,(),(),487.25,prioritized_sipp_coordinator
1464,488.0,robot_1,task_route,task_9,"('r4_c4', 'r3_c4', 'r2_c4', 'r1_c4', 'r0_c4', 'r0_c3', 'r0_c2', 'r0_c1', 'r0_c0', 'r0_c1', 'r0_c2', 'r0_c3', 'r0_c4', 'r1_c4', 'r2_c4', 'r3_c4', 'r4_c4')","('r4_c4->r3_c4', 'r3_c4->r2_c4', 'r2_c4->r1_c4', 'r1_c4->r0_c4', 'r0_c4->r0_c3', 'r0_c3->r0_c2', 'r0_c2->r0_c1', 'r0_c1->r0_c0', 'r0_c0->r0_c1', 'r0_c1->r0_c2', 'r0_c2->r0_c3', 'r0_c3->r0_c4', 'r0_c4->r1_c4', 'r1_c4->r2_c4', 'r2_c4->r3_c4', 'r3_c4->r4_c4')",16.0,prioritized_sipp_coordinator
1465,488.0,robot_2,wait,,(),(),488.25,prioritized_sipp_coordinator
1466,488.0,robot_3,wait,,(),(),488.25,prioritized_sipp_coordinator
1467,489.0,robot_1,continue_current_plan,task_9,"('r4_c4', 'r3_c4', 'r2_c4', 'r1_c4', 'r0_c4', 'r0_c3', 'r0_c2', 'r0_c1', 'r0_c0', 'r0_c1', 'r0_c2', 'r0_c3', 'r0_c4', 'r1_c4', 'r2_c4', 'r3_c4', 'r4_c4')","('r4_c4->r3_c4', 'r3_c4->r2_c4', 'r2_c4->r1_c4', 'r1_c4->r0_c4', 'r0_c4->r0_c3', 'r0_c3->r0_c2', 'r0_c2->r0_c1', 'r0_c1->r0_c0', 'r0_c0->r0_c1', 'r0_c1->r0_c2', 'r0_c2->r0_c3', 'r0_c3->r0_c4', 'r0_c4->r1_c4', 'r1_c4->r2_c4', 'r2_c4->r3_c4', 'r3_c4->r4_c4')",524.0,prioritized_sipp_coordinator
1468,489.0,robot_2,wait,,(),(),489.25,prioritized_sipp_coordinator
1469,489.0,robot_3,wait,,(),(),489.25,prioritized_sipp_coordinator
1470,490.0,robot_1,continue_current_plan,task_9,"('r4_c4', 'r3_c4', 'r2_c4', 'r1_c4', 'r0_c4', 'r0_c3', 'r0_c2', 'r0_c1', 'r0_c0', 'r0_c1', 'r0_c2', 'r0_c3', 'r0_c4', 'r1_c4', 'r2_c4', 'r3_c4', 'r4_c4')","('r4_c4->r3_c4', 'r3_c4->r2_c4', 'r2_c4->r1_c4', 'r1_c4->r0_c4', 'r0_c4->r0_c3', 'r0_c3->r0_c2', 'r0_c2->r0_c1', 'r0_c1->r0_c0', 'r0_c0->r0_c1', 'r0_c1->r0_c2', 'r0_c2->r0_c3', 'r0_c3->r0_c4', 'r0_c4->r1_c4', 'r1_c4->r2_c4', 'r2_c4->r3_c4', 'r3_c4->r4_c4')",524.0,prioritized_sipp_coordinator
1471,490.0,robot_2,wait,,(),(),490.25,prioritized_sipp_coordinator
1472,490.0,robot_3,wait,,(),(),490.25,prioritized_sipp_coordinator
1473,491.0,robot_1,continue_current_plan,task_9,"('r4_c4', 'r3_c4', 'r2_c4', 'r1_c4', 'r0_c4', 'r0_c3', 'r0_c2', 'r0_c1', 'r0_c0', 'r0_c1', 'r0_c2', 'r0_c3', 'r0_c4', 'r1_c4', 'r2_c4', 'r3_c4', 'r4_c4')","('r4_c4->r3_c4', 'r3_c4->r2_c4', 'r2_c4->r1_c4', 'r1_c4->r0_c4', 'r0_c4->r0_c3', 'r0_c3->r0_c2', 'r0_c2->r0_c1', 'r0_c1->r0_c0', 'r0_c0->r0_c1', 'r0_c1->r0_c2', 'r0_c2->r0_c3', 'r0_c3->r0_c4', 'r0_c4->r1_c4', 'r1_c4->r2_c4', 'r2_c4->r3_c4', 'r3_c4->r4_c4')",524.0,prioritized_sipp_coordinator
1474,491.0,robot_2,wait,,(),(),491.25,prioritized_sipp_coordinator
1475,491.0,robot_3,wait,,(),(),491.25,prioritized_sipp_coordinator
1476,492.0,robot_1,continue_current_plan,task_9,"('r4_c4', 'r3_c4', 'r2_c4', 'r1_c4', 'r0_c4', 'r0_c3', 'r0_c2', 'r0_c1', 'r0_c0', 'r0_c1', 'r0_c2', 'r0_c3', 'r0_c4', 'r1_c4', 'r2_c4', 'r3_c4', 'r4_c4')","('r4_c4->r3_c4', 'r3_c4->r2_c4', 'r2_c4->r1_c4', 'r1_c4->r0_c4', 'r0_c4->r0_c3', 'r0_c3->r0_c2', 'r0_c2->r0_c1', 'r0_c1->r0_c0', 'r0_c0->r0_c1', 'r0_c1->r0_c2', 'r0_c2->r0_c3', 'r0_c3->r0_c4', 'r0_c4->r1_c4', 'r1_c4->r2_c4', 'r2_c4->r3_c4', 'r3_c4->r4_c4')",524.0,prioritized_sipp_coordinator
1477,492.0,robot_2,wait,,(),(),492.25,prioritized_sipp_coordinator
1478,492.0,robot_3,wait,,(),(),492.25,prioritized_sipp_coordinator
1479,493.0,robot_1,continue_current_plan,task_9,"('r4_c4', 'r3_c4', 'r2_c4', 'r1_c4', 'r0_c4', 'r0_c3', 'r0_c2', 'r0_c1', 'r0_c0', 'r0_c1', 'r0_c2', 'r0_c3', 'r0_c4', 'r1_c4', 'r2_c4', 'r3_c4', 'r4_c4')","('r4_c4->r3_c4', 'r3_c4->r2_c4', 'r2_c4->r1_c4', 'r1_c4->r0_c4', 'r0_c4->r0_c3', 'r0_c3->r0_c2', 'r0_c2->r0_c1', 'r0_c1->r0_c0', 'r0_c0->r0_c1', 'r0_c1->r0_c2', 'r0_c2->r0_c3', 'r0_c3->r0_c4', 'r0_c4->r1_c4', 'r1_c4->r2_c4', 'r2_c4->r3_c4', 'r3_c4->r4_c4')",524.0,prioritized_sipp_coordinator
1480,493.0,robot_2,wait,,(),(),493.25,prioritized_sipp_coordinator
1481,493.0,robot_3,wait,,(),(),493.25,prioritized_sipp_coordinator
1482,494.0,robot_1,continue_current_plan,task_9,"('r4_c4', 'r3_c4', 'r2_c4', 'r1_c4', 'r0_c4', 'r0_c3', 'r0_c2', 'r0_c1', 'r0_c0', 'r0_c1', 'r0_c2', 'r0_c3', 'r0_c4', 'r1_c4', 'r2_c4', 'r3_c4', 'r4_c4')","('r4_c4->r3_c4', 'r3_c4->r2_c4', 'r2_c4->r1_c4', 'r1_c4->r0_c4', 'r0_c4->r0_c3', 'r0_c3->r0_c2', 'r0_c2->r0_c1', 'r0_c1->r0_c0', 'r0_c0->r0_c1', 'r0_c1->r0_c2', 'r0_c2->r0_c3', 'r0_c3->r0_c4', 'r0_c4->r1_c4', 'r1_c4->r2_c4', 'r2_c4->r3_c4', 'r3_c4->r4_c4')",524.0,prioritized_sipp_coordinator
1483,494.0,robot_2,wait,,(),(),494.25,prioritized_sipp_coordinator
1484,494.0,robot_3,wait,,(),(),494.25,prioritized_sipp_coordinator
1485,495.0,robot_1,continue_current_plan,task_9,"('r4_c4', 'r3_c4', 'r2_c4', 'r1_c4', 'r0_c4', 'r0_c3', 'r0_c2', 'r0_c1', 'r0_c0', 'r0_c1', 'r0_c2', 'r0_c3', 'r0_c4', 'r1_c4', 'r2_c4', 'r3_c4', 'r4_c4')","('r4_c4->r3_c4', 'r3_c4->r2_c4', 'r2_c4->r1_c4', 'r1_c4->r0_c4', 'r0_c4->r0_c3', 'r0_c3->r0_c2', 'r0_c2->r0_c1', 'r0_c1->r0_c0', 'r0_c0->r0_c1', 'r0_c1->r0_c2', 'r0_c2->r0_c3', 'r0_c3->r0_c4', 'r0_c4->r1_c4', 'r1_c4->r2_c4', 'r2_c4->r3_c4', 'r3_c4->r4_c4')",524.0,prioritized_sipp_coordinator
1486,495.0,robot_2,wait,,(),(),495.25,prioritized_sipp_coordinator
1487,495.0,robot_3,wait,,(),(),495.25,prioritized_sipp_coordinator
1488,496.0,robot_1,continue_current_plan,task_9,"('r4_c4', 'r3_c4', 'r2_c4', 'r1_c4', 'r0_c4', 'r0_c3', 'r0_c2', 'r0_c1', 'r0_c0', 'r0_c1', 'r0_c2', 'r0_c3', 'r0_c4', 'r1_c4', 'r2_c4', 'r3_c4', 'r4_c4')","('r4_c4->r3_c4', 'r3_c4->r2_c4', 'r2_c4->r1_c4', 'r1_c4->r0_c4', 'r0_c4->r0_c3', 'r0_c3->r0_c2', 'r0_c2->r0_c1', 'r0_c1->r0_c0', 'r0_c0->r0_c1', 'r0_c1->r0_c2', 'r0_c2->r0_c3', 'r0_c3->r0_c4', 'r0_c4->r1_c4', 'r1_c4->r2_c4', 'r2_c4->r3_c4', 'r3_c4->r4_c4')",524.0,prioritized_sipp_coordinator
1489,496.0,robot_2,wait,,(),(),496.25,prioritized_sipp_coordinator
1490,496.0,robot_3,wait,,(),(),496.25,prioritized_sipp_coordinator
1491,497.0,robot_1,continue_current_plan,task_9,"('r4_c4', 'r3_c4', 'r2_c4', 'r1_c4', 'r0_c4', 'r0_c3', 'r0_c2', 'r0_c1', 'r0_c0', 'r0_c1', 'r0_c2', 'r0_c3', 'r0_c4', 'r1_c4', 'r2_c4', 'r3_c4', 'r4_c4')","('r4_c4->r3_c4', 'r3_c4->r2_c4', 'r2_c4->r1_c4', 'r1_c4->r0_c4', 'r0_c4->r0_c3', 'r0_c3->r0_c2', 'r0_c2->r0_c1', 'r0_c1->r0_c0', 'r0_c0->r0_c1', 'r0_c1->r0_c2', 'r0_c2->r0_c3', 'r0_c3->r0_c4', 'r0_c4->r1_c4', 'r1_c4->r2_c4', 'r2_c4->r3_c4', 'r3_c4->r4_c4')",524.0,prioritized_sipp_coordinator
1492,497.0,robot_2,wait,,(),(),497.25,prioritized_sipp_coordinator
1493,497.0,robot_3,wait,,(),(),497.25,prioritized_sipp_coordinator
1494,498.0,robot_1,continue_current_plan,task_9,"('r4_c4', 'r3_c4', 'r2_c4', 'r1_c4', 'r0_c4', 'r0_c3', 'r0_c2', 'r0_c1', 'r0_c0', 'r0_c1', 'r0_c2', 'r0_c3', 'r0_c4', 'r1_c4', 'r2_c4', 'r3_c4', 'r4_c4')","('r4_c4->r3_c4', 'r3_c4->r2_c4', 'r2_c4->r1_c4', 'r1_c4->r0_c4', 'r0_c4->r0_c3', 'r0_c3->r0_c2', 'r0_c2->r0_c1', 'r0_c1->r0_c0', 'r0_c0->r0_c1', 'r0_c1->r0_c2', 'r0_c2->r0_c3', 'r0_c3->r0_c4', 'r0_c4->r1_c4', 'r1_c4->r2_c4', 'r2_c4->r3_c4', 'r3_c4->r4_c4')",524.0,prioritized_sipp_coordinator
1495,498.0,robot_2,wait,,(),(),498.25,prioritized_sipp_coordinator
1496,498.0,robot_3,wait,,(),(),498.25,prioritized_sipp_coordinator
1497,499.0,robot_1,continue_current_plan,task_9,"('r4_c4', 'r3_c4', 'r2_c4', 'r1_c4', 'r0_c4', 'r0_c3', 'r0_c2', 'r0_c1', 'r0_c0', 'r0_c1', 'r0_c2', 'r0_c3', 'r0_c4', 'r1_c4', 'r2_c4', 'r3_c4', 'r4_c4')","('r4_c4->r3_c4', 'r3_c4->r2_c4', 'r2_c4->r1_c4', 'r1_c4->r0_c4', 'r0_c4->r0_c3', 'r0_c3->r0_c2', 'r0_c2->r0_c1', 'r0_c1->r0_c0', 'r0_c0->r0_c1', 'r0_c1->r0_c2', 'r0_c2->r0_c3', 'r0_c3->r0_c4', 'r0_c4->r1_c4', 'r1_c4->r2_c4', 'r2_c4->r3_c4', 'r3_c4->r4_c4')",524.0,prioritized_sipp_coordinator
1498,499.0,robot_2,wait,,(),(),499.25,prioritized_sipp_coordinator
1499,499.0,robot_3,wait,,(),(),499.25,prioritized_sipp_coordinator
1500,500.0,robot_1,continue_current_plan,task_9,"('r4_c4', 'r3_c4', 'r2_c4', 'r1_c4', 'r0_c4', 'r0_c3', 'r0_c2', 'r0_c1', 'r0_c0', 'r0_c1', 'r0_c2', 'r0_c3', 'r0_c4', 'r1_c4', 'r2_c4', 'r3_c4', 'r4_c4')","('r4_c4->r3_c4', 'r3_c4->r2_c4', 'r2_c4->r1_c4', 'r1_c4->r0_c4', 'r0_c4->r0_c3', 'r0_c3->r0_c2', 'r0_c2->r0_c1', 'r0_c1->r0_c0', 'r0_c0->r0_c1', 'r0_c1->r0_c2', 'r0_c2->r0_c3', 'r0_c3->r0_c4', 'r0_c4->r1_c4', 'r1_c4->r2_c4', 'r2_c4->r3_c4', 'r3_c4->r4_c4')",524.0,prioritized_sipp_coordinator
1501,500.0,robot_2,wait,,(),(),500.25,prioritized_sipp_coordinator
1502,500.0,robot_3,wait,,(),(),500.25,prioritized_sipp_coordinator
1503,501.0,robot_1,continue_current_plan,task_9,"('r4_c4', 'r3_c4', 'r2_c4', 'r1_c4', 'r0_c4', 'r0_c3', 'r0_c2', 'r0_c1', 'r0_c0', 'r0_c1', 'r0_c2', 'r0_c3', 'r0_c4', 'r1_c4', 'r2_c4', 'r3_c4', 'r4_c4')","('r4_c4->r3_c4', 'r3_c4->r2_c4', 'r2_c4->r1_c4', 'r1_c4->r0_c4', 'r0_c4->r0_c3', 'r0_c3->r0_c2', 'r0_c2->r0_c1', 'r0_c1->r0_c0', 'r0_c0->r0_c1', 'r0_c1->r0_c2', 'r0_c2->r0_c3', 'r0_c3->r0_c4', 'r0_c4->r1_c4', 'r1_c4->r2_c4', 'r2_c4->r3_c4', 'r3_c4->r4_c4')",524.0,prioritized_sipp_coordinator
1504,501.0,robot_2,wait,,(),(),501.25,prioritized_sipp_coordinator
1505,501.0,robot_3,wait,,(),(),501.25,prioritized_sipp_coordinator
1506,502.0,robot_1,continue_current_plan,task_9,"('r4_c4', 'r3_c4', 'r2_c4', 'r1_c4', 'r0_c4', 'r0_c3', 'r0_c2', 'r0_c1', 'r0_c0', 'r0_c1', 'r0_c2', 'r0_c3', 'r0_c4', 'r1_c4', 'r2_c4', 'r3_c4', 'r4_c4')","('r4_c4->r3_c4', 'r3_c4->r2_c4', 'r2_c4->r1_c4', 'r1_c4->r0_c4', 'r0_c4->r0_c3', 'r0_c3->r0_c2', 'r0_c2->r0_c1', 'r0_c1->r0_c0', 'r0_c0->r0_c1', 'r0_c1->r0_c2', 'r0_c2->r0_c3', 'r0_c3->r0_c4', 'r0_c4->r1_c4', 'r1_c4->r2_c4', 'r2_c4->r3_c4', 'r3_c4->r4_c4')",524.0,prioritized_sipp_coordinator
1507,502.0,robot_2,wait,,(),(),502.25,prioritized_sipp_coordinator
1508,502.0,robot_3,wait,,(),(),502.25,prioritized_sipp_coordinator
1509,503.0,robot_1,continue_current_plan,task_9,"('r4_c4', 'r3_c4', 'r2_c4', 'r1_c4', 'r0_c4', 'r0_c3', 'r0_c2', 'r0_c1', 'r0_c0', 'r0_c1', 'r0_c2', 'r0_c3', 'r0_c4', 'r1_c4', 'r2_c4', 'r3_c4', 'r4_c4')","('r4_c4->r3_c4', 'r3_c4->r2_c4', 'r2_c4->r1_c4', 'r1_c4->r0_c4', 'r0_c4->r0_c3', 'r0_c3->r0_c2', 'r0_c2->r0_c1', 'r0_c1->r0_c0', 'r0_c0->r0_c1', 'r0_c1->r0_c2', 'r0_c2->r0_c3', 'r0_c3->r0_c4', 'r0_c4->r1_c4', 'r1_c4->r2_c4', 'r2_c4->r3_c4', 'r3_c4->r4_c4')",524.0,prioritized_sipp_coordinator
1510,503.0,robot_2,wait,,(),(),503.25,prioritized_sipp_coordinator
1511,503.0,robot_3,wait,,(),(),503.25,prioritized_sipp_coordinator
1512,504.0,robot_1,continue_current_plan,task_9,"('r4_c4', 'r3_c4', 'r2_c4', 'r1_c4', 'r0_c4', 'r0_c3', 'r0_c2', 'r0_c1', 'r0_c0', 'r0_c1', 'r0_c2', 'r0_c3', 'r0_c4', 'r1_c4', 'r2_c4', 'r3_c4', 'r4_c4')","('r4_c4->r3_c4', 'r3_c4->r2_c4', 'r2_c4->r1_c4', 'r1_c4->r0_c4', 'r0_c4->r0_c3', 'r0_c3->r0_c2', 'r0_c2->r0_c1', 'r0_c1->r0_c0', 'r0_c0->r0_c1', 'r0_c1->r0_c2', 'r0_c2->r0_c3', 'r0_c3->r0_c4', 'r0_c4->r1_c4', 'r1_c4->r2_c4', 'r2_c4->r3_c4', 'r3_c4->r4_c4')",524.0,prioritized_sipp_coordinator
1513,504.0,robot_2,wait,,(),(),504.25,prioritized_sipp_coordinator
1514,504.0,robot_3,wait,,(),(),504.25,prioritized_sipp_coordinator
1515,505.0,robot_1,continue_current_plan,task_9,"('r4_c4', 'r3_c4', 'r2_c4', 'r1_c4', 'r0_c4', 'r0_c3', 'r0_c2', 'r0_c1', 'r0_c0', 'r0_c1', 'r0_c2', 'r0_c3', 'r0_c4', 'r1_c4', 'r2_c4', 'r3_c4', 'r4_c4')","('r4_c4->r3_c4', 'r3_c4->r2_c4', 'r2_c4->r1_c4', 'r1_c4->r0_c4', 'r0_c4->r0_c3', 'r0_c3->r0_c2', 'r0_c2->r0_c1', 'r0_c1->r0_c0', 'r0_c0->r0_c1', 'r0_c1->r0_c2', 'r0_c2->r0_c3', 'r0_c3->r0_c4', 'r0_c4->r1_c4', 'r1_c4->r2_c4', 'r2_c4->r3_c4', 'r3_c4->r4_c4')",524.0,prioritized_sipp_coordinator
1516,505.0,robot_2,wait,,(),(),505.25,prioritized_sipp_coordinator
1517,505.0,robot_3,wait,,(),(),505.25,prioritized_sipp_coordinator
1518,506.0,robot_1,continue_current_plan,task_9,"('r4_c4', 'r3_c4', 'r2_c4', 'r1_c4', 'r0_c4', 'r0_c3', 'r0_c2', 'r0_c1', 'r0_c0', 'r0_c1', 'r0_c2', 'r0_c3', 'r0_c4', 'r1_c4', 'r2_c4', 'r3_c4', 'r4_c4')","('r4_c4->r3_c4', 'r3_c4->r2_c4', 'r2_c4->r1_c4', 'r1_c4->r0_c4', 'r0_c4->r0_c3', 'r0_c3->r0_c2', 'r0_c2->r0_c1', 'r0_c1->r0_c0', 'r0_c0->r0_c1', 'r0_c1->r0_c2', 'r0_c2->r0_c3', 'r0_c3->r0_c4', 'r0_c4->r1_c4', 'r1_c4->r2_c4', 'r2_c4->r3_c4', 'r3_c4->r4_c4')",524.0,prioritized_sipp_coordinator
1519,506.0,robot_2,wait,,(),(),506.25,prioritized_sipp_coordinator
1520,506.0,robot_3,wait,,(),(),506.25,prioritized_sipp_coordinator
1521,507.0,robot_1,continue_current_plan,task_9,"('r4_c4', 'r3_c4', 'r2_c4', 'r1_c4', 'r0_c4', 'r0_c3', 'r0_c2', 'r0_c1', 'r0_c0', 'r0_c1', 'r0_c2', 'r0_c3', 'r0_c4', 'r1_c4', 'r2_c4', 'r3_c4', 'r4_c4')","('r4_c4->r3_c4', 'r3_c4->r2_c4', 'r2_c4->r1_c4', 'r1_c4->r0_c4', 'r0_c4->r0_c3', 'r0_c3->r0_c2', 'r0_c2->r0_c1', 'r0_c1->r0_c0', 'r0_c0->r0_c1', 'r0_c1->r0_c2', 'r0_c2->r0_c3', 'r0_c3->r0_c4', 'r0_c4->r1_c4', 'r1_c4->r2_c4', 'r2_c4->r3_c4', 'r3_c4->r4_c4')",524.0,prioritized_sipp_coordinator
1522,507.0,robot_2,wait,,(),(),507.25,prioritized_sipp_coordinator
1523,507.0,robot_3,wait,,(),(),507.25,prioritized_sipp_coordinator
1524,508.0,robot_1,continue_current_plan,task_9,"('r4_c4', 'r3_c4', 'r2_c4', 'r1_c4', 'r0_c4', 'r0_c3', 'r0_c2', 'r0_c1', 'r0_c0', 'r0_c1', 'r0_c2', 'r0_c3', 'r0_c4', 'r1_c4', 'r2_c4', 'r3_c4', 'r4_c4')","('r4_c4->r3_c4', 'r3_c4->r2_c4', 'r2_c4->r1_c4', 'r1_c4->r0_c4', 'r0_c4->r0_c3', 'r0_c3->r0_c2', 'r0_c2->r0_c1', 'r0_c1->r0_c0', 'r0_c0->r0_c1', 'r0_c1->r0_c2', 'r0_c2->r0_c3', 'r0_c3->r0_c4', 'r0_c4->r1_c4', 'r1_c4->r2_c4', 'r2_c4->r3_c4', 'r3_c4->r4_c4')",524.0,prioritized_sipp_coordinator
1525,508.0,robot_2,wait,,(),(),508.25,prioritized_sipp_coordinator
1526,508.0,robot_3,wait,,(),(),508.25,prioritized_sipp_coordinator
1527,509.0,robot_1,continue_current_plan,task_9,"('r4_c4', 'r3_c4', 'r2_c4', 'r1_c4', 'r0_c4', 'r0_c3', 'r0_c2', 'r0_c1', 'r0_c0', 'r0_c1', 'r0_c2', 'r0_c3', 'r0_c4', 'r1_c4', 'r2_c4', 'r3_c4', 'r4_c4')","('r4_c4->r3_c4', 'r3_c4->r2_c4', 'r2_c4->r1_c4', 'r1_c4->r0_c4', 'r0_c4->r0_c3', 'r0_c3->r0_c2', 'r0_c2->r0_c1', 'r0_c1->r0_c0', 'r0_c0->r0_c1', 'r0_c1->r0_c2', 'r0_c2->r0_c3', 'r0_c3->r0_c4', 'r0_c4->r1_c4', 'r1_c4->r2_c4', 'r2_c4->r3_c4', 'r3_c4->r4_c4')",524.0,prioritized_sipp_coordinator
1528,509.0,robot_2,wait,,(),(),509.25,prioritized_sipp_coordinator
1529,509.0,robot_3,wait,,(),(),509.25,prioritized_sipp_coordinator
1530,510.0,robot_1,continue_current_plan,task_9,"('r4_c4', 'r3_c4', 'r2_c4', 'r1_c4', 'r0_c4', 'r0_c3', 'r0_c2', 'r0_c1', 'r0_c0', 'r0_c1', 'r0_c2', 'r0_c3', 'r0_c4', 'r1_c4', 'r2_c4', 'r3_c4', 'r4_c4')","('r4_c4->r3_c4', 'r3_c4->r2_c4', 'r2_c4->r1_c4', 'r1_c4->r0_c4', 'r0_c4->r0_c3', 'r0_c3->r0_c2', 'r0_c2->r0_c1', 'r0_c1->r0_c0', 'r0_c0->r0_c1', 'r0_c1->r0_c2', 'r0_c2->r0_c3', 'r0_c3->r0_c4', 'r0_c4->r1_c4', 'r1_c4->r2_c4', 'r2_c4->r3_c4', 'r3_c4->r4_c4')",524.0,prioritized_sipp_coordinator
1531,510.0,robot_2,wait,,(),(),510.25,prioritized_sipp_coordinator
1532,510.0,robot_3,wait,,(),(),510.25,prioritized_sipp_coordinator
1533,511.0,robot_1,continue_current_plan,task_9,"('r4_c4', 'r3_c4', 'r2_c4', 'r1_c4', 'r0_c4', 'r0_c3', 'r0_c2', 'r0_c1', 'r0_c0', 'r0_c1', 'r0_c2', 'r0_c3', 'r0_c4', 'r1_c4', 'r2_c4', 'r3_c4', 'r4_c4')","('r4_c4->r3_c4', 'r3_c4->r2_c4', 'r2_c4->r1_c4', 'r1_c4->r0_c4', 'r0_c4->r0_c3', 'r0_c3->r0_c2', 'r0_c2->r0_c1', 'r0_c1->r0_c0', 'r0_c0->r0_c1', 'r0_c1->r0_c2', 'r0_c2->r0_c3', 'r0_c3->r0_c4', 'r0_c4->r1_c4', 'r1_c4->r2_c4', 'r2_c4->r3_c4', 'r3_c4->r4_c4')",524.0,prioritized_sipp_coordinator
1534,511.0,robot_2,wait,,(),(),511.25,prioritized_sipp_coordinator
1535,511.0,robot_3,wait,,(),(),511.25,prioritized_sipp_coordinator
1536,512.0,robot_1,continue_current_plan,task_9,"('r4_c4', 'r3_c4', 'r2_c4', 'r1_c4', 'r0_c4', 'r0_c3', 'r0_c2', 'r0_c1', 'r0_c0', 'r0_c1', 'r0_c2', 'r0_c3', 'r0_c4', 'r1_c4', 'r2_c4', 'r3_c4', 'r4_c4')","('r4_c4->r3_c4', 'r3_c4->r2_c4', 'r2_c4->r1_c4', 'r1_c4->r0_c4', 'r0_c4->r0_c3', 'r0_c3->r0_c2', 'r0_c2->r0_c1', 'r0_c1->r0_c0', 'r0_c0->r0_c1', 'r0_c1->r0_c2', 'r0_c2->r0_c3', 'r0_c3->r0_c4', 'r0_c4->r1_c4', 'r1_c4->r2_c4', 'r2_c4->r3_c4', 'r3_c4->r4_c4')",524.0,prioritized_sipp_coordinator
1537,512.0,robot_2,wait,,(),(),512.25,prioritized_sipp_coordinator
1538,512.0,robot_3,wait,,(),(),512.25,prioritized_sipp_coordinator
1539,513.0,robot_1,continue_current_plan,task_9,"('r4_c4', 'r3_c4', 'r2_c4', 'r1_c4', 'r0_c4', 'r0_c3', 'r0_c2', 'r0_c1', 'r0_c0', 'r0_c1', 'r0_c2', 'r0_c3', 'r0_c4', 'r1_c4', 'r2_c4', 'r3_c4', 'r4_c4')","('r4_c4->r3_c4', 'r3_c4->r2_c4', 'r2_c4->r1_c4', 'r1_c4->r0_c4', 'r0_c4->r0_c3', 'r0_c3->r0_c2', 'r0_c2->r0_c1', 'r0_c1->r0_c0', 'r0_c0->r0_c1', 'r0_c1->r0_c2', 'r0_c2->r0_c3', 'r0_c3->r0_c4', 'r0_c4->r1_c4', 'r1_c4->r2_c4', 'r2_c4->r3_c4', 'r3_c4->r4_c4')",524.0,prioritized_sipp_coordinator
1540,513.0,robot_2,wait,,(),(),513.25,prioritized_sipp_coordinator
1541,513.0,robot_3,wait,,(),(),513.25,prioritized_sipp_coordinator
1542,514.0,robot_1,continue_current_plan,task_9,"('r4_c4', 'r3_c4', 'r2_c4', 'r1_c4', 'r0_c4', 'r0_c3', 'r0_c2', 'r0_c1', 'r0_c0', 'r0_c1', 'r0_c2', 'r0_c3', 'r0_c4', 'r1_c4', 'r2_c4', 'r3_c4', 'r4_c4')","('r4_c4->r3_c4', 'r3_c4->r2_c4', 'r2_c4->r1_c4', 'r1_c4->r0_c4', 'r0_c4->r0_c3', 'r0_c3->r0_c2', 'r0_c2->r0_c1', 'r0_c1->r0_c0', 'r0_c0->r0_c1', 'r0_c1->r0_c2', 'r0_c2->r0_c3', 'r0_c3->r0_c4', 'r0_c4->r1_c4', 'r1_c4->r2_c4', 'r2_c4->r3_c4', 'r3_c4->r4_c4')",524.0,prioritized_sipp_coordinator
1543,514.0,robot_2,wait,,(),(),514.25,prioritized_sipp_coordinator
1544,514.0,robot_3,wait,,(),(),514.25,prioritized_sipp_coordinator
1545,515.0,robot_1,continue_current_plan,task_9,"('r4_c4', 'r3_c4', 'r2_c4', 'r1_c4', 'r0_c4', 'r0_c3', 'r0_c2', 'r0_c1', 'r0_c0', 'r0_c1', 'r0_c2', 'r0_c3', 'r0_c4', 'r1_c4', 'r2_c4', 'r3_c4', 'r4_c4')","('r4_c4->r3_c4', 'r3_c4->r2_c4', 'r2_c4->r1_c4', 'r1_c4->r0_c4', 'r0_c4->r0_c3', 'r0_c3->r0_c2', 'r0_c2->r0_c1', 'r0_c1->r0_c0', 'r0_c0->r0_c1', 'r0_c1->r0_c2', 'r0_c2->r0_c3', 'r0_c3->r0_c4', 'r0_c4->r1_c4', 'r1_c4->r2_c4', 'r2_c4->r3_c4', 'r3_c4->r4_c4')",524.0,prioritized_sipp_coordinator
1546,515.0,robot_2,wait,,(),(),515.25,prioritized_sipp_coordinator
1547,515.0,robot_3,wait,,(),(),515.25,prioritized_sipp_coordinator
1548,516.0,robot_1,continue_current_plan,task_9,"('r4_c4', 'r3_c4', 'r2_c4', 'r1_c4', 'r0_c4', 'r0_c3', 'r0_c2', 'r0_c1', 'r0_c0', 'r0_c1', 'r0_c2', 'r0_c3', 'r0_c4', 'r1_c4', 'r2_c4', 'r3_c4', 'r4_c4')","('r4_c4->r3_c4', 'r3_c4->r2_c4', 'r2_c4->r1_c4', 'r1_c4->r0_c4', 'r0_c4->r0_c3', 'r0_c3->r0_c2', 'r0_c2->r0_c1', 'r0_c1->r0_c0', 'r0_c0->r0_c1', 'r0_c1->r0_c2', 'r0_c2->r0_c3', 'r0_c3->r0_c4', 'r0_c4->r1_c4', 'r1_c4->r2_c4', 'r2_c4->r3_c4', 'r3_c4->r4_c4')",524.0,prioritized_sipp_coordinator
1549,516.0,robot_2,wait,,(),(),516.25,prioritized_sipp_coordinator
1550,516.0,robot_3,wait,,(),(),516.25,prioritized_sipp_coordinator
1551,517.0,robot_1,continue_current_plan,task_9,"('r4_c4', 'r3_c4', 'r2_c4', 'r1_c4', 'r0_c4', 'r0_c3', 'r0_c2', 'r0_c1', 'r0_c0', 'r0_c1', 'r0_c2', 'r0_c3', 'r0_c4', 'r1_c4', 'r2_c4', 'r3_c4', 'r4_c4')","('r4_c4->r3_c4', 'r3_c4->r2_c4', 'r2_c4->r1_c4', 'r1_c4->r0_c4', 'r0_c4->r0_c3', 'r0_c3->r0_c2', 'r0_c2->r0_c1', 'r0_c1->r0_c0', 'r0_c0->r0_c1', 'r0_c1->r0_c2', 'r0_c2->r0_c3', 'r0_c3->r0_c4', 'r0_c4->r1_c4', 'r1_c4->r2_c4', 'r2_c4->r3_c4', 'r3_c4->r4_c4')",524.0,prioritized_sipp_coordinator
1552,517.0,robot_2,wait,,(),(),517.25,prioritized_sipp_coordinator
1553,517.0,robot_3,wait,,(),(),517.25,prioritized_sipp_coordinator
1554,518.0,robot_1,continue_current_plan,task_9,"('r4_c4', 'r3_c4', 'r2_c4', 'r1_c4', 'r0_c4', 'r0_c3', 'r0_c2', 'r0_c1', 'r0_c0', 'r0_c1', 'r0_c2', 'r0_c3', 'r0_c4', 'r1_c4', 'r2_c4', 'r3_c4', 'r4_c4')","('r4_c4->r3_c4', 'r3_c4->r2_c4', 'r2_c4->r1_c4', 'r1_c4->r0_c4', 'r0_c4->r0_c3', 'r0_c3->r0_c2', 'r0_c2->r0_c1', 'r0_c1->r0_c0', 'r0_c0->r0_c1', 'r0_c1->r0_c2', 'r0_c2->r0_c3', 'r0_c3->r0_c4', 'r0_c4->r1_c4', 'r1_c4->r2_c4', 'r2_c4->r3_c4', 'r3_c4->r4_c4')",524.0,prioritized_sipp_coordinator
1555,518.0,robot_2,wait,,(),(),518.25,prioritized_sipp_coordinator
1556,518.0,robot_3,wait,,(),(),518.25,prioritized_sipp_coordinator
1557,519.0,robot_1,continue_current_plan,task_9,"('r4_c4', 'r3_c4', 'r2_c4', 'r1_c4', 'r0_c4', 'r0_c3', 'r0_c2', 'r0_c1', 'r0_c0', 'r0_c1', 'r0_c2', 'r0_c3', 'r0_c4', 'r1_c4', 'r2_c4', 'r3_c4', 'r4_c4')","('r4_c4->r3_c4', 'r3_c4->r2_c4', 'r2_c4->r1_c4', 'r1_c4->r0_c4', 'r0_c4->r0_c3', 'r0_c3->r0_c2', 'r0_c2->r0_c1', 'r0_c1->r0_c0', 'r0_c0->r0_c1', 'r0_c1->r0_c2', 'r0_c2->r0_c3', 'r0_c3->r0_c4', 'r0_c4->r1_c4', 'r1_c4->r2_c4', 'r2_c4->r3_c4', 'r3_c4->r4_c4')",524.0,prioritized_sipp_coordinator
1558,519.0,robot_2,wait,,(),(),519.25,prioritized_sipp_coordinator
1559,519.0,robot_3,wait,,(),(),519.25,prioritized_sipp_coordinator
1560,520.0,robot_1,continue_current_plan,task_9,"('r4_c4', 'r3_c4', 'r2_c4', 'r1_c4', 'r0_c4', 'r0_c3', 'r0_c2', 'r0_c1', 'r0_c0', 'r0_c1', 'r0_c2', 'r0_c3', 'r0_c4', 'r1_c4', 'r2_c4', 'r3_c4', 'r4_c4')","('r4_c4->r3_c4', 'r3_c4->r2_c4', 'r2_c4->r1_c4', 'r1_c4->r0_c4', 'r0_c4->r0_c3', 'r0_c3->r0_c2', 'r0_c2->r0_c1', 'r0_c1->r0_c0', 'r0_c0->r0_c1', 'r0_c1->r0_c2', 'r0_c2->r0_c3', 'r0_c3->r0_c4', 'r0_c4->r1_c4', 'r1_c4->r2_c4', 'r2_c4->r3_c4', 'r3_c4->r4_c4')",524.0,prioritized_sipp_coordinator
1561,520.0,robot_2,wait,,(),(),520.25,prioritized_sipp_coordinator
1562,520.0,robot_3,wait,,(),(),520.25,prioritized_sipp_coordinator
1563,521.0,robot_1,continue_current_plan,task_9,"('r4_c4', 'r3_c4', 'r2_c4', 'r1_c4', 'r0_c4', 'r0_c3', 'r0_c2', 'r0_c1', 'r0_c0', 'r0_c1', 'r0_c2', 'r0_c3', 'r0_c4', 'r1_c4', 'r2_c4', 'r3_c4', 'r4_c4')","('r4_c4->r3_c4', 'r3_c4->r2_c4', 'r2_c4->r1_c4', 'r1_c4->r0_c4', 'r0_c4->r0_c3', 'r0_c3->r0_c2', 'r0_c2->r0_c1', 'r0_c1->r0_c0', 'r0_c0->r0_c1', 'r0_c1->r0_c2', 'r0_c2->r0_c3', 'r0_c3->r0_c4', 'r0_c4->r1_c4', 'r1_c4->r2_c4', 'r2_c4->r3_c4', 'r3_c4->r4_c4')",524.0,prioritized_sipp_coordinator
1564,521.0,robot_2,wait,,(),(),521.25,prioritized_sipp_coordinator
1565,521.0,robot_3,wait,,(),(),521.25,prioritized_sipp_coordinator
1566,522.0,robot_1,continue_current_plan,task_9,"('r4_c4', 'r3_c4', 'r2_c4', 'r1_c4', 'r0_c4', 'r0_c3', 'r0_c2', 'r0_c1', 'r0_c0', 'r0_c1', 'r0_c2', 'r0_c3', 'r0_c4', 'r1_c4', 'r2_c4', 'r3_c4', 'r4_c4')","('r4_c4->r3_c4', 'r3_c4->r2_c4', 'r2_c4->r1_c4', 'r1_c4->r0_c4', 'r0_c4->r0_c3', 'r0_c3->r0_c2', 'r0_c2->r0_c1', 'r0_c1->r0_c0', 'r0_c0->r0_c1', 'r0_c1->r0_c2', 'r0_c2->r0_c3', 'r0_c3->r0_c4', 'r0_c4->r1_c4', 'r1_c4->r2_c4', 'r2_c4->r3_c4', 'r3_c4->r4_c4')",524.0,prioritized_sipp_coordinator
1567,522.0,robot_2,wait,,(),(),522.25,prioritized_sipp_coordinator
1568,522.0,robot_3,wait,,(),(),522.25,prioritized_sipp_coordinator
1569,523.0,robot_1,continue_current_plan,task_9,"('r4_c4', 'r3_c4', 'r2_c4', 'r1_c4', 'r0_c4', 'r0_c3', 'r0_c2', 'r0_c1', 'r0_c0', 'r0_c1', 'r0_c2', 'r0_c3', 'r0_c4', 'r1_c4', 'r2_c4', 'r3_c4', 'r4_c4')","('r4_c4->r3_c4', 'r3_c4->r2_c4', 'r2_c4->r1_c4', 'r1_c4->r0_c4', 'r0_c4->r0_c3', 'r0_c3->r0_c2', 'r0_c2->r0_c1', 'r0_c1->r0_c0', 'r0_c0->r0_c1', 'r0_c1->r0_c2', 'r0_c2->r0_c3', 'r0_c3->r0_c4', 'r0_c4->r1_c4', 'r1_c4->r2_c4', 'r2_c4->r3_c4', 'r3_c4->r4_c4')",524.0,prioritized_sipp_coordinator
1570,523.0,robot_2,wait,,(),(),523.25,prioritized_sipp_coordinator
1571,523.0,robot_3,wait,,(),(),523.25,prioritized_sipp_coordinator
1572,524.0,robot_1,wait,,(),(),524.25,prioritized_sipp_coordinator
1573,524.0,robot_2,wait,,(),(),524.25,prioritized_sipp_coordinator
1574,524.0,robot_3,wait,,(),(),524.25,prioritized_sipp_coordinator
1575,525.0,robot_1,wait,,(),(),525.25,prioritized_sipp_coordinator
1576,525.0,robot_2,wait,,(),(),525.25,prioritized_sipp_coordinator
1577,525.0,robot_3,wait,,(),(),525.25,prioritized_sipp_coordinator
1578,526.0,robot_1,wait,,(),(),526.25,prioritized_sipp_coordinator
1579,526.0,robot_2,wait,,(),(),526.25,prioritized_sipp_coordinator
1580,526.0,robot_3,wait,,(),(),526.25,prioritized_sipp_coordinator
1581,527.0,robot_1,wait,,(),(),527.25,prioritized_sipp_coordinator
1582,527.0,robot_2,wait,,(),(),527.25,prioritized_sipp_coordinator
1583,527.0,robot_3,wait,,(),(),527.25,prioritized_sipp_coordinator
1584,528.0,robot_1,wait,,(),(),528.25,prioritized_sipp_coordinator
1585,528.0,robot_2,wait,,(),(),528.25,prioritized_sipp_coordinator
1586,528.0,robot_3,wait,,(),(),528.25,prioritized_sipp_coordinator
1587,529.0,robot_1,wait,,(),(),529.25,prioritized_sipp_coordinator
1588,529.0,robot_2,wait,,(),(),529.25,prioritized_sipp_coordinator
1589,529.0,robot_3,wait,,(),(),529.25,prioritized_sipp_coordinator
1590,530.0,robot_1,wait,,(),(),530.25,prioritized_sipp_coordinator
1591,530.0,robot_2,wait,,(),(),530.25,prioritized_sipp_coordinator
1592,530.0,robot_3,wait,,(),(),530.25,prioritized_sipp_coordinator
1593,531.0,robot_1,wait,,(),(),531.25,prioritized_sipp_coordinator
1594,531.0,robot_2,wait,,(),(),531.25,prioritized_sipp_coordinator
1595,531.0,robot_3,wait,,(),(),531.25,prioritized_sipp_coordinator
1596,532.0,robot_1,wait,,(),(),532.25,prioritized_sipp_coordinator
1597,532.0,robot_2,wait,,(),(),532.25,prioritized_sipp_coordinator
1598,532.0,robot_3,wait,,(),(),532.25,prioritized_sipp_coordinator
1599,533.0,robot_1,wait,,(),(),533.25,prioritized_sipp_coordinator
1600,533.0,robot_2,wait,,(),(),533.25,prioritized_sipp_coordinator
1601,533.0,robot_3,wait,,(),(),533.25,prioritized_sipp_coordinator
1602,534.0,robot_1,wait,,(),(),534.25,prioritized_sipp_coordinator
1603,534.0,robot_2,wait,,(),(),534.25,prioritized_sipp_coordinator
1604,534.0,robot_3,wait,,(),(),534.25,prioritized_sipp_coordinator
1605,535.0,robot_1,wait,,(),(),535.25,prioritized_sipp_coordinator
1606,535.0,robot_2,wait,,(),(),535.25,prioritized_sipp_coordinator
1607,535.0,robot_3,wait,,(),(),535.25,prioritized_sipp_coordinator
1608,536.0,robot_1,wait,,(),(),536.25,prioritized_sipp_coordinator
1609,536.0,robot_2,wait,,(),(),536.25,prioritized_sipp_coordinator
1610,536.0,robot_3,wait,,(),(),536.25,prioritized_sipp_coordinator
1611,537.0,robot_1,wait,,(),(),537.25,prioritized_sipp_coordinator
1612,537.0,robot_2,wait,,(),(),537.25,prioritized_sipp_coordinator
1613,537.0,robot_3,wait,,(),(),537.25,prioritized_sipp_coordinator
1614,538.0,robot_1,wait,,(),(),538.25,prioritized_sipp_coordinator
1615,538.0,robot_2,wait,,(),(),538.25,prioritized_sipp_coordinator
1616,538.0,robot_3,wait,,(),(),538.25,prioritized_sipp_coordinator
1617,539.0,robot_1,wait,,(),(),539.25,prioritized_sipp_coordinator
1618,539.0,robot_2,wait,,(),(),539.25,prioritized_sipp_coordinator
1619,539.0,robot_3,wait,,(),(),539.25,prioritized_sipp_coordinator
1620,540.0,robot_1,wait,,(),(),540.25,prioritized_sipp_coordinator
1621,540.0,robot_2,wait,,(),(),540.25,prioritized_sipp_coordinator
1622,540.0,robot_3,wait,,(),(),540.25,prioritized_sipp_coordinator
1623,541.0,robot_1,wait,,(),(),541.25,prioritized_sipp_coordinator
1624,541.0,robot_2,wait,,(),(),541.25,prioritized_sipp_coordinator
1625,541.0,robot_3,wait,,(),(),541.25,prioritized_sipp_coordinator
1626,542.0,robot_1,wait,,(),(),542.25,prioritized_sipp_coordinator
1627,542.0,robot_2,wait,,(),(),542.25,prioritized_sipp_coordinator
1628,542.0,robot_3,wait,,(),(),542.25,prioritized_sipp_coordinator
1629,543.0,robot_1,wait,,(),(),543.25,prioritized_sipp_coordinator
1630,543.0,robot_2,wait,,(),(),543.25,prioritized_sipp_coordinator
1631,543.0,robot_3,wait,,(),(),543.25,prioritized_sipp_coordinator
1632,544.0,robot_1,wait,,(),(),544.25,prioritized_sipp_coordinator
1633,544.0,robot_2,wait,,(),(),544.25,prioritized_sipp_coordinator
1634,544.0,robot_3,wait,,(),(),544.25,prioritized_sipp_coordinator
1635,545.0,robot_1,wait,,(),(),545.25,prioritized_sipp_coordinator
1636,545.0,robot_2,wait,,(),(),545.25,prioritized_sipp_coordinator
1637,545.0,robot_3,wait,,(),(),545.25,prioritized_sipp_coordinator
1638,546.0,robot_1,wait,,(),(),546.25,prioritized_sipp_coordinator
1639,546.0,robot_2,wait,,(),(),546.25,prioritized_sipp_coordinator
1640,546.0,robot_3,wait,,(),(),546.25,prioritized_sipp_coordinator
1641,547.0,robot_1,wait,,(),(),547.25,prioritized_sipp_coordinator
1642,547.0,robot_2,wait,,(),(),547.25,prioritized_sipp_coordinator
1643,547.0,robot_3,wait,,(),(),547.25,prioritized_sipp_coordinator
1644,548.0,robot_1,wait,,(),(),548.25,prioritized_sipp_coordinator
1645,548.0,robot_2,wait,,(),(),548.25,prioritized_sipp_coordinator
1646,548.0,robot_3,wait,,(),(),548.25,prioritized_sipp_coordinator
1647,549.0,robot_1,wait,,(),(),549.25,prioritized_sipp_coordinator
1648,549.0,robot_2,wait,,(),(),549.25,prioritized_sipp_coordinator
1649,549.0,robot_3,wait,,(),(),549.25,prioritized_sipp_coordinator
1650,550.0,robot_1,wait,,(),(),550.25,prioritized_sipp_coordinator
1651,550.0,robot_2,wait,,(),(),550.25,prioritized_sipp_coordinator
1652,550.0,robot_3,wait,,(),(),550.25,prioritized_sipp_coordinator
1653,551.0,robot_1,wait,,(),(),551.25,prioritized_sipp_coordinator
1654,551.0,robot_2,wait,,(),(),551.25,prioritized_sipp_coordinator
1655,551.0,robot_3,wait,,(),(),551.25,prioritized_sipp_coordinator
1656,552.0,robot_1,wait,,(),(),552.25,prioritized_sipp_coordinator
1657,552.0,robot_2,wait,,(),(),552.25,prioritized_sipp_coordinator
1658,552.0,robot_3,wait,,(),(),552.25,prioritized_sipp_coordinator
1659,553.0,robot_1,wait,,(),(),553.25,prioritized_sipp_coordinator
1660,553.0,robot_2,wait,,(),(),553.25,prioritized_sipp_coordinator
1661,553.0,robot_3,wait,,(),(),553.25,prioritized_sipp_coordinator
1662,554.0,robot_1,wait,,(),(),554.25,prioritized_sipp_coordinator
1663,554.0,robot_2,wait,,(),(),554.25,prioritized_sipp_coordinator
1664,554.0,robot_3,wait,,(),(),554.25,prioritized_sipp_coordinator
1665,555.0,robot_1,wait,,(),(),555.25,prioritized_sipp_coordinator
1666,555.0,robot_2,wait,,(),(),555.25,prioritized_sipp_coordinator
1667,555.0,robot_3,wait,,(),(),555.25,prioritized_sipp_coordinator
1668,556.0,robot_1,wait,,(),(),556.25,prioritized_sipp_coordinator
1669,556.0,robot_2,wait,,(),(),556.25,prioritized_sipp_coordinator
1670,556.0,robot_3,wait,,(),(),556.25,prioritized_sipp_coordinator
1671,557.0,robot_1,wait,,(),(),557.25,prioritized_sipp_coordinator
1672,557.0,robot_2,wait,,(),(),557.25,prioritized_sipp_coordinator
1673,557.0,robot_3,wait,,(),(),557.25,prioritized_sipp_coordinator
1674,558.0,robot_1,wait,,(),(),558.25,prioritized_sipp_coordinator
1675,558.0,robot_2,wait,,(),(),558.25,prioritized_sipp_coordinator
1676,558.0,robot_3,wait,,(),(),558.25,prioritized_sipp_coordinator
1677,559.0,robot_1,wait,,(),(),559.25,prioritized_sipp_coordinator
1678,559.0,robot_2,wait,,(),(),559.25,prioritized_sipp_coordinator
1679,559.0,robot_3,wait,,(),(),559.25,prioritized_sipp_coordinator
1680,560.0,robot_1,wait,,(),(),560.25,prioritized_sipp_coordinator
1681,560.0,robot_2,wait,,(),(),560.25,prioritized_sipp_coordinator
1682,560.0,robot_3,wait,,(),(),560.25,prioritized_sipp_coordinator
1683,561.0,robot_1,wait,,(),(),561.25,prioritized_sipp_coordinator
1684,561.0,robot_2,wait,,(),(),561.25,prioritized_sipp_coordinator
1685,561.0,robot_3,wait,,(),(),561.25,prioritized_sipp_coordinator
1686,562.0,robot_1,wait,,(),(),562.25,prioritized_sipp_coordinator
1687,562.0,robot_2,wait,,(),(),562.25,prioritized_sipp_coordinator
1688,562.0,robot_3,wait,,(),(),562.25,prioritized_sipp_coordinator
1689,563.0,robot_1,wait,,(),(),563.25,prioritized_sipp_coordinator
1690,563.0,robot_2,wait,,(),(),563.25,prioritized_sipp_coordinator
1691,563.0,robot_3,wait,,(),(),563.25,prioritized_sipp_coordinator
1692,564.0,robot_1,wait,,(),(),564.25,prioritized_sipp_coordinator
1693,564.0,robot_2,wait,,(),(),564.25,prioritized_sipp_coordinator
1694,564.0,robot_3,wait,,(),(),564.25,prioritized_sipp_coordinator
1695,565.0,robot_1,wait,,(),(),565.25,prioritized_sipp_coordinator
1696,565.0,robot_2,wait,,(),(),565.25,prioritized_sipp_coordinator
1697,565.0,robot_3,wait,,(),(),565.25,prioritized_sipp_coordinator
1698,566.0,robot_1,wait,,(),(),566.25,prioritized_sipp_coordinator
1699,566.0,robot_2,wait,,(),(),566.25,prioritized_sipp_coordinator
1700,566.0,robot_3,wait,,(),(),566.25,prioritized_sipp_coordinator
1701,567.0,robot_1,wait,,(),(),567.25,prioritized_sipp_coordinator
1702,567.0,robot_2,wait,,(),(),567.25,prioritized_sipp_coordinator
1703,567.0,robot_3,wait,,(),(),567.25,prioritized_sipp_coordinator
1704,568.0,robot_1,wait,,(),(),568.25,prioritized_sipp_coordinator
1705,568.0,robot_2,wait,,(),(),568.25,prioritized_sipp_coordinator
1706,568.0,robot_3,wait,,(),(),568.25,prioritized_sipp_coordinator
1707,569.0,robot_1,wait,,(),(),569.25,prioritized_sipp_coordinator
1708,569.0,robot_2,wait,,(),(),569.25,prioritized_sipp_coordinator
1709,569.0,robot_3,wait,,(),(),569.25,prioritized_sipp_coordinator
1710,570.0,robot_1,wait,,(),(),570.25,prioritized_sipp_coordinator
1711,570.0,robot_2,wait,,(),(),570.25,prioritized_sipp_coordinator
1712,570.0,robot_3,wait,,(),(),570.25,prioritized_sipp_coordinator
1713,571.0,robot_1,wait,,(),(),571.25,prioritized_sipp_coordinator
1714,571.0,robot_2,wait,,(),(),571.25,prioritized_sipp_coordinator
1715,571.0,robot_3,wait,,(),(),571.25,prioritized_sipp_coordinator
1716,572.0,robot_1,wait,,(),(),572.25,prioritized_sipp_coordinator
1717,572.0,robot_2,wait,,(),(),572.25,prioritized_sipp_coordinator
1718,572.0,robot_3,wait,,(),(),572.25,prioritized_sipp_coordinator
1719,573.0,robot_1,wait,,(),(),573.25,prioritized_sipp_coordinator
1720,573.0,robot_2,wait,,(),(),573.25,prioritized_sipp_coordinator
1721,573.0,robot_3,wait,,(),(),573.25,prioritized_sipp_coordinator
1722,574.0,robot_1,wait,,(),(),574.25,prioritized_sipp_coordinator
1723,574.0,robot_2,wait,,(),(),574.25,prioritized_sipp_coordinator
1724,574.0,robot_3,wait,,(),(),574.25,prioritized_sipp_coordinator
1725,575.0,robot_1,wait,,(),(),575.25,prioritized_sipp_coordinator
1726,575.0,robot_2,wait,,(),(),575.25,prioritized_sipp_coordinator
1727,575.0,robot_3,wait,,(),(),575.25,prioritized_sipp_coordinator
1728,576.0,robot_1,wait,,(),(),576.25,prioritized_sipp_coordinator
1729,576.0,robot_2,wait,,(),(),576.25,prioritized_sipp_coordinator
1730,576.0,robot_3,wait,,(),(),576.25,prioritized_sipp_coordinator
1731,577.0,robot_1,wait,,(),(),577.25,prioritized_sipp_coordinator
1732,577.0,robot_2,wait,,(),(),577.25,prioritized_sipp_coordinator
1733,577.0,robot_3,wait,,(),(),577.25,prioritized_sipp_coordinator
1734,578.0,robot_1,wait,,(),(),578.25,prioritized_sipp_coordinator
1735,578.0,robot_2,wait,,(),(),578.25,prioritized_sipp_coordinator
1736,578.0,robot_3,wait,,(),(),578.25,prioritized_sipp_coordinator
1737,579.0,robot_1,wait,,(),(),579.25,prioritized_sipp_coordinator
1738,579.0,robot_2,wait,,(),(),579.25,prioritized_sipp_coordinator
1739,579.0,robot_3,wait,,(),(),579.25,prioritized_sipp_coordinator
1740,580.0,robot_1,wait,,(),(),580.25,prioritized_sipp_coordinator
1741,580.0,robot_2,wait,,(),(),580.25,prioritized_sipp_coordinator
1742,580.0,robot_3,wait,,(),(),580.25,prioritized_sipp_coordinator
1743,581.0,robot_1,wait,,(),(),581.25,prioritized_sipp_coordinator
1744,581.0,robot_2,wait,,(),(),581.25,prioritized_sipp_coordinator
1745,581.0,robot_3,wait,,(),(),581.25,prioritized_sipp_coordinator
1746,582.0,robot_1,wait,,(),(),582.25,prioritized_sipp_coordinator
1747,582.0,robot_2,wait,,(),(),582.25,prioritized_sipp_coordinator
1748,582.0,robot_3,wait,,(),(),582.25,prioritized_sipp_coordinator
1749,583.0,robot_1,wait,,(),(),583.25,prioritized_sipp_coordinator
1750,583.0,robot_2,wait,,(),(),583.25,prioritized_sipp_coordinator
1751,583.0,robot_3,wait,,(),(),583.25,prioritized_sipp_coordinator
1752,584.0,robot_1,wait,,(),(),584.25,prioritized_sipp_coordinator
1753,584.0,robot_2,wait,,(),(),584.25,prioritized_sipp_coordinator
1754,584.0,robot_3,wait,,(),(),584.25,prioritized_sipp_coordinator
1755,585.0,robot_1,wait,,(),(),585.25,prioritized_sipp_coordinator
1756,585.0,robot_2,wait,,(),(),585.25,prioritized_sipp_coordinator
1757,585.0,robot_3,wait,,(),(),585.25,prioritized_sipp_coordinator
1758,586.0,robot_1,wait,,(),(),586.25,prioritized_sipp_coordinator
1759,586.0,robot_2,wait,,(),(),586.25,prioritized_sipp_coordinator
1760,586.0,robot_3,wait,,(),(),586.25,prioritized_sipp_coordinator
1761,587.0,robot_1,wait,,(),(),587.25,prioritized_sipp_coordinator
1762,587.0,robot_2,wait,,(),(),587.25,prioritized_sipp_coordinator
1763,587.0,robot_3,wait,,(),(),587.25,prioritized_sipp_coordinator
1764,588.0,robot_1,wait,,(),(),588.25,prioritized_sipp_coordinator
1765,588.0,robot_2,wait,,(),(),588.25,prioritized_sipp_coordinator
1766,588.0,robot_3,wait,,(),(),588.25,prioritized_sipp_coordinator
1767,589.0,robot_1,wait,,(),(),589.25,prioritized_sipp_coordinator
1768,589.0,robot_2,wait,,(),(),589.25,prioritized_sipp_coordinator
1769,589.0,robot_3,wait,,(),(),589.25,prioritized_sipp_coordinator
1770,590.0,robot_1,wait,,(),(),590.25,prioritized_sipp_coordinator
1771,590.0,robot_2,wait,,(),(),590.25,prioritized_sipp_coordinator
1772,590.0,robot_3,wait,,(),(),590.25,prioritized_sipp_coordinator
1773,591.0,robot_1,wait,,(),(),591.25,prioritized_sipp_coordinator
1774,591.0,robot_2,wait,,(),(),591.25,prioritized_sipp_coordinator
1775,591.0,robot_3,wait,,(),(),591.25,prioritized_sipp_coordinator
1776,592.0,robot_1,wait,,(),(),592.25,prioritized_sipp_coordinator
1777,592.0,robot_2,wait,,(),(),592.25,prioritized_sipp_coordinator
1778,592.0,robot_3,wait,,(),(),592.25,prioritized_sipp_coordinator
1779,593.0,robot_1,wait,,(),(),593.25,prioritized_sipp_coordinator
1780,593.0,robot_2,wait,,(),(),593.25,prioritized_sipp_coordinator
1781,593.0,robot_3,wait,,(),(),593.25,prioritized_sipp_coordinator
1782,594.0,robot_1,wait,,(),(),594.25,prioritized_sipp_coordinator
1783,594.0,robot_2,wait,,(),(),594.25,prioritized_sipp_coordinator
1784,594.0,robot_3,wait,,(),(),594.25,prioritized_sipp_coordinator
1785,595.0,robot_1,wait,,(),(),595.25,prioritized_sipp_coordinator
1786,595.0,robot_2,wait,,(),(),595.25,prioritized_sipp_coordinator
1787,595.0,robot_3,wait,,(),(),595.25,prioritized_sipp_coordinator
1788,596.0,robot_1,wait,,(),(),596.25,prioritized_sipp_coordinator
1789,596.0,robot_2,wait,,(),(),596.25,prioritized_sipp_coordinator
1790,596.0,robot_3,wait,,(),(),596.25,prioritized_sipp_coordinator
1791,597.0,robot_1,wait,,(),(),597.25,prioritized_sipp_coordinator
1792,597.0,robot_2,wait,,(),(),597.25,prioritized_sipp_coordinator
1793,597.0,robot_3,wait,,(),(),597.25,prioritized_sipp_coordinator
1794,598.0,robot_1,wait,,(),(),598.25,prioritized_sipp_coordinator
1795,598.0,robot_2,wait,,(),(),598.25,prioritized_sipp_coordinator
1796,598.0,robot_3,wait,,(),(),598.25,prioritized_sipp_coordinator
1797,599.0,robot_1,wait,,(),(),599.25,prioritized_sipp_coordinator
1798,599.0,robot_2,wait,,(),(),599.25,prioritized_sipp_coordinator
1799,599.0,robot_3,wait,,(),(),599.25,prioritized_sipp_coordinator
1800,600.0,robot_1,wait,,(),(),600.25,prioritized_sipp_coordinator
1801,600.0,robot_2,wait,,(),(),600.25,prioritized_sipp_coordinator
1802,600.0,robot_3,wait,,(),(),600.25,prioritized_sipp_coordinator
1803,601.0,robot_1,task_route,task_10,"('r4_c4', 'r3_c4', 'r2_c4', 'r1_c4', 'r0_c4', 'r0_c3', 'r0_c2', 'r0_c1', 'r0_c0', 'r0_c1', 'r0_c2', 'r0_c3', 'r0_c4', 'r1_c4', 'r2_c4', 'r3_c4', 'r4_c4')","('r4_c4->r3_c4', 'r3_c4->r2_c4', 'r2_c4->r1_c4', 'r1_c4->r0_c4', 'r0_c4->r0_c3', 'r0_c3->r0_c2', 'r0_c2->r0_c1', 'r0_c1->r0_c0', 'r0_c0->r0_c1', 'r0_c1->r0_c2', 'r0_c2->r0_c3', 'r0_c3->r0_c4', 'r0_c4->r1_c4', 'r1_c4->r2_c4', 'r2_c4->r3_c4', 'r3_c4->r4_c4')",16.0,prioritized_sipp_coordinator
1804,601.0,robot_2,wait,,(),(),601.25,prioritized_sipp_coordinator
1805,601.0,robot_3,wait,,(),(),601.25,prioritized_sipp_coordinator
1806,602.0,robot_1,continue_current_plan,task_10,"('r4_c4', 'r3_c4', 'r2_c4', 'r1_c4', 'r0_c4', 'r0_c3', 'r0_c2', 'r0_c1', 'r0_c0', 'r0_c1', 'r0_c2', 'r0_c3', 'r0_c4', 'r1_c4', 'r2_c4', 'r3_c4', 'r4_c4')","('r4_c4->r3_c4', 'r3_c4->r2_c4', 'r2_c4->r1_c4', 'r1_c4->r0_c4', 'r0_c4->r0_c3', 'r0_c3->r0_c2', 'r0_c2->r0_c1', 'r0_c1->r0_c0', 'r0_c0->r0_c1', 'r0_c1->r0_c2', 'r0_c2->r0_c3', 'r0_c3->r0_c4', 'r0_c4->r1_c4', 'r1_c4->r2_c4', 'r2_c4->r3_c4', 'r3_c4->r4_c4')",637.0,prioritized_sipp_coordinator
1807,602.0,robot_2,task_route,task_11,"('r4_c4', 'r3_c4', 'r2_c4', 'r1_c4', 'r0_c4', 'r0_c3', 'r0_c2', 'r0_c1', 'r0_c0', 'r0_c1', 'r0_c2', 'r0_c3', 'r0_c4', 'r1_c4', 'r2_c4', 'r3_c4', 'r4_c4')","('r4_c4->r3_c4', 'r3_c4->r2_c4', 'r2_c4->r1_c4', 'r1_c4->r0_c4', 'r0_c4->r0_c3', 'r0_c3->r0_c2', 'r0_c2->r0_c1', 'r0_c1->r0_c0', 'r0_c0->r0_c1', 'r0_c1->r0_c2', 'r0_c2->r0_c3', 'r0_c3->r0_c4', 'r0_c4->r1_c4', 'r1_c4->r2_c4', 'r2_c4->r3_c4', 'r3_c4->r4_c4')",16.0,prioritized_sipp_coordinator
1808,602.0,robot_3,wait,,(),(),602.25,prioritized_sipp_coordinator
1809,603.0,robot_1,continue_current_plan,task_10,"('r4_c4', 'r3_c4', 'r2_c4', 'r1_c4', 'r0_c4', 'r0_c3', 'r0_c2', 'r0_c1', 'r0_c0', 'r0_c1', 'r0_c2', 'r0_c3', 'r0_c4', 'r1_c4', 'r2_c4', 'r3_c4', 'r4_c4')","('r4_c4->r3_c4', 'r3_c4->r2_c4', 'r2_c4->r1_c4', 'r1_c4->r0_c4', 'r0_c4->r0_c3', 'r0_c3->r0_c2', 'r0_c2->r0_c1', 'r0_c1->r0_c0', 'r0_c0->r0_c1', 'r0_c1->r0_c2', 'r0_c2->r0_c3', 'r0_c3->r0_c4', 'r0_c4->r1_c4', 'r1_c4->r2_c4', 'r2_c4->r3_c4', 'r3_c4->r4_c4')",637.0,prioritized_sipp_coordinator
1810,603.0,robot_2,continue_current_plan,task_11,"('r4_c4', 'r3_c4', 'r2_c4', 'r1_c4', 'r0_c4', 'r0_c3', 'r0_c2', 'r0_c1', 'r0_c0', 'r0_c1', 'r0_c2', 'r0_c3', 'r0_c4', 'r1_c4', 'r2_c4', 'r3_c4', 'r4_c4')","('r4_c4->r3_c4', 'r3_c4->r2_c4', 'r2_c4->r1_c4', 'r1_c4->r0_c4', 'r0_c4->r0_c3', 'r0_c3->r0_c2', 'r0_c2->r0_c1', 'r0_c1->r0_c0', 'r0_c0->r0_c1', 'r0_c1->r0_c2', 'r0_c2->r0_c3', 'r0_c3->r0_c4', 'r0_c4->r1_c4', 'r1_c4->r2_c4', 'r2_c4->r3_c4', 'r3_c4->r4_c4')",638.0,prioritized_sipp_coordinator
1811,603.0,robot_3,wait,,(),(),603.25,prioritized_sipp_coordinator
1812,604.0,robot_1,continue_current_plan,task_10,"('r4_c4', 'r3_c4', 'r2_c4', 'r1_c4', 'r0_c4', 'r0_c3', 'r0_c2', 'r0_c1', 'r0_c0', 'r0_c1', 'r0_c2', 'r0_c3', 'r0_c4', 'r1_c4', 'r2_c4', 'r3_c4', 'r4_c4')","('r4_c4->r3_c4', 'r3_c4->r2_c4', 'r2_c4->r1_c4', 'r1_c4->r0_c4', 'r0_c4->r0_c3', 'r0_c3->r0_c2', 'r0_c2->r0_c1', 'r0_c1->r0_c0', 'r0_c0->r0_c1', 'r0_c1->r0_c2', 'r0_c2->r0_c3', 'r0_c3->r0_c4', 'r0_c4->r1_c4', 'r1_c4->r2_c4', 'r2_c4->r3_c4', 'r3_c4->r4_c4')",637.0,prioritized_sipp_coordinator
1813,604.0,robot_2,continue_current_plan,task_11,"('r4_c4', 'r3_c4', 'r2_c4', 'r1_c4', 'r0_c4', 'r0_c3', 'r0_c2', 'r0_c1', 'r0_c0', 'r0_c1', 'r0_c2', 'r0_c3', 'r0_c4', 'r1_c4', 'r2_c4', 'r3_c4', 'r4_c4')","('r4_c4->r3_c4', 'r3_c4->r2_c4', 'r2_c4->r1_c4', 'r1_c4->r0_c4', 'r0_c4->r0_c3', 'r0_c3->r0_c2', 'r0_c2->r0_c1', 'r0_c1->r0_c0', 'r0_c0->r0_c1', 'r0_c1->r0_c2', 'r0_c2->r0_c3', 'r0_c3->r0_c4', 'r0_c4->r1_c4', 'r1_c4->r2_c4', 'r2_c4->r3_c4', 'r3_c4->r4_c4')",638.0,prioritized_sipp_coordinator
1814,604.0,robot_3,wait,,(),(),604.25,prioritized_sipp_coordinator
1815,605.0,robot_1,continue_current_plan,task_10,"('r4_c4', 'r3_c4', 'r2_c4', 'r1_c4', 'r0_c4', 'r0_c3', 'r0_c2', 'r0_c1', 'r0_c0', 'r0_c1', 'r0_c2', 'r0_c3', 'r0_c4', 'r1_c4', 'r2_c4', 'r3_c4', 'r4_c4')","('r4_c4->r3_c4', 'r3_c4->r2_c4', 'r2_c4->r1_c4', 'r1_c4->r0_c4', 'r0_c4->r0_c3', 'r0_c3->r0_c2', 'r0_c2->r0_c1', 'r0_c1->r0_c0', 'r0_c0->r0_c1', 'r0_c1->r0_c2', 'r0_c2->r0_c3', 'r0_c3->r0_c4', 'r0_c4->r1_c4', 'r1_c4->r2_c4', 'r2_c4->r3_c4', 'r3_c4->r4_c4')",637.0,prioritized_sipp_coordinator
1816,605.0,robot_2,continue_current_plan,task_11,"('r4_c4', 'r3_c4', 'r2_c4', 'r1_c4', 'r0_c4', 'r0_c3', 'r0_c2', 'r0_c1', 'r0_c0', 'r0_c1', 'r0_c2', 'r0_c3', 'r0_c4', 'r1_c4', 'r2_c4', 'r3_c4', 'r4_c4')","('r4_c4->r3_c4', 'r3_c4->r2_c4', 'r2_c4->r1_c4', 'r1_c4->r0_c4', 'r0_c4->r0_c3', 'r0_c3->r0_c2', 'r0_c2->r0_c1', 'r0_c1->r0_c0', 'r0_c0->r0_c1', 'r0_c1->r0_c2', 'r0_c2->r0_c3', 'r0_c3->r0_c4', 'r0_c4->r1_c4', 'r1_c4->r2_c4', 'r2_c4->r3_c4', 'r3_c4->r4_c4')",638.0,prioritized_sipp_coordinator
1817,605.0,robot_3,wait,,(),(),605.25,prioritized_sipp_coordinator
1818,606.0,robot_1,continue_current_plan,task_10,"('r4_c4', 'r3_c4', 'r2_c4', 'r1_c4', 'r0_c4', 'r0_c3', 'r0_c2', 'r0_c1', 'r0_c0', 'r0_c1', 'r0_c2', 'r0_c3', 'r0_c4', 'r1_c4', 'r2_c4', 'r3_c4', 'r4_c4')","('r4_c4->r3_c4', 'r3_c4->r2_c4', 'r2_c4->r1_c4', 'r1_c4->r0_c4', 'r0_c4->r0_c3', 'r0_c3->r0_c2', 'r0_c2->r0_c1', 'r0_c1->r0_c0', 'r0_c0->r0_c1', 'r0_c1->r0_c2', 'r0_c2->r0_c3', 'r0_c3->r0_c4', 'r0_c4->r1_c4', 'r1_c4->r2_c4', 'r2_c4->r3_c4', 'r3_c4->r4_c4')",637.0,prioritized_sipp_coordinator
1819,606.0,robot_2,continue_current_plan,task_11,"('r4_c4', 'r3_c4', 'r2_c4', 'r1_c4', 'r0_c4', 'r0_c3', 'r0_c2', 'r0_c1', 'r0_c0', 'r0_c1', 'r0_c2', 'r0_c3', 'r0_c4', 'r1_c4', 'r2_c4', 'r3_c4', 'r4_c4')","('r4_c4->r3_c4', 'r3_c4->r2_c4', 'r2_c4->r1_c4', 'r1_c4->r0_c4', 'r0_c4->r0_c3', 'r0_c3->r0_c2', 'r0_c2->r0_c1', 'r0_c1->r0_c0', 'r0_c0->r0_c1', 'r0_c1->r0_c2', 'r0_c2->r0_c3', 'r0_c3->r0_c4', 'r0_c4->r1_c4', 'r1_c4->r2_c4', 'r2_c4->r3_c4', 'r3_c4->r4_c4')",638.0,prioritized_sipp_coordinator
1820,606.0,robot_3,wait,,(),(),606.25,prioritized_sipp_coordinator
1821,607.0,robot_1,continue_current_plan,task_10,"('r4_c4', 'r3_c4', 'r2_c4', 'r1_c4', 'r0_c4', 'r0_c3', 'r0_c2', 'r0_c1', 'r0_c0', 'r0_c1', 'r0_c2', 'r0_c3', 'r0_c4', 'r1_c4', 'r2_c4', 'r3_c4', 'r4_c4')","('r4_c4->r3_c4', 'r3_c4->r2_c4', 'r2_c4->r1_c4', 'r1_c4->r0_c4', 'r0_c4->r0_c3', 'r0_c3->r0_c2', 'r0_c2->r0_c1', 'r0_c1->r0_c0', 'r0_c0->r0_c1', 'r0_c1->r0_c2', 'r0_c2->r0_c3', 'r0_c3->r0_c4', 'r0_c4->r1_c4', 'r1_c4->r2_c4', 'r2_c4->r3_c4', 'r3_c4->r4_c4')",637.0,prioritized_sipp_coordinator
1822,607.0,robot_2,continue_current_plan,task_11,"('r4_c4', 'r3_c4', 'r2_c4', 'r1_c4', 'r0_c4', 'r0_c3', 'r0_c2', 'r0_c1', 'r0_c0', 'r0_c1', 'r0_c2', 'r0_c3', 'r0_c4', 'r1_c4', 'r2_c4', 'r3_c4', 'r4_c4')","('r4_c4->r3_c4', 'r3_c4->r2_c4', 'r2_c4->r1_c4', 'r1_c4->r0_c4', 'r0_c4->r0_c3', 'r0_c3->r0_c2', 'r0_c2->r0_c1', 'r0_c1->r0_c0', 'r0_c0->r0_c1', 'r0_c1->r0_c2', 'r0_c2->r0_c3', 'r0_c3->r0_c4', 'r0_c4->r1_c4', 'r1_c4->r2_c4', 'r2_c4->r3_c4', 'r3_c4->r4_c4')",638.0,prioritized_sipp_coordinator
1823,607.0,robot_3,wait,,(),(),607.25,prioritized_sipp_coordinator
1824,608.0,robot_1,continue_current_plan,task_10,"('r4_c4', 'r3_c4', 'r2_c4', 'r1_c4', 'r0_c4', 'r0_c3', 'r0_c2', 'r0_c1', 'r0_c0', 'r0_c1', 'r0_c2', 'r0_c3', 'r0_c4', 'r1_c4', 'r2_c4', 'r3_c4', 'r4_c4')","('r4_c4->r3_c4', 'r3_c4->r2_c4', 'r2_c4->r1_c4', 'r1_c4->r0_c4', 'r0_c4->r0_c3', 'r0_c3->r0_c2', 'r0_c2->r0_c1', 'r0_c1->r0_c0', 'r0_c0->r0_c1', 'r0_c1->r0_c2', 'r0_c2->r0_c3', 'r0_c3->r0_c4', 'r0_c4->r1_c4', 'r1_c4->r2_c4', 'r2_c4->r3_c4', 'r3_c4->r4_c4')",637.0,prioritized_sipp_coordinator
1825,608.0,robot_2,continue_current_plan,task_11,"('r4_c4', 'r3_c4', 'r2_c4', 'r1_c4', 'r0_c4', 'r0_c3', 'r0_c2', 'r0_c1', 'r0_c0', 'r0_c1', 'r0_c2', 'r0_c3', 'r0_c4', 'r1_c4', 'r2_c4', 'r3_c4', 'r4_c4')","('r4_c4->r3_c4', 'r3_c4->r2_c4', 'r2_c4->r1_c4', 'r1_c4->r0_c4', 'r0_c4->r0_c3', 'r0_c3->r0_c2', 'r0_c2->r0_c1', 'r0_c1->r0_c0', 'r0_c0->r0_c1', 'r0_c1->r0_c2', 'r0_c2->r0_c3', 'r0_c3->r0_c4', 'r0_c4->r1_c4', 'r1_c4->r2_c4', 'r2_c4->r3_c4', 'r3_c4->r4_c4')",638.0,prioritized_sipp_coordinator
1826,608.0,robot_3,wait,,(),(),608.25,prioritized_sipp_coordinator
1827,609.0,robot_1,continue_current_plan,task_10,"('r4_c4', 'r3_c4', 'r2_c4', 'r1_c4', 'r0_c4', 'r0_c3', 'r0_c2', 'r0_c1', 'r0_c0', 'r0_c1', 'r0_c2', 'r0_c3', 'r0_c4', 'r1_c4', 'r2_c4', 'r3_c4', 'r4_c4')","('r4_c4->r3_c4', 'r3_c4->r2_c4', 'r2_c4->r1_c4', 'r1_c4->r0_c4', 'r0_c4->r0_c3', 'r0_c3->r0_c2', 'r0_c2->r0_c1', 'r0_c1->r0_c0', 'r0_c0->r0_c1', 'r0_c1->r0_c2', 'r0_c2->r0_c3', 'r0_c3->r0_c4', 'r0_c4->r1_c4', 'r1_c4->r2_c4', 'r2_c4->r3_c4', 'r3_c4->r4_c4')",637.0,prioritized_sipp_coordinator
1828,609.0,robot_2,continue_current_plan,task_11,"('r4_c4', 'r3_c4', 'r2_c4', 'r1_c4', 'r0_c4', 'r0_c3', 'r0_c2', 'r0_c1', 'r0_c0', 'r0_c1', 'r0_c2', 'r0_c3', 'r0_c4', 'r1_c4', 'r2_c4', 'r3_c4', 'r4_c4')","('r4_c4->r3_c4', 'r3_c4->r2_c4', 'r2_c4->r1_c4', 'r1_c4->r0_c4', 'r0_c4->r0_c3', 'r0_c3->r0_c2', 'r0_c2->r0_c1', 'r0_c1->r0_c0', 'r0_c0->r0_c1', 'r0_c1->r0_c2', 'r0_c2->r0_c3', 'r0_c3->r0_c4', 'r0_c4->r1_c4', 'r1_c4->r2_c4', 'r2_c4->r3_c4', 'r3_c4->r4_c4')",638.0,prioritized_sipp_coordinator
1829,609.0,robot_3,wait,,(),(),609.25,prioritized_sipp_coordinator
1830,610.0,robot_1,continue_current_plan,task_10,"('r4_c4', 'r3_c4', 'r2_c4', 'r1_c4', 'r0_c4', 'r0_c3', 'r0_c2', 'r0_c1', 'r0_c0', 'r0_c1', 'r0_c2', 'r0_c3', 'r0_c4', 'r1_c4', 'r2_c4', 'r3_c4', 'r4_c4')","('r4_c4->r3_c4', 'r3_c4->r2_c4', 'r2_c4->r1_c4', 'r1_c4->r0_c4', 'r0_c4->r0_c3', 'r0_c3->r0_c2', 'r0_c2->r0_c1', 'r0_c1->r0_c0', 'r0_c0->r0_c1', 'r0_c1->r0_c2', 'r0_c2->r0_c3', 'r0_c3->r0_c4', 'r0_c4->r1_c4', 'r1_c4->r2_c4', 'r2_c4->r3_c4', 'r3_c4->r4_c4')",637.0,prioritized_sipp_coordinator
1831,610.0,robot_2,continue_current_plan,task_11,"('r4_c4', 'r3_c4', 'r2_c4', 'r1_c4', 'r0_c4', 'r0_c3', 'r0_c2', 'r0_c1', 'r0_c0', 'r0_c1', 'r0_c2', 'r0_c3', 'r0_c4', 'r1_c4', 'r2_c4', 'r3_c4', 'r4_c4')","('r4_c4->r3_c4', 'r3_c4->r2_c4', 'r2_c4->r1_c4', 'r1_c4->r0_c4', 'r0_c4->r0_c3', 'r0_c3->r0_c2', 'r0_c2->r0_c1', 'r0_c1->r0_c0', 'r0_c0->r0_c1', 'r0_c1->r0_c2', 'r0_c2->r0_c3', 'r0_c3->r0_c4', 'r0_c4->r1_c4', 'r1_c4->r2_c4', 'r2_c4->r3_c4', 'r3_c4->r4_c4')",638.0,prioritized_sipp_coordinator
1832,610.0,robot_3,wait,,(),(),610.25,prioritized_sipp_coordinator
1833,611.0,robot_1,continue_current_plan,task_10,"('r4_c4', 'r3_c4', 'r2_c4', 'r1_c4', 'r0_c4', 'r0_c3', 'r0_c2', 'r0_c1', 'r0_c0', 'r0_c1', 'r0_c2', 'r0_c3', 'r0_c4', 'r1_c4', 'r2_c4', 'r3_c4', 'r4_c4')","('r4_c4->r3_c4', 'r3_c4->r2_c4', 'r2_c4->r1_c4', 'r1_c4->r0_c4', 'r0_c4->r0_c3', 'r0_c3->r0_c2', 'r0_c2->r0_c1', 'r0_c1->r0_c0', 'r0_c0->r0_c1', 'r0_c1->r0_c2', 'r0_c2->r0_c3', 'r0_c3->r0_c4', 'r0_c4->r1_c4', 'r1_c4->r2_c4', 'r2_c4->r3_c4', 'r3_c4->r4_c4')",637.0,prioritized_sipp_coordinator
1834,611.0,robot_2,continue_current_plan,task_11,"('r4_c4', 'r3_c4', 'r2_c4', 'r1_c4', 'r0_c4', 'r0_c3', 'r0_c2', 'r0_c1', 'r0_c0', 'r0_c1', 'r0_c2', 'r0_c3', 'r0_c4', 'r1_c4', 'r2_c4', 'r3_c4', 'r4_c4')","('r4_c4->r3_c4', 'r3_c4->r2_c4', 'r2_c4->r1_c4', 'r1_c4->r0_c4', 'r0_c4->r0_c3', 'r0_c3->r0_c2', 'r0_c2->r0_c1', 'r0_c1->r0_c0', 'r0_c0->r0_c1', 'r0_c1->r0_c2', 'r0_c2->r0_c3', 'r0_c3->r0_c4', 'r0_c4->r1_c4', 'r1_c4->r2_c4', 'r2_c4->r3_c4', 'r3_c4->r4_c4')",638.0,prioritized_sipp_coordinator
1835,611.0,robot_3,wait,,(),(),611.25,prioritized_sipp_coordinator
1836,612.0,robot_1,continue_current_plan,task_10,"('r4_c4', 'r3_c4', 'r2_c4', 'r1_c4', 'r0_c4', 'r0_c3', 'r0_c2', 'r0_c1', 'r0_c0', 'r0_c1', 'r0_c2', 'r0_c3', 'r0_c4', 'r1_c4', 'r2_c4', 'r3_c4', 'r4_c4')","('r4_c4->r3_c4', 'r3_c4->r2_c4', 'r2_c4->r1_c4', 'r1_c4->r0_c4', 'r0_c4->r0_c3', 'r0_c3->r0_c2', 'r0_c2->r0_c1', 'r0_c1->r0_c0', 'r0_c0->r0_c1', 'r0_c1->r0_c2', 'r0_c2->r0_c3', 'r0_c3->r0_c4', 'r0_c4->r1_c4', 'r1_c4->r2_c4', 'r2_c4->r3_c4', 'r3_c4->r4_c4')",637.0,prioritized_sipp_coordinator
1837,612.0,robot_2,continue_current_plan,task_11,"('r4_c4', 'r3_c4', 'r2_c4', 'r1_c4', 'r0_c4', 'r0_c3', 'r0_c2', 'r0_c1', 'r0_c0', 'r0_c1', 'r0_c2', 'r0_c3', 'r0_c4', 'r1_c4', 'r2_c4', 'r3_c4', 'r4_c4')","('r4_c4->r3_c4', 'r3_c4->r2_c4', 'r2_c4->r1_c4', 'r1_c4->r0_c4', 'r0_c4->r0_c3', 'r0_c3->r0_c2', 'r0_c2->r0_c1', 'r0_c1->r0_c0', 'r0_c0->r0_c1', 'r0_c1->r0_c2', 'r0_c2->r0_c3', 'r0_c3->r0_c4', 'r0_c4->r1_c4', 'r1_c4->r2_c4', 'r2_c4->r3_c4', 'r3_c4->r4_c4')",638.0,prioritized_sipp_coordinator
1838,612.0,robot_3,wait,,(),(),612.25,prioritized_sipp_coordinator
1839,613.0,robot_1,continue_current_plan,task_10,"('r4_c4', 'r3_c4', 'r2_c4', 'r1_c4', 'r0_c4', 'r0_c3', 'r0_c2', 'r0_c1', 'r0_c0', 'r0_c1', 'r0_c2', 'r0_c3', 'r0_c4', 'r1_c4', 'r2_c4', 'r3_c4', 'r4_c4')","('r4_c4->r3_c4', 'r3_c4->r2_c4', 'r2_c4->r1_c4', 'r1_c4->r0_c4', 'r0_c4->r0_c3', 'r0_c3->r0_c2', 'r0_c2->r0_c1', 'r0_c1->r0_c0', 'r0_c0->r0_c1', 'r0_c1->r0_c2', 'r0_c2->r0_c3', 'r0_c3->r0_c4', 'r0_c4->r1_c4', 'r1_c4->r2_c4', 'r2_c4->r3_c4', 'r3_c4->r4_c4')",637.0,prioritized_sipp_coordinator
1840,613.0,robot_2,continue_current_plan,task_11,"('r4_c4', 'r3_c4', 'r2_c4', 'r1_c4', 'r0_c4', 'r0_c3', 'r0_c2', 'r0_c1', 'r0_c0', 'r0_c1', 'r0_c2', 'r0_c3', 'r0_c4', 'r1_c4', 'r2_c4', 'r3_c4', 'r4_c4')","('r4_c4->r3_c4', 'r3_c4->r2_c4', 'r2_c4->r1_c4', 'r1_c4->r0_c4', 'r0_c4->r0_c3', 'r0_c3->r0_c2', 'r0_c2->r0_c1', 'r0_c1->r0_c0', 'r0_c0->r0_c1', 'r0_c1->r0_c2', 'r0_c2->r0_c3', 'r0_c3->r0_c4', 'r0_c4->r1_c4', 'r1_c4->r2_c4', 'r2_c4->r3_c4', 'r3_c4->r4_c4')",638.0,prioritized_sipp_coordinator
1841,613.0,robot_3,wait,,(),(),613.25,prioritized_sipp_coordinator
1842,614.0,robot_1,continue_current_plan,task_10,"('r4_c4', 'r3_c4', 'r2_c4', 'r1_c4', 'r0_c4', 'r0_c3', 'r0_c2', 'r0_c1', 'r0_c0', 'r0_c1', 'r0_c2', 'r0_c3', 'r0_c4', 'r1_c4', 'r2_c4', 'r3_c4', 'r4_c4')","('r4_c4->r3_c4', 'r3_c4->r2_c4', 'r2_c4->r1_c4', 'r1_c4->r0_c4', 'r0_c4->r0_c3', 'r0_c3->r0_c2', 'r0_c2->r0_c1', 'r0_c1->r0_c0', 'r0_c0->r0_c1', 'r0_c1->r0_c2', 'r0_c2->r0_c3', 'r0_c3->r0_c4', 'r0_c4->r1_c4', 'r1_c4->r2_c4', 'r2_c4->r3_c4', 'r3_c4->r4_c4')",637.0,prioritized_sipp_coordinator
1843,614.0,robot_2,continue_current_plan,task_11,"('r4_c4', 'r3_c4', 'r2_c4', 'r1_c4', 'r0_c4', 'r0_c3', 'r0_c2', 'r0_c1', 'r0_c0', 'r0_c1', 'r0_c2', 'r0_c3', 'r0_c4', 'r1_c4', 'r2_c4', 'r3_c4', 'r4_c4')","('r4_c4->r3_c4', 'r3_c4->r2_c4', 'r2_c4->r1_c4', 'r1_c4->r0_c4', 'r0_c4->r0_c3', 'r0_c3->r0_c2', 'r0_c2->r0_c1', 'r0_c1->r0_c0', 'r0_c0->r0_c1', 'r0_c1->r0_c2', 'r0_c2->r0_c3', 'r0_c3->r0_c4', 'r0_c4->r1_c4', 'r1_c4->r2_c4', 'r2_c4->r3_c4', 'r3_c4->r4_c4')",638.0,prioritized_sipp_coordinator
1844,614.0,robot_3,wait,,(),(),614.25,prioritized_sipp_coordinator
1845,615.0,robot_1,continue_current_plan,task_10,"('r4_c4', 'r3_c4', 'r2_c4', 'r1_c4', 'r0_c4', 'r0_c3', 'r0_c2', 'r0_c1', 'r0_c0', 'r0_c1', 'r0_c2', 'r0_c3', 'r0_c4', 'r1_c4', 'r2_c4', 'r3_c4', 'r4_c4')","('r4_c4->r3_c4', 'r3_c4->r2_c4', 'r2_c4->r1_c4', 'r1_c4->r0_c4', 'r0_c4->r0_c3', 'r0_c3->r0_c2', 'r0_c2->r0_c1', 'r0_c1->r0_c0', 'r0_c0->r0_c1', 'r0_c1->r0_c2', 'r0_c2->r0_c3', 'r0_c3->r0_c4', 'r0_c4->r1_c4', 'r1_c4->r2_c4', 'r2_c4->r3_c4', 'r3_c4->r4_c4')",637.0,prioritized_sipp_coordinator
1846,615.0,robot_2,continue_current_plan,task_11,"('r4_c4', 'r3_c4', 'r2_c4', 'r1_c4', 'r0_c4', 'r0_c3', 'r0_c2', 'r0_c1', 'r0_c0', 'r0_c1', 'r0_c2', 'r0_c3', 'r0_c4', 'r1_c4', 'r2_c4', 'r3_c4', 'r4_c4')","('r4_c4->r3_c4', 'r3_c4->r2_c4', 'r2_c4->r1_c4', 'r1_c4->r0_c4', 'r0_c4->r0_c3', 'r0_c3->r0_c2', 'r0_c2->r0_c1', 'r0_c1->r0_c0', 'r0_c0->r0_c1', 'r0_c1->r0_c2', 'r0_c2->r0_c3', 'r0_c3->r0_c4', 'r0_c4->r1_c4', 'r1_c4->r2_c4', 'r2_c4->r3_c4', 'r3_c4->r4_c4')",638.0,prioritized_sipp_coordinator
1847,615.0,robot_3,wait,,(),(),615.25,prioritized_sipp_coordinator
1848,616.0,robot_1,continue_current_plan,task_10,"('r4_c4', 'r3_c4', 'r2_c4', 'r1_c4', 'r0_c4', 'r0_c3', 'r0_c2', 'r0_c1', 'r0_c0', 'r0_c1', 'r0_c2', 'r0_c3', 'r0_c4', 'r1_c4', 'r2_c4', 'r3_c4', 'r4_c4')","('r4_c4->r3_c4', 'r3_c4->r2_c4', 'r2_c4->r1_c4', 'r1_c4->r0_c4', 'r0_c4->r0_c3', 'r0_c3->r0_c2', 'r0_c2->r0_c1', 'r0_c1->r0_c0', 'r0_c0->r0_c1', 'r0_c1->r0_c2', 'r0_c2->r0_c3', 'r0_c3->r0_c4', 'r0_c4->r1_c4', 'r1_c4->r2_c4', 'r2_c4->r3_c4', 'r3_c4->r4_c4')",637.0,prioritized_sipp_coordinator
1849,616.0,robot_2,continue_current_plan,task_11,"('r4_c4', 'r3_c4', 'r2_c4', 'r1_c4', 'r0_c4', 'r0_c3', 'r0_c2', 'r0_c1', 'r0_c0', 'r0_c1', 'r0_c2', 'r0_c3', 'r0_c4', 'r1_c4', 'r2_c4', 'r3_c4', 'r4_c4')","('r4_c4->r3_c4', 'r3_c4->r2_c4', 'r2_c4->r1_c4', 'r1_c4->r0_c4', 'r0_c4->r0_c3', 'r0_c3->r0_c2', 'r0_c2->r0_c1', 'r0_c1->r0_c0', 'r0_c0->r0_c1', 'r0_c1->r0_c2', 'r0_c2->r0_c3', 'r0_c3->r0_c4', 'r0_c4->r1_c4', 'r1_c4->r2_c4', 'r2_c4->r3_c4', 'r3_c4->r4_c4')",638.0,prioritized_sipp_coordinator
1850,616.0,robot_3,wait,,(),(),616.25,prioritized_sipp_coordinator
1851,617.0,robot_1,continue_current_plan,task_10,"('r4_c4', 'r3_c4', 'r2_c4', 'r1_c4', 'r0_c4', 'r0_c3', 'r0_c2', 'r0_c1', 'r0_c0', 'r0_c1', 'r0_c2', 'r0_c3', 'r0_c4', 'r1_c4', 'r2_c4', 'r3_c4', 'r4_c4')","('r4_c4->r3_c4', 'r3_c4->r2_c4', 'r2_c4->r1_c4', 'r1_c4->r0_c4', 'r0_c4->r0_c3', 'r0_c3->r0_c2', 'r0_c2->r0_c1', 'r0_c1->r0_c0', 'r0_c0->r0_c1', 'r0_c1->r0_c2', 'r0_c2->r0_c3', 'r0_c3->r0_c4', 'r0_c4->r1_c4', 'r1_c4->r2_c4', 'r2_c4->r3_c4', 'r3_c4->r4_c4')",637.0,prioritized_sipp_coordinator
1852,617.0,robot_2,continue_current_plan,task_11,"('r4_c4', 'r3_c4', 'r2_c4', 'r1_c4', 'r0_c4', 'r0_c3', 'r0_c2', 'r0_c1', 'r0_c0', 'r0_c1', 'r0_c2', 'r0_c3', 'r0_c4', 'r1_c4', 'r2_c4', 'r3_c4', 'r4_c4')","('r4_c4->r3_c4', 'r3_c4->r2_c4', 'r2_c4->r1_c4', 'r1_c4->r0_c4', 'r0_c4->r0_c3', 'r0_c3->r0_c2', 'r0_c2->r0_c1', 'r0_c1->r0_c0', 'r0_c0->r0_c1', 'r0_c1->r0_c2', 'r0_c2->r0_c3', 'r0_c3->r0_c4', 'r0_c4->r1_c4', 'r1_c4->r2_c4', 'r2_c4->r3_c4', 'r3_c4->r4_c4')",638.0,prioritized_sipp_coordinator
1853,617.0,robot_3,wait,,(),(),617.25,prioritized_sipp_coordinator
1854,618.0,robot_1,continue_current_plan,task_10,"('r4_c4', 'r3_c4', 'r2_c4', 'r1_c4', 'r0_c4', 'r0_c3', 'r0_c2', 'r0_c1', 'r0_c0', 'r0_c1', 'r0_c2', 'r0_c3', 'r0_c4', 'r1_c4', 'r2_c4', 'r3_c4', 'r4_c4')","('r4_c4->r3_c4', 'r3_c4->r2_c4', 'r2_c4->r1_c4', 'r1_c4->r0_c4', 'r0_c4->r0_c3', 'r0_c3->r0_c2', 'r0_c2->r0_c1', 'r0_c1->r0_c0', 'r0_c0->r0_c1', 'r0_c1->r0_c2', 'r0_c2->r0_c3', 'r0_c3->r0_c4', 'r0_c4->r1_c4', 'r1_c4->r2_c4', 'r2_c4->r3_c4', 'r3_c4->r4_c4')",637.0,prioritized_sipp_coordinator
1855,618.0,robot_2,continue_current_plan,task_11,"('r4_c4', 'r3_c4', 'r2_c4', 'r1_c4', 'r0_c4', 'r0_c3', 'r0_c2', 'r0_c1', 'r0_c0', 'r0_c1', 'r0_c2', 'r0_c3', 'r0_c4', 'r1_c4', 'r2_c4', 'r3_c4', 'r4_c4')","('r4_c4->r3_c4', 'r3_c4->r2_c4', 'r2_c4->r1_c4', 'r1_c4->r0_c4', 'r0_c4->r0_c3', 'r0_c3->r0_c2', 'r0_c2->r0_c1', 'r0_c1->r0_c0', 'r0_c0->r0_c1', 'r0_c1->r0_c2', 'r0_c2->r0_c3', 'r0_c3->r0_c4', 'r0_c4->r1_c4', 'r1_c4->r2_c4', 'r2_c4->r3_c4', 'r3_c4->r4_c4')",638.0,prioritized_sipp_coordinator
1856,618.0,robot_3,wait,,(),(),618.25,prioritized_sipp_coordinator
1857,619.0,robot_1,continue_current_plan,task_10,"('r4_c4', 'r3_c4', 'r2_c4', 'r1_c4', 'r0_c4', 'r0_c3', 'r0_c2', 'r0_c1', 'r0_c0', 'r0_c1', 'r0_c2', 'r0_c3', 'r0_c4', 'r1_c4', 'r2_c4', 'r3_c4', 'r4_c4')","('r4_c4->r3_c4', 'r3_c4->r2_c4', 'r2_c4->r1_c4', 'r1_c4->r0_c4', 'r0_c4->r0_c3', 'r0_c3->r0_c2', 'r0_c2->r0_c1', 'r0_c1->r0_c0', 'r0_c0->r0_c1', 'r0_c1->r0_c2', 'r0_c2->r0_c3', 'r0_c3->r0_c4', 'r0_c4->r1_c4', 'r1_c4->r2_c4', 'r2_c4->r3_c4', 'r3_c4->r4_c4')",637.0,prioritized_sipp_coordinator
1858,619.0,robot_2,continue_current_plan,task_11,"('r4_c4', 'r3_c4', 'r2_c4', 'r1_c4', 'r0_c4', 'r0_c3', 'r0_c2', 'r0_c1', 'r0_c0', 'r0_c1', 'r0_c2', 'r0_c3', 'r0_c4', 'r1_c4', 'r2_c4', 'r3_c4', 'r4_c4')","('r4_c4->r3_c4', 'r3_c4->r2_c4', 'r2_c4->r1_c4', 'r1_c4->r0_c4', 'r0_c4->r0_c3', 'r0_c3->r0_c2', 'r0_c2->r0_c1', 'r0_c1->r0_c0', 'r0_c0->r0_c1', 'r0_c1->r0_c2', 'r0_c2->r0_c3', 'r0_c3->r0_c4', 'r0_c4->r1_c4', 'r1_c4->r2_c4', 'r2_c4->r3_c4', 'r3_c4->r4_c4')",638.0,prioritized_sipp_coordinator
1859,619.0,robot_3,wait,,(),(),619.25,prioritized_sipp_coordinator
1860,620.0,robot_1,continue_current_plan,task_10,"('r4_c4', 'r3_c4', 'r2_c4', 'r1_c4', 'r0_c4', 'r0_c3', 'r0_c2', 'r0_c1', 'r0_c0', 'r0_c1', 'r0_c2', 'r0_c3', 'r0_c4', 'r1_c4', 'r2_c4', 'r3_c4', 'r4_c4')","('r4_c4->r3_c4', 'r3_c4->r2_c4', 'r2_c4->r1_c4', 'r1_c4->r0_c4', 'r0_c4->r0_c3', 'r0_c3->r0_c2', 'r0_c2->r0_c1', 'r0_c1->r0_c0', 'r0_c0->r0_c1', 'r0_c1->r0_c2', 'r0_c2->r0_c3', 'r0_c3->r0_c4', 'r0_c4->r1_c4', 'r1_c4->r2_c4', 'r2_c4->r3_c4', 'r3_c4->r4_c4')",637.0,prioritized_sipp_coordinator
1861,620.0,robot_2,continue_current_plan,task_11,"('r4_c4', 'r3_c4', 'r2_c4', 'r1_c4', 'r0_c4', 'r0_c3', 'r0_c2', 'r0_c1', 'r0_c0', 'r0_c1', 'r0_c2', 'r0_c3', 'r0_c4', 'r1_c4', 'r2_c4', 'r3_c4', 'r4_c4')","('r4_c4->r3_c4', 'r3_c4->r2_c4', 'r2_c4->r1_c4', 'r1_c4->r0_c4', 'r0_c4->r0_c3', 'r0_c3->r0_c2', 'r0_c2->r0_c1', 'r0_c1->r0_c0', 'r0_c0->r0_c1', 'r0_c1->r0_c2', 'r0_c2->r0_c3', 'r0_c3->r0_c4', 'r0_c4->r1_c4', 'r1_c4->r2_c4', 'r2_c4->r3_c4', 'r3_c4->r4_c4')",638.0,prioritized_sipp_coordinator
1862,620.0,robot_3,wait,,(),(),620.25,prioritized_sipp_coordinator
1863,621.0,robot_1,continue_current_plan,task_10,"('r4_c4', 'r3_c4', 'r2_c4', 'r1_c4', 'r0_c4', 'r0_c3', 'r0_c2', 'r0_c1', 'r0_c0', 'r0_c1', 'r0_c2', 'r0_c3', 'r0_c4', 'r1_c4', 'r2_c4', 'r3_c4', 'r4_c4')","('r4_c4->r3_c4', 'r3_c4->r2_c4', 'r2_c4->r1_c4', 'r1_c4->r0_c4', 'r0_c4->r0_c3', 'r0_c3->r0_c2', 'r0_c2->r0_c1', 'r0_c1->r0_c0', 'r0_c0->r0_c1', 'r0_c1->r0_c2', 'r0_c2->r0_c3', 'r0_c3->r0_c4', 'r0_c4->r1_c4', 'r1_c4->r2_c4', 'r2_c4->r3_c4', 'r3_c4->r4_c4')",637.0,prioritized_sipp_coordinator
1864,621.0,robot_2,continue_current_plan,task_11,"('r4_c4', 'r3_c4', 'r2_c4', 'r1_c4', 'r0_c4', 'r0_c3', 'r0_c2', 'r0_c1', 'r0_c0', 'r0_c1', 'r0_c2', 'r0_c3', 'r0_c4', 'r1_c4', 'r2_c4', 'r3_c4', 'r4_c4')","('r4_c4->r3_c4', 'r3_c4->r2_c4', 'r2_c4->r1_c4', 'r1_c4->r0_c4', 'r0_c4->r0_c3', 'r0_c3->r0_c2', 'r0_c2->r0_c1', 'r0_c1->r0_c0', 'r0_c0->r0_c1', 'r0_c1->r0_c2', 'r0_c2->r0_c3', 'r0_c3->r0_c4', 'r0_c4->r1_c4', 'r1_c4->r2_c4', 'r2_c4->r3_c4', 'r3_c4->r4_c4')",638.0,prioritized_sipp_coordinator
1865,621.0,robot_3,wait,,(),(),621.25,prioritized_sipp_coordinator
1866,622.0,robot_1,continue_current_plan,task_10,"('r4_c4', 'r3_c4', 'r2_c4', 'r1_c4', 'r0_c4', 'r0_c3', 'r0_c2', 'r0_c1', 'r0_c0', 'r0_c1', 'r0_c2', 'r0_c3', 'r0_c4', 'r1_c4', 'r2_c4', 'r3_c4', 'r4_c4')","('r4_c4->r3_c4', 'r3_c4->r2_c4', 'r2_c4->r1_c4', 'r1_c4->r0_c4', 'r0_c4->r0_c3', 'r0_c3->r0_c2', 'r0_c2->r0_c1', 'r0_c1->r0_c0', 'r0_c0->r0_c1', 'r0_c1->r0_c2', 'r0_c2->r0_c3', 'r0_c3->r0_c4', 'r0_c4->r1_c4', 'r1_c4->r2_c4', 'r2_c4->r3_c4', 'r3_c4->r4_c4')",637.0,prioritized_sipp_coordinator
1867,622.0,robot_2,continue_current_plan,task_11,"('r4_c4', 'r3_c4', 'r2_c4', 'r1_c4', 'r0_c4', 'r0_c3', 'r0_c2', 'r0_c1', 'r0_c0', 'r0_c1', 'r0_c2', 'r0_c3', 'r0_c4', 'r1_c4', 'r2_c4', 'r3_c4', 'r4_c4')","('r4_c4->r3_c4', 'r3_c4->r2_c4', 'r2_c4->r1_c4', 'r1_c4->r0_c4', 'r0_c4->r0_c3', 'r0_c3->r0_c2', 'r0_c2->r0_c1', 'r0_c1->r0_c0', 'r0_c0->r0_c1', 'r0_c1->r0_c2', 'r0_c2->r0_c3', 'r0_c3->r0_c4', 'r0_c4->r1_c4', 'r1_c4->r2_c4', 'r2_c4->r3_c4', 'r3_c4->r4_c4')",638.0,prioritized_sipp_coordinator
1868,622.0,robot_3,wait,,(),(),622.25,prioritized_sipp_coordinator
1869,623.0,robot_1,continue_current_plan,task_10,"('r4_c4', 'r3_c4', 'r2_c4', 'r1_c4', 'r0_c4', 'r0_c3', 'r0_c2', 'r0_c1', 'r0_c0', 'r0_c1', 'r0_c2', 'r0_c3', 'r0_c4', 'r1_c4', 'r2_c4', 'r3_c4', 'r4_c4')","('r4_c4->r3_c4', 'r3_c4->r2_c4', 'r2_c4->r1_c4', 'r1_c4->r0_c4', 'r0_c4->r0_c3', 'r0_c3->r0_c2', 'r0_c2->r0_c1', 'r0_c1->r0_c0', 'r0_c0->r0_c1', 'r0_c1->r0_c2', 'r0_c2->r0_c3', 'r0_c3->r0_c4', 'r0_c4->r1_c4', 'r1_c4->r2_c4', 'r2_c4->r3_c4', 'r3_c4->r4_c4')",637.0,prioritized_sipp_coordinator
1870,623.0,robot_2,continue_current_plan,task_11,"('r4_c4', 'r3_c4', 'r2_c4', 'r1_c4', 'r0_c4', 'r0_c3', 'r0_c2', 'r0_c1', 'r0_c0', 'r0_c1', 'r0_c2', 'r0_c3', 'r0_c4', 'r1_c4', 'r2_c4', 'r3_c4', 'r4_c4')","('r4_c4->r3_c4', 'r3_c4->r2_c4', 'r2_c4->r1_c4', 'r1_c4->r0_c4', 'r0_c4->r0_c3', 'r0_c3->r0_c2', 'r0_c2->r0_c1', 'r0_c1->r0_c0', 'r0_c0->r0_c1', 'r0_c1->r0_c2', 'r0_c2->r0_c3', 'r0_c3->r0_c4', 'r0_c4->r1_c4', 'r1_c4->r2_c4', 'r2_c4->r3_c4', 'r3_c4->r4_c4')",638.0,prioritized_sipp_coordinator
1871,623.0,robot_3,wait,,(),(),623.25,prioritized_sipp_coordinator
1872,624.0,robot_1,continue_current_plan,task_10,"('r4_c4', 'r3_c4', 'r2_c4', 'r1_c4', 'r0_c4', 'r0_c3', 'r0_c2', 'r0_c1', 'r0_c0', 'r0_c1', 'r0_c2', 'r0_c3', 'r0_c4', 'r1_c4', 'r2_c4', 'r3_c4', 'r4_c4')","('r4_c4->r3_c4', 'r3_c4->r2_c4', 'r2_c4->r1_c4', 'r1_c4->r0_c4', 'r0_c4->r0_c3', 'r0_c3->r0_c2', 'r0_c2->r0_c1', 'r0_c1->r0_c0', 'r0_c0->r0_c1', 'r0_c1->r0_c2', 'r0_c2->r0_c3', 'r0_c3->r0_c4', 'r0_c4->r1_c4', 'r1_c4->r2_c4', 'r2_c4->r3_c4', 'r3_c4->r4_c4')",637.0,prioritized_sipp_coordinator
1873,624.0,robot_2,continue_current_plan,task_11,"('r4_c4', 'r3_c4', 'r2_c4', 'r1_c4', 'r0_c4', 'r0_c3', 'r0_c2', 'r0_c1', 'r0_c0', 'r0_c1', 'r0_c2', 'r0_c3', 'r0_c4', 'r1_c4', 'r2_c4', 'r3_c4', 'r4_c4')","('r4_c4->r3_c4', 'r3_c4->r2_c4', 'r2_c4->r1_c4', 'r1_c4->r0_c4', 'r0_c4->r0_c3', 'r0_c3->r0_c2', 'r0_c2->r0_c1', 'r0_c1->r0_c0', 'r0_c0->r0_c1', 'r0_c1->r0_c2', 'r0_c2->r0_c3', 'r0_c3->r0_c4', 'r0_c4->r1_c4', 'r1_c4->r2_c4', 'r2_c4->r3_c4', 'r3_c4->r4_c4')",638.0,prioritized_sipp_coordinator
1874,624.0,robot_3,wait,,(),(),624.25,prioritized_sipp_coordinator
1875,625.0,robot_1,continue_current_plan,task_10,"('r4_c4', 'r3_c4', 'r2_c4', 'r1_c4', 'r0_c4', 'r0_c3', 'r0_c2', 'r0_c1', 'r0_c0', 'r0_c1', 'r0_c2', 'r0_c3', 'r0_c4', 'r1_c4', 'r2_c4', 'r3_c4', 'r4_c4')","('r4_c4->r3_c4', 'r3_c4->r2_c4', 'r2_c4->r1_c4', 'r1_c4->r0_c4', 'r0_c4->r0_c3', 'r0_c3->r0_c2', 'r0_c2->r0_c1', 'r0_c1->r0_c0', 'r0_c0->r0_c1', 'r0_c1->r0_c2', 'r0_c2->r0_c3', 'r0_c3->r0_c4', 'r0_c4->r1_c4', 'r1_c4->r2_c4', 'r2_c4->r3_c4', 'r3_c4->r4_c4')",637.0,prioritized_sipp_coordinator
1876,625.0,robot_2,continue_current_plan,task_11,"('r4_c4', 'r3_c4', 'r2_c4', 'r1_c4', 'r0_c4', 'r0_c3', 'r0_c2', 'r0_c1', 'r0_c0', 'r0_c1', 'r0_c2', 'r0_c3', 'r0_c4', 'r1_c4', 'r2_c4', 'r3_c4', 'r4_c4')","('r4_c4->r3_c4', 'r3_c4->r2_c4', 'r2_c4->r1_c4', 'r1_c4->r0_c4', 'r0_c4->r0_c3', 'r0_c3->r0_c2', 'r0_c2->r0_c1', 'r0_c1->r0_c0', 'r0_c0->r0_c1', 'r0_c1->r0_c2', 'r0_c2->r0_c3', 'r0_c3->r0_c4', 'r0_c4->r1_c4', 'r1_c4->r2_c4', 'r2_c4->r3_c4', 'r3_c4->r4_c4')",638.0,prioritized_sipp_coordinator
1877,625.0,robot_3,wait,,(),(),625.25,prioritized_sipp_coordinator
1878,626.0,robot_1,continue_current_plan,task_10,"('r4_c4', 'r3_c4', 'r2_c4', 'r1_c4', 'r0_c4', 'r0_c3', 'r0_c2', 'r0_c1', 'r0_c0', 'r0_c1', 'r0_c2', 'r0_c3', 'r0_c4', 'r1_c4', 'r2_c4', 'r3_c4', 'r4_c4')","('r4_c4->r3_c4', 'r3_c4->r2_c4', 'r2_c4->r1_c4', 'r1_c4->r0_c4', 'r0_c4->r0_c3', 'r0_c3->r0_c2', 'r0_c2->r0_c1', 'r0_c1->r0_c0', 'r0_c0->r0_c1', 'r0_c1->r0_c2', 'r0_c2->r0_c3', 'r0_c3->r0_c4', 'r0_c4->r1_c4', 'r1_c4->r2_c4', 'r2_c4->r3_c4', 'r3_c4->r4_c4')",637.0,prioritized_sipp_coordinator
1879,626.0,robot_2,continue_current_plan,task_11,"('r4_c4', 'r3_c4', 'r2_c4', 'r1_c4', 'r0_c4', 'r0_c3', 'r0_c2', 'r0_c1', 'r0_c0', 'r0_c1', 'r0_c2', 'r0_c3', 'r0_c4', 'r1_c4', 'r2_c4', 'r3_c4', 'r4_c4')","('r4_c4->r3_c4', 'r3_c4->r2_c4', 'r2_c4->r1_c4', 'r1_c4->r0_c4', 'r0_c4->r0_c3', 'r0_c3->r0_c2', 'r0_c2->r0_c1', 'r0_c1->r0_c0', 'r0_c0->r0_c1', 'r0_c1->r0_c2', 'r0_c2->r0_c3', 'r0_c3->r0_c4', 'r0_c4->r1_c4', 'r1_c4->r2_c4', 'r2_c4->r3_c4', 'r3_c4->r4_c4')",638.0,prioritized_sipp_coordinator
1880,626.0,robot_3,wait,,(),(),626.25,prioritized_sipp_coordinator
1881,627.0,robot_1,continue_current_plan,task_10,"('r4_c4', 'r3_c4', 'r2_c4', 'r1_c4', 'r0_c4', 'r0_c3', 'r0_c2', 'r0_c1', 'r0_c0', 'r0_c1', 'r0_c2', 'r0_c3', 'r0_c4', 'r1_c4', 'r2_c4', 'r3_c4', 'r4_c4')","('r4_c4->r3_c4', 'r3_c4->r2_c4', 'r2_c4->r1_c4', 'r1_c4->r0_c4', 'r0_c4->r0_c3', 'r0_c3->r0_c2', 'r0_c2->r0_c1', 'r0_c1->r0_c0', 'r0_c0->r0_c1', 'r0_c1->r0_c2', 'r0_c2->r0_c3', 'r0_c3->r0_c4', 'r0_c4->r1_c4', 'r1_c4->r2_c4', 'r2_c4->r3_c4', 'r3_c4->r4_c4')",637.0,prioritized_sipp_coordinator
1882,627.0,robot_2,continue_current_plan,task_11,"('r4_c4', 'r3_c4', 'r2_c4', 'r1_c4', 'r0_c4', 'r0_c3', 'r0_c2', 'r0_c1', 'r0_c0', 'r0_c1', 'r0_c2', 'r0_c3', 'r0_c4', 'r1_c4', 'r2_c4', 'r3_c4', 'r4_c4')","('r4_c4->r3_c4', 'r3_c4->r2_c4', 'r2_c4->r1_c4', 'r1_c4->r0_c4', 'r0_c4->r0_c3', 'r0_c3->r0_c2', 'r0_c2->r0_c1', 'r0_c1->r0_c0', 'r0_c0->r0_c1', 'r0_c1->r0_c2', 'r0_c2->r0_c3', 'r0_c3->r0_c4', 'r0_c4->r1_c4', 'r1_c4->r2_c4', 'r2_c4->r3_c4', 'r3_c4->r4_c4')",638.0,prioritized_sipp_coordinator
1883,627.0,robot_3,wait,,(),(),627.25,prioritized_sipp_coordinator
1884,628.0,robot_1,continue_current_plan,task_10,"('r4_c4', 'r3_c4', 'r2_c4', 'r1_c4', 'r0_c4', 'r0_c3', 'r0_c2', 'r0_c1', 'r0_c0', 'r0_c1', 'r0_c2', 'r0_c3', 'r0_c4', 'r1_c4', 'r2_c4', 'r3_c4', 'r4_c4')","('r4_c4->r3_c4', 'r3_c4->r2_c4', 'r2_c4->r1_c4', 'r1_c4->r0_c4', 'r0_c4->r0_c3', 'r0_c3->r0_c2', 'r0_c2->r0_c1', 'r0_c1->r0_c0', 'r0_c0->r0_c1', 'r0_c1->r0_c2', 'r0_c2->r0_c3', 'r0_c3->r0_c4', 'r0_c4->r1_c4', 'r1_c4->r2_c4', 'r2_c4->r3_c4', 'r3_c4->r4_c4')",637.0,prioritized_sipp_coordinator
1885,628.0,robot_2,continue_current_plan,task_11,"('r4_c4', 'r3_c4', 'r2_c4', 'r1_c4', 'r0_c4', 'r0_c3', 'r0_c2', 'r0_c1', 'r0_c0', 'r0_c1', 'r0_c2', 'r0_c3', 'r0_c4', 'r1_c4', 'r2_c4', 'r3_c4', 'r4_c4')","('r4_c4->r3_c4', 'r3_c4->r2_c4', 'r2_c4->r1_c4', 'r1_c4->r0_c4', 'r0_c4->r0_c3', 'r0_c3->r0_c2', 'r0_c2->r0_c1', 'r0_c1->r0_c0', 'r0_c0->r0_c1', 'r0_c1->r0_c2', 'r0_c2->r0_c3', 'r0_c3->r0_c4', 'r0_c4->r1_c4', 'r1_c4->r2_c4', 'r2_c4->r3_c4', 'r3_c4->r4_c4')",638.0,prioritized_sipp_coordinator
1886,628.0,robot_3,wait,,(),(),628.25,prioritized_sipp_coordinator
1887,629.0,robot_1,continue_current_plan,task_10,"('r4_c4', 'r3_c4', 'r2_c4', 'r1_c4', 'r0_c4', 'r0_c3', 'r0_c2', 'r0_c1', 'r0_c0', 'r0_c1', 'r0_c2', 'r0_c3', 'r0_c4', 'r1_c4', 'r2_c4', 'r3_c4', 'r4_c4')","('r4_c4->r3_c4', 'r3_c4->r2_c4', 'r2_c4->r1_c4', 'r1_c4->r0_c4', 'r0_c4->r0_c3', 'r0_c3->r0_c2', 'r0_c2->r0_c1', 'r0_c1->r0_c0', 'r0_c0->r0_c1', 'r0_c1->r0_c2', 'r0_c2->r0_c3', 'r0_c3->r0_c4', 'r0_c4->r1_c4', 'r1_c4->r2_c4', 'r2_c4->r3_c4', 'r3_c4->r4_c4')",637.0,prioritized_sipp_coordinator
1888,629.0,robot_2,continue_current_plan,task_11,"('r4_c4', 'r3_c4', 'r2_c4', 'r1_c4', 'r0_c4', 'r0_c3', 'r0_c2', 'r0_c1', 'r0_c0', 'r0_c1', 'r0_c2', 'r0_c3', 'r0_c4', 'r1_c4', 'r2_c4', 'r3_c4', 'r4_c4')","('r4_c4->r3_c4', 'r3_c4->r2_c4', 'r2_c4->r1_c4', 'r1_c4->r0_c4', 'r0_c4->r0_c3', 'r0_c3->r0_c2', 'r0_c2->r0_c1', 'r0_c1->r0_c0', 'r0_c0->r0_c1', 'r0_c1->r0_c2', 'r0_c2->r0_c3', 'r0_c3->r0_c4', 'r0_c4->r1_c4', 'r1_c4->r2_c4', 'r2_c4->r3_c4', 'r3_c4->r4_c4')",638.0,prioritized_sipp_coordinator
1889,629.0,robot_3,wait,,(),(),629.25,prioritized_sipp_coordinator
1890,630.0,robot_1,continue_current_plan,task_10,"('r4_c4', 'r3_c4', 'r2_c4', 'r1_c4', 'r0_c4', 'r0_c3', 'r0_c2', 'r0_c1', 'r0_c0', 'r0_c1', 'r0_c2', 'r0_c3', 'r0_c4', 'r1_c4', 'r2_c4', 'r3_c4', 'r4_c4')","('r4_c4->r3_c4', 'r3_c4->r2_c4', 'r2_c4->r1_c4', 'r1_c4->r0_c4', 'r0_c4->r0_c3', 'r0_c3->r0_c2', 'r0_c2->r0_c1', 'r0_c1->r0_c0', 'r0_c0->r0_c1', 'r0_c1->r0_c2', 'r0_c2->r0_c3', 'r0_c3->r0_c4', 'r0_c4->r1_c4', 'r1_c4->r2_c4', 'r2_c4->r3_c4', 'r3_c4->r4_c4')",637.0,prioritized_sipp_coordinator
1891,630.0,robot_2,continue_current_plan,task_11,"('r4_c4', 'r3_c4', 'r2_c4', 'r1_c4', 'r0_c4', 'r0_c3', 'r0_c2', 'r0_c1', 'r0_c0', 'r0_c1', 'r0_c2', 'r0_c3', 'r0_c4', 'r1_c4', 'r2_c4', 'r3_c4', 'r4_c4')","('r4_c4->r3_c4', 'r3_c4->r2_c4', 'r2_c4->r1_c4', 'r1_c4->r0_c4', 'r0_c4->r0_c3', 'r0_c3->r0_c2', 'r0_c2->r0_c1', 'r0_c1->r0_c0', 'r0_c0->r0_c1', 'r0_c1->r0_c2', 'r0_c2->r0_c3', 'r0_c3->r0_c4', 'r0_c4->r1_c4', 'r1_c4->r2_c4', 'r2_c4->r3_c4', 'r3_c4->r4_c4')",638.0,prioritized_sipp_coordinator
1892,630.0,robot_3,wait,,(),(),630.25,prioritized_sipp_coordinator
1893,631.0,robot_1,continue_current_plan,task_10,"('r4_c4', 'r3_c4', 'r2_c4', 'r1_c4', 'r0_c4', 'r0_c3', 'r0_c2', 'r0_c1', 'r0_c0', 'r0_c1', 'r0_c2', 'r0_c3', 'r0_c4', 'r1_c4', 'r2_c4', 'r3_c4', 'r4_c4')","('r4_c4->r3_c4', 'r3_c4->r2_c4', 'r2_c4->r1_c4', 'r1_c4->r0_c4', 'r0_c4->r0_c3', 'r0_c3->r0_c2', 'r0_c2->r0_c1', 'r0_c1->r0_c0', 'r0_c0->r0_c1', 'r0_c1->r0_c2', 'r0_c2->r0_c3', 'r0_c3->r0_c4', 'r0_c4->r1_c4', 'r1_c4->r2_c4', 'r2_c4->r3_c4', 'r3_c4->r4_c4')",637.0,prioritized_sipp_coordinator
1894,631.0,robot_2,continue_current_plan,task_11,"('r4_c4', 'r3_c4', 'r2_c4', 'r1_c4', 'r0_c4', 'r0_c3', 'r0_c2', 'r0_c1', 'r0_c0', 'r0_c1', 'r0_c2', 'r0_c3', 'r0_c4', 'r1_c4', 'r2_c4', 'r3_c4', 'r4_c4')","('r4_c4->r3_c4', 'r3_c4->r2_c4', 'r2_c4->r1_c4', 'r1_c4->r0_c4', 'r0_c4->r0_c3', 'r0_c3->r0_c2', 'r0_c2->r0_c1', 'r0_c1->r0_c0', 'r0_c0->r0_c1', 'r0_c1->r0_c2', 'r0_c2->r0_c3', 'r0_c3->r0_c4', 'r0_c4->r1_c4', 'r1_c4->r2_c4', 'r2_c4->r3_c4', 'r3_c4->r4_c4')",638.0,prioritized_sipp_coordinator
1895,631.0,robot_3,wait,,(),(),631.25,prioritized_sipp_coordinator
1896,632.0,robot_1,continue_current_plan,task_10,"('r4_c4', 'r3_c4', 'r2_c4', 'r1_c4', 'r0_c4', 'r0_c3', 'r0_c2', 'r0_c1', 'r0_c0', 'r0_c1', 'r0_c2', 'r0_c3', 'r0_c4', 'r1_c4', 'r2_c4', 'r3_c4', 'r4_c4')","('r4_c4->r3_c4', 'r3_c4->r2_c4', 'r2_c4->r1_c4', 'r1_c4->r0_c4', 'r0_c4->r0_c3', 'r0_c3->r0_c2', 'r0_c2->r0_c1', 'r0_c1->r0_c0', 'r0_c0->r0_c1', 'r0_c1->r0_c2', 'r0_c2->r0_c3', 'r0_c3->r0_c4', 'r0_c4->r1_c4', 'r1_c4->r2_c4', 'r2_c4->r3_c4', 'r3_c4->r4_c4')",637.0,prioritized_sipp_coordinator
1897,632.0,robot_2,continue_current_plan,task_11,"('r4_c4', 'r3_c4', 'r2_c4', 'r1_c4', 'r0_c4', 'r0_c3', 'r0_c2', 'r0_c1', 'r0_c0', 'r0_c1', 'r0_c2', 'r0_c3', 'r0_c4', 'r1_c4', 'r2_c4', 'r3_c4', 'r4_c4')","('r4_c4->r3_c4', 'r3_c4->r2_c4', 'r2_c4->r1_c4', 'r1_c4->r0_c4', 'r0_c4->r0_c3', 'r0_c3->r0_c2', 'r0_c2->r0_c1', 'r0_c1->r0_c0', 'r0_c0->r0_c1', 'r0_c1->r0_c2', 'r0_c2->r0_c3', 'r0_c3->r0_c4', 'r0_c4->r1_c4', 'r1_c4->r2_c4', 'r2_c4->r3_c4', 'r3_c4->r4_c4')",638.0,prioritized_sipp_coordinator
1898,632.0,robot_3,wait,,(),(),632.25,prioritized_sipp_coordinator
1899,633.0,robot_1,continue_current_plan,task_10,"('r4_c4', 'r3_c4', 'r2_c4', 'r1_c4', 'r0_c4', 'r0_c3', 'r0_c2', 'r0_c1', 'r0_c0', 'r0_c1', 'r0_c2', 'r0_c3', 'r0_c4', 'r1_c4', 'r2_c4', 'r3_c4', 'r4_c4')","('r4_c4->r3_c4', 'r3_c4->r2_c4', 'r2_c4->r1_c4', 'r1_c4->r0_c4', 'r0_c4->r0_c3', 'r0_c3->r0_c2', 'r0_c2->r0_c1', 'r0_c1->r0_c0', 'r0_c0->r0_c1', 'r0_c1->r0_c2', 'r0_c2->r0_c3', 'r0_c3->r0_c4', 'r0_c4->r1_c4', 'r1_c4->r2_c4', 'r2_c4->r3_c4', 'r3_c4->r4_c4')",637.0,prioritized_sipp_coordinator
1900,633.0,robot_2,continue_current_plan,task_11,"('r4_c4', 'r3_c4', 'r2_c4', 'r1_c4', 'r0_c4', 'r0_c3', 'r0_c2', 'r0_c1', 'r0_c0', 'r0_c1', 'r0_c2', 'r0_c3', 'r0_c4', 'r1_c4', 'r2_c4', 'r3_c4', 'r4_c4')","('r4_c4->r3_c4', 'r3_c4->r2_c4', 'r2_c4->r1_c4', 'r1_c4->r0_c4', 'r0_c4->r0_c3', 'r0_c3->r0_c2', 'r0_c2->r0_c1', 'r0_c1->r0_c0', 'r0_c0->r0_c1', 'r0_c1->r0_c2', 'r0_c2->r0_c3', 'r0_c3->r0_c4', 'r0_c4->r1_c4', 'r1_c4->r2_c4', 'r2_c4->r3_c4', 'r3_c4->r4_c4')",638.0,prioritized_sipp_coordinator
1901,633.0,robot_3,wait,,(),(),633.25,prioritized_sipp_coordinator
1902,634.0,robot_1,continue_current_plan,task_10,"('r4_c4', 'r3_c4', 'r2_c4', 'r1_c4', 'r0_c4', 'r0_c3', 'r0_c2', 'r0_c1', 'r0_c0', 'r0_c1', 'r0_c2', 'r0_c3', 'r0_c4', 'r1_c4', 'r2_c4', 'r3_c4', 'r4_c4')","('r4_c4->r3_c4', 'r3_c4->r2_c4', 'r2_c4->r1_c4', 'r1_c4->r0_c4', 'r0_c4->r0_c3', 'r0_c3->r0_c2', 'r0_c2->r0_c1', 'r0_c1->r0_c0', 'r0_c0->r0_c1', 'r0_c1->r0_c2', 'r0_c2->r0_c3', 'r0_c3->r0_c4', 'r0_c4->r1_c4', 'r1_c4->r2_c4', 'r2_c4->r3_c4', 'r3_c4->r4_c4')",637.0,prioritized_sipp_coordinator
1903,634.0,robot_2,continue_current_plan,task_11,"('r4_c4', 'r3_c4', 'r2_c4', 'r1_c4', 'r0_c4', 'r0_c3', 'r0_c2', 'r0_c1', 'r0_c0', 'r0_c1', 'r0_c2', 'r0_c3', 'r0_c4', 'r1_c4', 'r2_c4', 'r3_c4', 'r4_c4')","('r4_c4->r3_c4', 'r3_c4->r2_c4', 'r2_c4->r1_c4', 'r1_c4->r0_c4', 'r0_c4->r0_c3', 'r0_c3->r0_c2', 'r0_c2->r0_c1', 'r0_c1->r0_c0', 'r0_c0->r0_c1', 'r0_c1->r0_c2', 'r0_c2->r0_c3', 'r0_c3->r0_c4', 'r0_c4->r1_c4', 'r1_c4->r2_c4', 'r2_c4->r3_c4', 'r3_c4->r4_c4')",638.0,prioritized_sipp_coordinator
1904,634.0,robot_3,wait,,(),(),634.25,prioritized_sipp_coordinator
1905,635.0,robot_1,continue_current_plan,task_10,"('r4_c4', 'r3_c4', 'r2_c4', 'r1_c4', 'r0_c4', 'r0_c3', 'r0_c2', 'r0_c1', 'r0_c0', 'r0_c1', 'r0_c2', 'r0_c3', 'r0_c4', 'r1_c4', 'r2_c4', 'r3_c4', 'r4_c4')","('r4_c4->r3_c4', 'r3_c4->r2_c4', 'r2_c4->r1_c4', 'r1_c4->r0_c4', 'r0_c4->r0_c3', 'r0_c3->r0_c2', 'r0_c2->r0_c1', 'r0_c1->r0_c0', 'r0_c0->r0_c1', 'r0_c1->r0_c2', 'r0_c2->r0_c3', 'r0_c3->r0_c4', 'r0_c4->r1_c4', 'r1_c4->r2_c4', 'r2_c4->r3_c4', 'r3_c4->r4_c4')",637.0,prioritized_sipp_coordinator
1906,635.0,robot_2,continue_current_plan,task_11,"('r4_c4', 'r3_c4', 'r2_c4', 'r1_c4', 'r0_c4', 'r0_c3', 'r0_c2', 'r0_c1', 'r0_c0', 'r0_c1', 'r0_c2', 'r0_c3', 'r0_c4', 'r1_c4', 'r2_c4', 'r3_c4', 'r4_c4')","('r4_c4->r3_c4', 'r3_c4->r2_c4', 'r2_c4->r1_c4', 'r1_c4->r0_c4', 'r0_c4->r0_c3', 'r0_c3->r0_c2', 'r0_c2->r0_c1', 'r0_c1->r0_c0', 'r0_c0->r0_c1', 'r0_c1->r0_c2', 'r0_c2->r0_c3', 'r0_c3->r0_c4', 'r0_c4->r1_c4', 'r1_c4->r2_c4', 'r2_c4->r3_c4', 'r3_c4->r4_c4')",638.0,prioritized_sipp_coordinator
1907,635.0,robot_3,wait,,(),(),635.25,prioritized_sipp_coordinator
1908,636.0,robot_1,continue_current_plan,task_10,"('r4_c4', 'r3_c4', 'r2_c4', 'r1_c4', 'r0_c4', 'r0_c3', 'r0_c2', 'r0_c1', 'r0_c0', 'r0_c1', 'r0_c2', 'r0_c3', 'r0_c4', 'r1_c4', 'r2_c4', 'r3_c4', 'r4_c4')","('r4_c4->r3_c4', 'r3_c4->r2_c4', 'r2_c4->r1_c4', 'r1_c4->r0_c4', 'r0_c4->r0_c3', 'r0_c3->r0_c2', 'r0_c2->r0_c1', 'r0_c1->r0_c0', 'r0_c0->r0_c1', 'r0_c1->r0_c2', 'r0_c2->r0_c3', 'r0_c3->r0_c4', 'r0_c4->r1_c4', 'r1_c4->r2_c4', 'r2_c4->r3_c4', 'r3_c4->r4_c4')",637.0,prioritized_sipp_coordinator
1909,636.0,robot_2,continue_current_plan,task_11,"('r4_c4', 'r3_c4', 'r2_c4', 'r1_c4', 'r0_c4', 'r0_c3', 'r0_c2', 'r0_c1', 'r0_c0', 'r0_c1', 'r0_c2', 'r0_c3', 'r0_c4', 'r1_c4', 'r2_c4', 'r3_c4', 'r4_c4')","('r4_c4->r3_c4', 'r3_c4->r2_c4', 'r2_c4->r1_c4', 'r1_c4->r0_c4', 'r0_c4->r0_c3', 'r0_c3->r0_c2', 'r0_c2->r0_c1', 'r0_c1->r0_c0', 'r0_c0->r0_c1', 'r0_c1->r0_c2', 'r0_c2->r0_c3', 'r0_c3->r0_c4', 'r0_c4->r1_c4', 'r1_c4->r2_c4', 'r2_c4->r3_c4', 'r3_c4->r4_c4')",638.0,prioritized_sipp_coordinator
1910,636.0,robot_3,wait,,(),(),636.25,prioritized_sipp_coordinator
1911,637.0,robot_1,wait,,(),(),637.25,prioritized_sipp_coordinator
1912,637.0,robot_2,continue_current_plan,task_11,"('r4_c4', 'r3_c4', 'r2_c4', 'r1_c4', 'r0_c4', 'r0_c3', 'r0_c2', 'r0_c1', 'r0_c0', 'r0_c1', 'r0_c2', 'r0_c3', 'r0_c4', 'r1_c4', 'r2_c4', 'r3_c4', 'r4_c4')","('r4_c4->r3_c4', 'r3_c4->r2_c4', 'r2_c4->r1_c4', 'r1_c4->r0_c4', 'r0_c4->r0_c3', 'r0_c3->r0_c2', 'r0_c2->r0_c1', 'r0_c1->r0_c0', 'r0_c0->r0_c1', 'r0_c1->r0_c2', 'r0_c2->r0_c3', 'r0_c3->r0_c4', 'r0_c4->r1_c4', 'r1_c4->r2_c4', 'r2_c4->r3_c4', 'r3_c4->r4_c4')",638.0,prioritized_sipp_coordinator
1913,637.0,robot_3,wait,,(),(),637.25,prioritized_sipp_coordinator
1914,638.0,robot_1,wait,,(),(),638.25,prioritized_sipp_coordinator
1915,638.0,robot_2,wait,,(),(),638.25,prioritized_sipp_coordinator
1916,638.0,robot_3,wait,,(),(),638.25,prioritized_sipp_coordinator
