metric_schema_version,benchmark_name,scenario_family,scenario_id,scenario_name,seed,left_policy,right_policy,left_policy_family,right_policy_family,decision_count_left,decision_count_right,identical_decision_rate,identical_trace,audit_status
1.1,canonical_dispatch_benchmark_heavy,canonical_dispatch_heavy,dense_crossing_heavy,dense_crossing_heavy,7,congestion_aware_nearest_robot_task,fifo,heuristic_dispatch,heuristic_dispatch,312,312,0.7756410256410257,False,distinct
1.1,canonical_dispatch_benchmark_heavy,canonical_dispatch_heavy,dense_crossing_heavy,dense_crossing_heavy,7,congestion_aware_nearest_robot_task,nearest_robot_task,heuristic_dispatch,heuristic_dispatch,312,312,1.0,True,potentially_collapsed
1.1,canonical_dispatch_benchmark_heavy,canonical_dispatch_heavy,dense_crossing_heavy,dense_crossing_heavy,7,congestion_aware_nearest_robot_task,trained_graph_dispatch_model,heuristic_dispatch,learned_dispatch,312,312,0.5448717948717948,False,distinct
1.1,canonical_dispatch_benchmark_heavy,canonical_dispatch_heavy,dense_crossing_heavy,dense_crossing_heavy,7,congestion_aware_nearest_robot_task,trained_linear_model,heuristic_dispatch,learned_dispatch,312,312,0.14743589743589744,False,distinct
1.1,canonical_dispatch_benchmark_heavy,canonical_dispatch_heavy,dense_crossing_heavy,dense_crossing_heavy,7,congestion_aware_nearest_robot_task,trained_mlp_model,heuristic_dispatch,learned_dispatch,312,312,0.1346153846153846,False,distinct
1.1,canonical_dispatch_benchmark_heavy,canonical_dispatch_heavy,dense_crossing_heavy,dense_crossing_heavy,7,fifo,nearest_robot_task,heuristic_dispatch,heuristic_dispatch,312,312,0.7756410256410257,False,distinct
1.1,canonical_dispatch_benchmark_heavy,canonical_dispatch_heavy,dense_crossing_heavy,dense_crossing_heavy,7,fifo,trained_graph_dispatch_model,heuristic_dispatch,learned_dispatch,312,312,0.5384615384615384,False,distinct
1.1,canonical_dispatch_benchmark_heavy,canonical_dispatch_heavy,dense_crossing_heavy,dense_crossing_heavy,7,fifo,trained_linear_model,heuristic_dispatch,learned_dispatch,312,312,0.14102564102564102,False,distinct
1.1,canonical_dispatch_benchmark_heavy,canonical_dispatch_heavy,dense_crossing_heavy,dense_crossing_heavy,7,fifo,trained_mlp_model,heuristic_dispatch,learned_dispatch,312,312,0.04487179487179487,False,distinct
1.1,canonical_dispatch_benchmark_heavy,canonical_dispatch_heavy,dense_crossing_heavy,dense_crossing_heavy,7,nearest_robot_task,trained_graph_dispatch_model,heuristic_dispatch,learned_dispatch,312,312,0.5448717948717948,False,distinct
1.1,canonical_dispatch_benchmark_heavy,canonical_dispatch_heavy,dense_crossing_heavy,dense_crossing_heavy,7,nearest_robot_task,trained_linear_model,heuristic_dispatch,learned_dispatch,312,312,0.14743589743589744,False,distinct
1.1,canonical_dispatch_benchmark_heavy,canonical_dispatch_heavy,dense_crossing_heavy,dense_crossing_heavy,7,nearest_robot_task,trained_mlp_model,heuristic_dispatch,learned_dispatch,312,312,0.1346153846153846,False,distinct
1.1,canonical_dispatch_benchmark_heavy,canonical_dispatch_heavy,dense_crossing_heavy,dense_crossing_heavy,7,trained_graph_dispatch_model,trained_linear_model,learned_dispatch,learned_dispatch,312,312,0.36217948717948717,False,distinct
1.1,canonical_dispatch_benchmark_heavy,canonical_dispatch_heavy,dense_crossing_heavy,dense_crossing_heavy,7,trained_graph_dispatch_model,trained_mlp_model,learned_dispatch,learned_dispatch,312,312,0.13141025641025642,False,distinct
1.1,canonical_dispatch_benchmark_heavy,canonical_dispatch_heavy,dense_crossing_heavy,dense_crossing_heavy,7,trained_linear_model,trained_mlp_model,learned_dispatch,learned_dispatch,312,312,0.07371794871794872,False,distinct
1.1,canonical_dispatch_benchmark_heavy,canonical_dispatch_heavy,dense_crossing_heavy,dense_crossing_heavy,11,congestion_aware_nearest_robot_task,fifo,heuristic_dispatch,heuristic_dispatch,325,325,0.8923076923076924,False,distinct
1.1,canonical_dispatch_benchmark_heavy,canonical_dispatch_heavy,dense_crossing_heavy,dense_crossing_heavy,11,congestion_aware_nearest_robot_task,nearest_robot_task,heuristic_dispatch,heuristic_dispatch,325,325,1.0,True,potentially_collapsed
1.1,canonical_dispatch_benchmark_heavy,canonical_dispatch_heavy,dense_crossing_heavy,dense_crossing_heavy,11,congestion_aware_nearest_robot_task,trained_graph_dispatch_model,heuristic_dispatch,learned_dispatch,325,325,0.5538461538461539,False,distinct
1.1,canonical_dispatch_benchmark_heavy,canonical_dispatch_heavy,dense_crossing_heavy,dense_crossing_heavy,11,congestion_aware_nearest_robot_task,trained_linear_model,heuristic_dispatch,learned_dispatch,325,325,0.15076923076923077,False,distinct
1.1,canonical_dispatch_benchmark_heavy,canonical_dispatch_heavy,dense_crossing_heavy,dense_crossing_heavy,11,congestion_aware_nearest_robot_task,trained_mlp_model,heuristic_dispatch,learned_dispatch,325,325,0.27384615384615385,False,distinct
1.1,canonical_dispatch_benchmark_heavy,canonical_dispatch_heavy,dense_crossing_heavy,dense_crossing_heavy,11,fifo,nearest_robot_task,heuristic_dispatch,heuristic_dispatch,325,325,0.8923076923076924,False,distinct
1.1,canonical_dispatch_benchmark_heavy,canonical_dispatch_heavy,dense_crossing_heavy,dense_crossing_heavy,11,fifo,trained_graph_dispatch_model,heuristic_dispatch,learned_dispatch,325,325,0.52,False,distinct
1.1,canonical_dispatch_benchmark_heavy,canonical_dispatch_heavy,dense_crossing_heavy,dense_crossing_heavy,11,fifo,trained_linear_model,heuristic_dispatch,learned_dispatch,325,325,0.13846153846153847,False,distinct
1.1,canonical_dispatch_benchmark_heavy,canonical_dispatch_heavy,dense_crossing_heavy,dense_crossing_heavy,11,fifo,trained_mlp_model,heuristic_dispatch,learned_dispatch,325,325,0.31076923076923074,False,distinct
1.1,canonical_dispatch_benchmark_heavy,canonical_dispatch_heavy,dense_crossing_heavy,dense_crossing_heavy,11,nearest_robot_task,trained_graph_dispatch_model,heuristic_dispatch,learned_dispatch,325,325,0.5538461538461539,False,distinct
1.1,canonical_dispatch_benchmark_heavy,canonical_dispatch_heavy,dense_crossing_heavy,dense_crossing_heavy,11,nearest_robot_task,trained_linear_model,heuristic_dispatch,learned_dispatch,325,325,0.15076923076923077,False,distinct
1.1,canonical_dispatch_benchmark_heavy,canonical_dispatch_heavy,dense_crossing_heavy,dense_crossing_heavy,11,nearest_robot_task,trained_mlp_model,heuristic_dispatch,learned_dispatch,325,325,0.27384615384615385,False,distinct
1.1,canonical_dispatch_benchmark_heavy,canonical_dispatch_heavy,dense_crossing_heavy,dense_crossing_heavy,11,trained_graph_dispatch_model,trained_linear_model,learned_dispatch,learned_dispatch,325,325,0.23384615384615384,False,distinct
1.1,canonical_dispatch_benchmark_heavy,canonical_dispatch_heavy,dense_crossing_heavy,dense_crossing_heavy,11,trained_graph_dispatch_model,trained_mlp_model,learned_dispatch,learned_dispatch,325,325,0.13538461538461538,False,distinct
1.1,canonical_dispatch_benchmark_heavy,canonical_dispatch_heavy,dense_crossing_heavy,dense_crossing_heavy,11,trained_linear_model,trained_mlp_model,learned_dispatch,learned_dispatch,325,325,0.08615384615384615,False,distinct
1.1,canonical_dispatch_benchmark_heavy,canonical_dispatch_heavy,dense_crossing_heavy,dense_crossing_heavy,13,congestion_aware_nearest_robot_task,fifo,heuristic_dispatch,heuristic_dispatch,311,311,0.8810289389067524,False,distinct
1.1,canonical_dispatch_benchmark_heavy,canonical_dispatch_heavy,dense_crossing_heavy,dense_crossing_heavy,13,congestion_aware_nearest_robot_task,nearest_robot_task,heuristic_dispatch,heuristic_dispatch,311,311,1.0,True,potentially_collapsed
1.1,canonical_dispatch_benchmark_heavy,canonical_dispatch_heavy,dense_crossing_heavy,dense_crossing_heavy,13,congestion_aware_nearest_robot_task,trained_graph_dispatch_model,heuristic_dispatch,learned_dispatch,311,311,0.5434083601286174,False,distinct
1.1,canonical_dispatch_benchmark_heavy,canonical_dispatch_heavy,dense_crossing_heavy,dense_crossing_heavy,13,congestion_aware_nearest_robot_task,trained_linear_model,heuristic_dispatch,learned_dispatch,311,311,0.2604501607717042,False,distinct
1.1,canonical_dispatch_benchmark_heavy,canonical_dispatch_heavy,dense_crossing_heavy,dense_crossing_heavy,13,congestion_aware_nearest_robot_task,trained_mlp_model,heuristic_dispatch,learned_dispatch,311,311,0.19935691318327975,False,distinct
1.1,canonical_dispatch_benchmark_heavy,canonical_dispatch_heavy,dense_crossing_heavy,dense_crossing_heavy,13,fifo,nearest_robot_task,heuristic_dispatch,heuristic_dispatch,311,311,0.8810289389067524,False,distinct
1.1,canonical_dispatch_benchmark_heavy,canonical_dispatch_heavy,dense_crossing_heavy,dense_crossing_heavy,13,fifo,trained_graph_dispatch_model,heuristic_dispatch,learned_dispatch,311,311,0.5434083601286174,False,distinct
1.1,canonical_dispatch_benchmark_heavy,canonical_dispatch_heavy,dense_crossing_heavy,dense_crossing_heavy,13,fifo,trained_linear_model,heuristic_dispatch,learned_dispatch,311,311,0.2604501607717042,False,distinct
1.1,canonical_dispatch_benchmark_heavy,canonical_dispatch_heavy,dense_crossing_heavy,dense_crossing_heavy,13,fifo,trained_mlp_model,heuristic_dispatch,learned_dispatch,311,311,0.2540192926045016,False,distinct
1.1,canonical_dispatch_benchmark_heavy,canonical_dispatch_heavy,dense_crossing_heavy,dense_crossing_heavy,13,nearest_robot_task,trained_graph_dispatch_model,heuristic_dispatch,learned_dispatch,311,311,0.5434083601286174,False,distinct
1.1,canonical_dispatch_benchmark_heavy,canonical_dispatch_heavy,dense_crossing_heavy,dense_crossing_heavy,13,nearest_robot_task,trained_linear_model,heuristic_dispatch,learned_dispatch,311,311,0.2604501607717042,False,distinct
1.1,canonical_dispatch_benchmark_heavy,canonical_dispatch_heavy,dense_crossing_heavy,dense_crossing_heavy,13,nearest_robot_task,trained_mlp_model,heuristic_dispatch,learned_dispatch,311,311,0.19935691318327975,False,distinct
1.1,canonical_dispatch_benchmark_heavy,canonical_dispatch_heavy,dense_crossing_heavy,dense_crossing_heavy,13,trained_graph_dispatch_model,trained_linear_model,learned_dispatch,learned_dispatch,311,311,0.7170418006430869,False,distinct
1.1,canonical_dispatch_benchmark_heavy,canonical_dispatch_heavy,dense_crossing_heavy,dense_crossing_heavy,13,trained_graph_dispatch_model,trained_mlp_model,learned_dispatch,learned_dispatch,311,311,0.22508038585209003,False,distinct
1.1,canonical_dispatch_benchmark_heavy,canonical_dispatch_heavy,dense_crossing_heavy,dense_crossing_heavy,13,trained_linear_model,trained_mlp_model,learned_dispatch,learned_dispatch,311,311,0.3858520900321543,False,distinct
1.1,canonical_dispatch_benchmark_heavy,canonical_dispatch_heavy,dense_crossing_heavy,dense_crossing_heavy,17,congestion_aware_nearest_robot_task,fifo,heuristic_dispatch,heuristic_dispatch,344,344,0.9476744186046512,False,distinct
1.1,canonical_dispatch_benchmark_heavy,canonical_dispatch_heavy,dense_crossing_heavy,dense_crossing_heavy,17,congestion_aware_nearest_robot_task,nearest_robot_task,heuristic_dispatch,heuristic_dispatch,344,344,1.0,True,potentially_collapsed
1.1,canonical_dispatch_benchmark_heavy,canonical_dispatch_heavy,dense_crossing_heavy,dense_crossing_heavy,17,congestion_aware_nearest_robot_task,trained_graph_dispatch_model,heuristic_dispatch,learned_dispatch,344,344,0.563953488372093,False,distinct
1.1,canonical_dispatch_benchmark_heavy,canonical_dispatch_heavy,dense_crossing_heavy,dense_crossing_heavy,17,congestion_aware_nearest_robot_task,trained_linear_model,heuristic_dispatch,learned_dispatch,344,344,0.35755813953488375,False,distinct
1.1,canonical_dispatch_benchmark_heavy,canonical_dispatch_heavy,dense_crossing_heavy,dense_crossing_heavy,17,congestion_aware_nearest_robot_task,trained_mlp_model,heuristic_dispatch,learned_dispatch,344,344,0.23837209302325582,False,distinct
1.1,canonical_dispatch_benchmark_heavy,canonical_dispatch_heavy,dense_crossing_heavy,dense_crossing_heavy,17,fifo,nearest_robot_task,heuristic_dispatch,heuristic_dispatch,344,344,0.9476744186046512,False,distinct
1.1,canonical_dispatch_benchmark_heavy,canonical_dispatch_heavy,dense_crossing_heavy,dense_crossing_heavy,17,fifo,trained_graph_dispatch_model,heuristic_dispatch,learned_dispatch,344,344,0.5494186046511628,False,distinct
1.1,canonical_dispatch_benchmark_heavy,canonical_dispatch_heavy,dense_crossing_heavy,dense_crossing_heavy,17,fifo,trained_linear_model,heuristic_dispatch,learned_dispatch,344,344,0.3226744186046512,False,distinct
1.1,canonical_dispatch_benchmark_heavy,canonical_dispatch_heavy,dense_crossing_heavy,dense_crossing_heavy,17,fifo,trained_mlp_model,heuristic_dispatch,learned_dispatch,344,344,0.24709302325581395,False,distinct
1.1,canonical_dispatch_benchmark_heavy,canonical_dispatch_heavy,dense_crossing_heavy,dense_crossing_heavy,17,nearest_robot_task,trained_graph_dispatch_model,heuristic_dispatch,learned_dispatch,344,344,0.563953488372093,False,distinct
1.1,canonical_dispatch_benchmark_heavy,canonical_dispatch_heavy,dense_crossing_heavy,dense_crossing_heavy,17,nearest_robot_task,trained_linear_model,heuristic_dispatch,learned_dispatch,344,344,0.35755813953488375,False,distinct
1.1,canonical_dispatch_benchmark_heavy,canonical_dispatch_heavy,dense_crossing_heavy,dense_crossing_heavy,17,nearest_robot_task,trained_mlp_model,heuristic_dispatch,learned_dispatch,344,344,0.23837209302325582,False,distinct
1.1,canonical_dispatch_benchmark_heavy,canonical_dispatch_heavy,dense_crossing_heavy,dense_crossing_heavy,17,trained_graph_dispatch_model,trained_linear_model,learned_dispatch,learned_dispatch,344,344,0.29069767441860467,False,distinct
1.1,canonical_dispatch_benchmark_heavy,canonical_dispatch_heavy,dense_crossing_heavy,dense_crossing_heavy,17,trained_graph_dispatch_model,trained_mlp_model,learned_dispatch,learned_dispatch,344,344,0.25872093023255816,False,distinct
1.1,canonical_dispatch_benchmark_heavy,canonical_dispatch_heavy,dense_crossing_heavy,dense_crossing_heavy,17,trained_linear_model,trained_mlp_model,learned_dispatch,learned_dispatch,344,344,0.1569767441860465,False,distinct
1.1,canonical_dispatch_benchmark_heavy,canonical_dispatch_heavy,dense_crossing_heavy,dense_crossing_heavy,19,congestion_aware_nearest_robot_task,fifo,heuristic_dispatch,heuristic_dispatch,308,308,0.9415584415584416,False,distinct
1.1,canonical_dispatch_benchmark_heavy,canonical_dispatch_heavy,dense_crossing_heavy,dense_crossing_heavy,19,congestion_aware_nearest_robot_task,nearest_robot_task,heuristic_dispatch,heuristic_dispatch,308,308,1.0,True,potentially_collapsed
1.1,canonical_dispatch_benchmark_heavy,canonical_dispatch_heavy,dense_crossing_heavy,dense_crossing_heavy,19,congestion_aware_nearest_robot_task,trained_graph_dispatch_model,heuristic_dispatch,learned_dispatch,308,308,0.5292207792207793,False,distinct
1.1,canonical_dispatch_benchmark_heavy,canonical_dispatch_heavy,dense_crossing_heavy,dense_crossing_heavy,19,congestion_aware_nearest_robot_task,trained_linear_model,heuristic_dispatch,learned_dispatch,308,308,0.09090909090909091,False,distinct
1.1,canonical_dispatch_benchmark_heavy,canonical_dispatch_heavy,dense_crossing_heavy,dense_crossing_heavy,19,congestion_aware_nearest_robot_task,trained_mlp_model,heuristic_dispatch,learned_dispatch,308,308,0.12337662337662338,False,distinct
1.1,canonical_dispatch_benchmark_heavy,canonical_dispatch_heavy,dense_crossing_heavy,dense_crossing_heavy,19,fifo,nearest_robot_task,heuristic_dispatch,heuristic_dispatch,308,308,0.9415584415584416,False,distinct
1.1,canonical_dispatch_benchmark_heavy,canonical_dispatch_heavy,dense_crossing_heavy,dense_crossing_heavy,19,fifo,trained_graph_dispatch_model,heuristic_dispatch,learned_dispatch,308,308,0.512987012987013,False,distinct
1.1,canonical_dispatch_benchmark_heavy,canonical_dispatch_heavy,dense_crossing_heavy,dense_crossing_heavy,19,fifo,trained_linear_model,heuristic_dispatch,learned_dispatch,308,308,0.07142857142857142,False,distinct
1.1,canonical_dispatch_benchmark_heavy,canonical_dispatch_heavy,dense_crossing_heavy,dense_crossing_heavy,19,fifo,trained_mlp_model,heuristic_dispatch,learned_dispatch,308,308,0.1331168831168831,False,distinct
1.1,canonical_dispatch_benchmark_heavy,canonical_dispatch_heavy,dense_crossing_heavy,dense_crossing_heavy,19,nearest_robot_task,trained_graph_dispatch_model,heuristic_dispatch,learned_dispatch,308,308,0.5292207792207793,False,distinct
1.1,canonical_dispatch_benchmark_heavy,canonical_dispatch_heavy,dense_crossing_heavy,dense_crossing_heavy,19,nearest_robot_task,trained_linear_model,heuristic_dispatch,learned_dispatch,308,308,0.09090909090909091,False,distinct
1.1,canonical_dispatch_benchmark_heavy,canonical_dispatch_heavy,dense_crossing_heavy,dense_crossing_heavy,19,nearest_robot_task,trained_mlp_model,heuristic_dispatch,learned_dispatch,308,308,0.12337662337662338,False,distinct
1.1,canonical_dispatch_benchmark_heavy,canonical_dispatch_heavy,dense_crossing_heavy,dense_crossing_heavy,19,trained_graph_dispatch_model,trained_linear_model,learned_dispatch,learned_dispatch,308,308,0.30844155844155846,False,distinct
1.1,canonical_dispatch_benchmark_heavy,canonical_dispatch_heavy,dense_crossing_heavy,dense_crossing_heavy,19,trained_graph_dispatch_model,trained_mlp_model,learned_dispatch,learned_dispatch,308,308,0.3538961038961039,False,distinct
1.1,canonical_dispatch_benchmark_heavy,canonical_dispatch_heavy,dense_crossing_heavy,dense_crossing_heavy,19,trained_linear_model,trained_mlp_model,learned_dispatch,learned_dispatch,308,308,0.36688311688311687,False,distinct
1.1,canonical_dispatch_benchmark_heavy,canonical_dispatch_heavy,dense_crossing_heavy,dense_crossing_heavy,23,congestion_aware_nearest_robot_task,fifo,heuristic_dispatch,heuristic_dispatch,315,315,0.926984126984127,False,distinct
1.1,canonical_dispatch_benchmark_heavy,canonical_dispatch_heavy,dense_crossing_heavy,dense_crossing_heavy,23,congestion_aware_nearest_robot_task,nearest_robot_task,heuristic_dispatch,heuristic_dispatch,315,315,1.0,True,potentially_collapsed
1.1,canonical_dispatch_benchmark_heavy,canonical_dispatch_heavy,dense_crossing_heavy,dense_crossing_heavy,23,congestion_aware_nearest_robot_task,trained_graph_dispatch_model,heuristic_dispatch,learned_dispatch,315,315,0.5619047619047619,False,distinct
1.1,canonical_dispatch_benchmark_heavy,canonical_dispatch_heavy,dense_crossing_heavy,dense_crossing_heavy,23,congestion_aware_nearest_robot_task,trained_linear_model,heuristic_dispatch,learned_dispatch,315,315,0.5555555555555556,False,distinct
1.1,canonical_dispatch_benchmark_heavy,canonical_dispatch_heavy,dense_crossing_heavy,dense_crossing_heavy,23,congestion_aware_nearest_robot_task,trained_mlp_model,heuristic_dispatch,learned_dispatch,315,315,0.14285714285714285,False,distinct
1.1,canonical_dispatch_benchmark_heavy,canonical_dispatch_heavy,dense_crossing_heavy,dense_crossing_heavy,23,fifo,nearest_robot_task,heuristic_dispatch,heuristic_dispatch,315,315,0.926984126984127,False,distinct
1.1,canonical_dispatch_benchmark_heavy,canonical_dispatch_heavy,dense_crossing_heavy,dense_crossing_heavy,23,fifo,trained_graph_dispatch_model,heuristic_dispatch,learned_dispatch,315,315,0.526984126984127,False,distinct
1.1,canonical_dispatch_benchmark_heavy,canonical_dispatch_heavy,dense_crossing_heavy,dense_crossing_heavy,23,fifo,trained_linear_model,heuristic_dispatch,learned_dispatch,315,315,0.5206349206349207,False,distinct
1.1,canonical_dispatch_benchmark_heavy,canonical_dispatch_heavy,dense_crossing_heavy,dense_crossing_heavy,23,fifo,trained_mlp_model,heuristic_dispatch,learned_dispatch,315,315,0.17142857142857143,False,distinct
1.1,canonical_dispatch_benchmark_heavy,canonical_dispatch_heavy,dense_crossing_heavy,dense_crossing_heavy,23,nearest_robot_task,trained_graph_dispatch_model,heuristic_dispatch,learned_dispatch,315,315,0.5619047619047619,False,distinct
1.1,canonical_dispatch_benchmark_heavy,canonical_dispatch_heavy,dense_crossing_heavy,dense_crossing_heavy,23,nearest_robot_task,trained_linear_model,heuristic_dispatch,learned_dispatch,315,315,0.5555555555555556,False,distinct
1.1,canonical_dispatch_benchmark_heavy,canonical_dispatch_heavy,dense_crossing_heavy,dense_crossing_heavy,23,nearest_robot_task,trained_mlp_model,heuristic_dispatch,learned_dispatch,315,315,0.14285714285714285,False,distinct
1.1,canonical_dispatch_benchmark_heavy,canonical_dispatch_heavy,dense_crossing_heavy,dense_crossing_heavy,23,trained_graph_dispatch_model,trained_linear_model,learned_dispatch,learned_dispatch,315,315,0.5682539682539682,False,distinct
1.1,canonical_dispatch_benchmark_heavy,canonical_dispatch_heavy,dense_crossing_heavy,dense_crossing_heavy,23,trained_graph_dispatch_model,trained_mlp_model,learned_dispatch,learned_dispatch,315,315,0.13015873015873017,False,distinct
1.1,canonical_dispatch_benchmark_heavy,canonical_dispatch_heavy,dense_crossing_heavy,dense_crossing_heavy,23,trained_linear_model,trained_mlp_model,learned_dispatch,learned_dispatch,315,315,0.13015873015873017,False,distinct
1.1,canonical_dispatch_benchmark_heavy,canonical_dispatch_heavy,dense_crossing_heavy,dense_crossing_heavy,29,congestion_aware_nearest_robot_task,fifo,heuristic_dispatch,heuristic_dispatch,335,335,0.9074626865671642,False,distinct
1.1,canonical_dispatch_benchmark_heavy,canonical_dispatch_heavy,dense_crossing_heavy,dense_crossing_heavy,29,congestion_aware_nearest_robot_task,nearest_robot_task,heuristic_dispatch,heuristic_dispatch,335,335,1.0,True,potentially_collapsed
1.1,canonical_dispatch_benchmark_heavy,canonical_dispatch_heavy,dense_crossing_heavy,dense_crossing_heavy,29,congestion_aware_nearest_robot_task,trained_graph_dispatch_model,heuristic_dispatch,learned_dispatch,335,335,0.5522388059701493,False,distinct
1.1,canonical_dispatch_benchmark_heavy,canonical_dispatch_heavy,dense_crossing_heavy,dense_crossing_heavy,29,congestion_aware_nearest_robot_task,trained_linear_model,heuristic_dispatch,learned_dispatch,335,335,0.47761194029850745,False,distinct
1.1,canonical_dispatch_benchmark_heavy,canonical_dispatch_heavy,dense_crossing_heavy,dense_crossing_heavy,29,congestion_aware_nearest_robot_task,trained_mlp_model,heuristic_dispatch,learned_dispatch,335,335,0.13134328358208955,False,distinct
1.1,canonical_dispatch_benchmark_heavy,canonical_dispatch_heavy,dense_crossing_heavy,dense_crossing_heavy,29,fifo,nearest_robot_task,heuristic_dispatch,heuristic_dispatch,335,335,0.9074626865671642,False,distinct
1.1,canonical_dispatch_benchmark_heavy,canonical_dispatch_heavy,dense_crossing_heavy,dense_crossing_heavy,29,fifo,trained_graph_dispatch_model,heuristic_dispatch,learned_dispatch,335,335,0.5134328358208955,False,distinct
1.1,canonical_dispatch_benchmark_heavy,canonical_dispatch_heavy,dense_crossing_heavy,dense_crossing_heavy,29,fifo,trained_linear_model,heuristic_dispatch,learned_dispatch,335,335,0.44776119402985076,False,distinct
1.1,canonical_dispatch_benchmark_heavy,canonical_dispatch_heavy,dense_crossing_heavy,dense_crossing_heavy,29,fifo,trained_mlp_model,heuristic_dispatch,learned_dispatch,335,335,0.14328358208955225,False,distinct
1.1,canonical_dispatch_benchmark_heavy,canonical_dispatch_heavy,dense_crossing_heavy,dense_crossing_heavy,29,nearest_robot_task,trained_graph_dispatch_model,heuristic_dispatch,learned_dispatch,335,335,0.5522388059701493,False,distinct
1.1,canonical_dispatch_benchmark_heavy,canonical_dispatch_heavy,dense_crossing_heavy,dense_crossing_heavy,29,nearest_robot_task,trained_linear_model,heuristic_dispatch,learned_dispatch,335,335,0.47761194029850745,False,distinct
1.1,canonical_dispatch_benchmark_heavy,canonical_dispatch_heavy,dense_crossing_heavy,dense_crossing_heavy,29,nearest_robot_task,trained_mlp_model,heuristic_dispatch,learned_dispatch,335,335,0.13134328358208955,False,distinct
1.1,canonical_dispatch_benchmark_heavy,canonical_dispatch_heavy,dense_crossing_heavy,dense_crossing_heavy,29,trained_graph_dispatch_model,trained_linear_model,learned_dispatch,learned_dispatch,335,335,0.11641791044776119,False,distinct
1.1,canonical_dispatch_benchmark_heavy,canonical_dispatch_heavy,dense_crossing_heavy,dense_crossing_heavy,29,trained_graph_dispatch_model,trained_mlp_model,learned_dispatch,learned_dispatch,335,335,0.1373134328358209,False,distinct
1.1,canonical_dispatch_benchmark_heavy,canonical_dispatch_heavy,dense_crossing_heavy,dense_crossing_heavy,29,trained_linear_model,trained_mlp_model,learned_dispatch,learned_dispatch,335,335,0.06567164179104477,False,distinct
1.1,canonical_dispatch_benchmark_heavy,canonical_dispatch_heavy,dense_crossing_heavy,dense_crossing_heavy,31,congestion_aware_nearest_robot_task,fifo,heuristic_dispatch,heuristic_dispatch,356,356,0.9269662921348315,False,distinct
1.1,canonical_dispatch_benchmark_heavy,canonical_dispatch_heavy,dense_crossing_heavy,dense_crossing_heavy,31,congestion_aware_nearest_robot_task,nearest_robot_task,heuristic_dispatch,heuristic_dispatch,356,356,1.0,True,potentially_collapsed
1.1,canonical_dispatch_benchmark_heavy,canonical_dispatch_heavy,dense_crossing_heavy,dense_crossing_heavy,31,congestion_aware_nearest_robot_task,trained_graph_dispatch_model,heuristic_dispatch,learned_dispatch,356,356,0.5674157303370787,False,distinct
1.1,canonical_dispatch_benchmark_heavy,canonical_dispatch_heavy,dense_crossing_heavy,dense_crossing_heavy,31,congestion_aware_nearest_robot_task,trained_linear_model,heuristic_dispatch,learned_dispatch,356,356,0.41292134831460675,False,distinct
1.1,canonical_dispatch_benchmark_heavy,canonical_dispatch_heavy,dense_crossing_heavy,dense_crossing_heavy,31,congestion_aware_nearest_robot_task,trained_mlp_model,heuristic_dispatch,learned_dispatch,356,356,0.11235955056179775,False,distinct
1.1,canonical_dispatch_benchmark_heavy,canonical_dispatch_heavy,dense_crossing_heavy,dense_crossing_heavy,31,fifo,nearest_robot_task,heuristic_dispatch,heuristic_dispatch,356,356,0.9269662921348315,False,distinct
1.1,canonical_dispatch_benchmark_heavy,canonical_dispatch_heavy,dense_crossing_heavy,dense_crossing_heavy,31,fifo,trained_graph_dispatch_model,heuristic_dispatch,learned_dispatch,356,356,0.5758426966292135,False,distinct
1.1,canonical_dispatch_benchmark_heavy,canonical_dispatch_heavy,dense_crossing_heavy,dense_crossing_heavy,31,fifo,trained_linear_model,heuristic_dispatch,learned_dispatch,356,356,0.40168539325842695,False,distinct
1.1,canonical_dispatch_benchmark_heavy,canonical_dispatch_heavy,dense_crossing_heavy,dense_crossing_heavy,31,fifo,trained_mlp_model,heuristic_dispatch,learned_dispatch,356,356,0.07303370786516854,False,distinct
1.1,canonical_dispatch_benchmark_heavy,canonical_dispatch_heavy,dense_crossing_heavy,dense_crossing_heavy,31,nearest_robot_task,trained_graph_dispatch_model,heuristic_dispatch,learned_dispatch,356,356,0.5674157303370787,False,distinct
1.1,canonical_dispatch_benchmark_heavy,canonical_dispatch_heavy,dense_crossing_heavy,dense_crossing_heavy,31,nearest_robot_task,trained_linear_model,heuristic_dispatch,learned_dispatch,356,356,0.41292134831460675,False,distinct
1.1,canonical_dispatch_benchmark_heavy,canonical_dispatch_heavy,dense_crossing_heavy,dense_crossing_heavy,31,nearest_robot_task,trained_mlp_model,heuristic_dispatch,learned_dispatch,356,356,0.11235955056179775,False,distinct
1.1,canonical_dispatch_benchmark_heavy,canonical_dispatch_heavy,dense_crossing_heavy,dense_crossing_heavy,31,trained_graph_dispatch_model,trained_linear_model,learned_dispatch,learned_dispatch,356,356,0.48314606741573035,False,distinct
1.1,canonical_dispatch_benchmark_heavy,canonical_dispatch_heavy,dense_crossing_heavy,dense_crossing_heavy,31,trained_graph_dispatch_model,trained_mlp_model,learned_dispatch,learned_dispatch,356,356,0.16573033707865167,False,distinct
1.1,canonical_dispatch_benchmark_heavy,canonical_dispatch_heavy,dense_crossing_heavy,dense_crossing_heavy,31,trained_linear_model,trained_mlp_model,learned_dispatch,learned_dispatch,356,356,0.14606741573033707,False,distinct
1.1,canonical_dispatch_benchmark_heavy,canonical_dispatch_heavy,dense_crossing_heavy,dense_crossing_heavy,37,congestion_aware_nearest_robot_task,fifo,heuristic_dispatch,heuristic_dispatch,308,308,0.7532467532467533,False,distinct
1.1,canonical_dispatch_benchmark_heavy,canonical_dispatch_heavy,dense_crossing_heavy,dense_crossing_heavy,37,congestion_aware_nearest_robot_task,nearest_robot_task,heuristic_dispatch,heuristic_dispatch,308,308,1.0,True,potentially_collapsed
1.1,canonical_dispatch_benchmark_heavy,canonical_dispatch_heavy,dense_crossing_heavy,dense_crossing_heavy,37,congestion_aware_nearest_robot_task,trained_graph_dispatch_model,heuristic_dispatch,learned_dispatch,308,308,0.5324675324675324,False,distinct
1.1,canonical_dispatch_benchmark_heavy,canonical_dispatch_heavy,dense_crossing_heavy,dense_crossing_heavy,37,congestion_aware_nearest_robot_task,trained_linear_model,heuristic_dispatch,learned_dispatch,308,308,0.36688311688311687,False,distinct
1.1,canonical_dispatch_benchmark_heavy,canonical_dispatch_heavy,dense_crossing_heavy,dense_crossing_heavy,37,congestion_aware_nearest_robot_task,trained_mlp_model,heuristic_dispatch,learned_dispatch,308,308,0.288961038961039,False,distinct
1.1,canonical_dispatch_benchmark_heavy,canonical_dispatch_heavy,dense_crossing_heavy,dense_crossing_heavy,37,fifo,nearest_robot_task,heuristic_dispatch,heuristic_dispatch,308,308,0.7532467532467533,False,distinct
1.1,canonical_dispatch_benchmark_heavy,canonical_dispatch_heavy,dense_crossing_heavy,dense_crossing_heavy,37,fifo,trained_graph_dispatch_model,heuristic_dispatch,learned_dispatch,308,308,0.5909090909090909,False,distinct
1.1,canonical_dispatch_benchmark_heavy,canonical_dispatch_heavy,dense_crossing_heavy,dense_crossing_heavy,37,fifo,trained_linear_model,heuristic_dispatch,learned_dispatch,308,308,0.29545454545454547,False,distinct
1.1,canonical_dispatch_benchmark_heavy,canonical_dispatch_heavy,dense_crossing_heavy,dense_crossing_heavy,37,fifo,trained_mlp_model,heuristic_dispatch,learned_dispatch,308,308,0.22727272727272727,False,distinct
1.1,canonical_dispatch_benchmark_heavy,canonical_dispatch_heavy,dense_crossing_heavy,dense_crossing_heavy,37,nearest_robot_task,trained_graph_dispatch_model,heuristic_dispatch,learned_dispatch,308,308,0.5324675324675324,False,distinct
1.1,canonical_dispatch_benchmark_heavy,canonical_dispatch_heavy,dense_crossing_heavy,dense_crossing_heavy,37,nearest_robot_task,trained_linear_model,heuristic_dispatch,learned_dispatch,308,308,0.36688311688311687,False,distinct
1.1,canonical_dispatch_benchmark_heavy,canonical_dispatch_heavy,dense_crossing_heavy,dense_crossing_heavy,37,nearest_robot_task,trained_mlp_model,heuristic_dispatch,learned_dispatch,308,308,0.288961038961039,False,distinct
1.1,canonical_dispatch_benchmark_heavy,canonical_dispatch_heavy,dense_crossing_heavy,dense_crossing_heavy,37,trained_graph_dispatch_model,trained_linear_model,learned_dispatch,learned_dispatch,308,308,0.4318181818181818,False,distinct
1.1,canonical_dispatch_benchmark_heavy,canonical_dispatch_heavy,dense_crossing_heavy,dense_crossing_heavy,37,trained_graph_dispatch_model,trained_mlp_model,learned_dispatch,learned_dispatch,308,308,0.19480519480519481,False,distinct
1.1,canonical_dispatch_benchmark_heavy,canonical_dispatch_heavy,dense_crossing_heavy,dense_crossing_heavy,37,trained_linear_model,trained_mlp_model,learned_dispatch,learned_dispatch,308,308,0.22727272727272727,False,distinct
1.1,canonical_dispatch_benchmark_heavy,canonical_dispatch_heavy,dense_crossing_heavy,dense_crossing_heavy,41,congestion_aware_nearest_robot_task,fifo,heuristic_dispatch,heuristic_dispatch,338,338,0.636094674556213,False,distinct
1.1,canonical_dispatch_benchmark_heavy,canonical_dispatch_heavy,dense_crossing_heavy,dense_crossing_heavy,41,congestion_aware_nearest_robot_task,nearest_robot_task,heuristic_dispatch,heuristic_dispatch,338,338,1.0,True,potentially_collapsed
1.1,canonical_dispatch_benchmark_heavy,canonical_dispatch_heavy,dense_crossing_heavy,dense_crossing_heavy,41,congestion_aware_nearest_robot_task,trained_graph_dispatch_model,heuristic_dispatch,learned_dispatch,338,338,0.5532544378698225,False,distinct
1.1,canonical_dispatch_benchmark_heavy,canonical_dispatch_heavy,dense_crossing_heavy,dense_crossing_heavy,41,congestion_aware_nearest_robot_task,trained_linear_model,heuristic_dispatch,learned_dispatch,338,338,0.2455621301775148,False,distinct
1.1,canonical_dispatch_benchmark_heavy,canonical_dispatch_heavy,dense_crossing_heavy,dense_crossing_heavy,41,congestion_aware_nearest_robot_task,trained_mlp_model,heuristic_dispatch,learned_dispatch,338,338,0.12130177514792899,False,distinct
1.1,canonical_dispatch_benchmark_heavy,canonical_dispatch_heavy,dense_crossing_heavy,dense_crossing_heavy,41,fifo,nearest_robot_task,heuristic_dispatch,heuristic_dispatch,338,338,0.636094674556213,False,distinct
1.1,canonical_dispatch_benchmark_heavy,canonical_dispatch_heavy,dense_crossing_heavy,dense_crossing_heavy,41,fifo,trained_graph_dispatch_model,heuristic_dispatch,learned_dispatch,338,338,0.7485207100591716,False,distinct
1.1,canonical_dispatch_benchmark_heavy,canonical_dispatch_heavy,dense_crossing_heavy,dense_crossing_heavy,41,fifo,trained_linear_model,heuristic_dispatch,learned_dispatch,338,338,0.34023668639053256,False,distinct
1.1,canonical_dispatch_benchmark_heavy,canonical_dispatch_heavy,dense_crossing_heavy,dense_crossing_heavy,41,fifo,trained_mlp_model,heuristic_dispatch,learned_dispatch,338,338,0.11834319526627218,False,distinct
1.1,canonical_dispatch_benchmark_heavy,canonical_dispatch_heavy,dense_crossing_heavy,dense_crossing_heavy,41,nearest_robot_task,trained_graph_dispatch_model,heuristic_dispatch,learned_dispatch,338,338,0.5532544378698225,False,distinct
1.1,canonical_dispatch_benchmark_heavy,canonical_dispatch_heavy,dense_crossing_heavy,dense_crossing_heavy,41,nearest_robot_task,trained_linear_model,heuristic_dispatch,learned_dispatch,338,338,0.2455621301775148,False,distinct
1.1,canonical_dispatch_benchmark_heavy,canonical_dispatch_heavy,dense_crossing_heavy,dense_crossing_heavy,41,nearest_robot_task,trained_mlp_model,heuristic_dispatch,learned_dispatch,338,338,0.12130177514792899,False,distinct
1.1,canonical_dispatch_benchmark_heavy,canonical_dispatch_heavy,dense_crossing_heavy,dense_crossing_heavy,41,trained_graph_dispatch_model,trained_linear_model,learned_dispatch,learned_dispatch,338,338,0.47337278106508873,False,distinct
1.1,canonical_dispatch_benchmark_heavy,canonical_dispatch_heavy,dense_crossing_heavy,dense_crossing_heavy,41,trained_graph_dispatch_model,trained_mlp_model,learned_dispatch,learned_dispatch,338,338,0.04437869822485207,False,distinct
1.1,canonical_dispatch_benchmark_heavy,canonical_dispatch_heavy,dense_crossing_heavy,dense_crossing_heavy,41,trained_linear_model,trained_mlp_model,learned_dispatch,learned_dispatch,338,338,0.08284023668639054,False,distinct
1.1,canonical_dispatch_benchmark_heavy,canonical_dispatch_heavy,dense_crossing_heavy,dense_crossing_heavy,43,congestion_aware_nearest_robot_task,fifo,heuristic_dispatch,heuristic_dispatch,351,351,0.9145299145299145,False,distinct
1.1,canonical_dispatch_benchmark_heavy,canonical_dispatch_heavy,dense_crossing_heavy,dense_crossing_heavy,43,congestion_aware_nearest_robot_task,nearest_robot_task,heuristic_dispatch,heuristic_dispatch,351,351,1.0,True,potentially_collapsed
1.1,canonical_dispatch_benchmark_heavy,canonical_dispatch_heavy,dense_crossing_heavy,dense_crossing_heavy,43,congestion_aware_nearest_robot_task,trained_graph_dispatch_model,heuristic_dispatch,learned_dispatch,351,351,0.5527065527065527,False,distinct
1.1,canonical_dispatch_benchmark_heavy,canonical_dispatch_heavy,dense_crossing_heavy,dense_crossing_heavy,43,congestion_aware_nearest_robot_task,trained_linear_model,heuristic_dispatch,learned_dispatch,351,351,0.5868945868945868,False,distinct
1.1,canonical_dispatch_benchmark_heavy,canonical_dispatch_heavy,dense_crossing_heavy,dense_crossing_heavy,43,congestion_aware_nearest_robot_task,trained_mlp_model,heuristic_dispatch,learned_dispatch,351,351,0.46438746438746437,False,distinct
1.1,canonical_dispatch_benchmark_heavy,canonical_dispatch_heavy,dense_crossing_heavy,dense_crossing_heavy,43,fifo,nearest_robot_task,heuristic_dispatch,heuristic_dispatch,351,351,0.9145299145299145,False,distinct
1.1,canonical_dispatch_benchmark_heavy,canonical_dispatch_heavy,dense_crossing_heavy,dense_crossing_heavy,43,fifo,trained_graph_dispatch_model,heuristic_dispatch,learned_dispatch,351,351,0.5498575498575499,False,distinct
1.1,canonical_dispatch_benchmark_heavy,canonical_dispatch_heavy,dense_crossing_heavy,dense_crossing_heavy,43,fifo,trained_linear_model,heuristic_dispatch,learned_dispatch,351,351,0.5555555555555556,False,distinct
1.1,canonical_dispatch_benchmark_heavy,canonical_dispatch_heavy,dense_crossing_heavy,dense_crossing_heavy,43,fifo,trained_mlp_model,heuristic_dispatch,learned_dispatch,351,351,0.48717948717948717,False,distinct
1.1,canonical_dispatch_benchmark_heavy,canonical_dispatch_heavy,dense_crossing_heavy,dense_crossing_heavy,43,nearest_robot_task,trained_graph_dispatch_model,heuristic_dispatch,learned_dispatch,351,351,0.5527065527065527,False,distinct
1.1,canonical_dispatch_benchmark_heavy,canonical_dispatch_heavy,dense_crossing_heavy,dense_crossing_heavy,43,nearest_robot_task,trained_linear_model,heuristic_dispatch,learned_dispatch,351,351,0.5868945868945868,False,distinct
1.1,canonical_dispatch_benchmark_heavy,canonical_dispatch_heavy,dense_crossing_heavy,dense_crossing_heavy,43,nearest_robot_task,trained_mlp_model,heuristic_dispatch,learned_dispatch,351,351,0.46438746438746437,False,distinct
1.1,canonical_dispatch_benchmark_heavy,canonical_dispatch_heavy,dense_crossing_heavy,dense_crossing_heavy,43,trained_graph_dispatch_model,trained_linear_model,learned_dispatch,learned_dispatch,351,351,0.5783475783475783,False,distinct
1.1,canonical_dispatch_benchmark_heavy,canonical_dispatch_heavy,dense_crossing_heavy,dense_crossing_heavy,43,trained_graph_dispatch_model,trained_mlp_model,learned_dispatch,learned_dispatch,351,351,0.38461538461538464,False,distinct
1.1,canonical_dispatch_benchmark_heavy,canonical_dispatch_heavy,dense_crossing_heavy,dense_crossing_heavy,43,trained_linear_model,trained_mlp_model,learned_dispatch,learned_dispatch,351,351,0.27635327635327633,False,distinct
1.1,canonical_dispatch_benchmark_heavy,canonical_dispatch_heavy,dense_crossing_heavy,dense_crossing_heavy,47,congestion_aware_nearest_robot_task,fifo,heuristic_dispatch,heuristic_dispatch,309,309,0.9255663430420712,False,distinct
1.1,canonical_dispatch_benchmark_heavy,canonical_dispatch_heavy,dense_crossing_heavy,dense_crossing_heavy,47,congestion_aware_nearest_robot_task,nearest_robot_task,heuristic_dispatch,heuristic_dispatch,309,309,1.0,True,potentially_collapsed
1.1,canonical_dispatch_benchmark_heavy,canonical_dispatch_heavy,dense_crossing_heavy,dense_crossing_heavy,47,congestion_aware_nearest_robot_task,trained_graph_dispatch_model,heuristic_dispatch,learned_dispatch,309,309,0.5275080906148867,False,distinct
1.1,canonical_dispatch_benchmark_heavy,canonical_dispatch_heavy,dense_crossing_heavy,dense_crossing_heavy,47,congestion_aware_nearest_robot_task,trained_linear_model,heuristic_dispatch,learned_dispatch,309,309,0.26537216828478966,False,distinct
1.1,canonical_dispatch_benchmark_heavy,canonical_dispatch_heavy,dense_crossing_heavy,dense_crossing_heavy,47,congestion_aware_nearest_robot_task,trained_mlp_model,heuristic_dispatch,learned_dispatch,309,309,0.2588996763754045,False,distinct
1.1,canonical_dispatch_benchmark_heavy,canonical_dispatch_heavy,dense_crossing_heavy,dense_crossing_heavy,47,fifo,nearest_robot_task,heuristic_dispatch,heuristic_dispatch,309,309,0.9255663430420712,False,distinct
1.1,canonical_dispatch_benchmark_heavy,canonical_dispatch_heavy,dense_crossing_heavy,dense_crossing_heavy,47,fifo,trained_graph_dispatch_model,heuristic_dispatch,learned_dispatch,309,309,0.4854368932038835,False,distinct
1.1,canonical_dispatch_benchmark_heavy,canonical_dispatch_heavy,dense_crossing_heavy,dense_crossing_heavy,47,fifo,trained_linear_model,heuristic_dispatch,learned_dispatch,309,309,0.21359223300970873,False,distinct
1.1,canonical_dispatch_benchmark_heavy,canonical_dispatch_heavy,dense_crossing_heavy,dense_crossing_heavy,47,fifo,trained_mlp_model,heuristic_dispatch,learned_dispatch,309,309,0.30097087378640774,False,distinct
1.1,canonical_dispatch_benchmark_heavy,canonical_dispatch_heavy,dense_crossing_heavy,dense_crossing_heavy,47,nearest_robot_task,trained_graph_dispatch_model,heuristic_dispatch,learned_dispatch,309,309,0.5275080906148867,False,distinct
1.1,canonical_dispatch_benchmark_heavy,canonical_dispatch_heavy,dense_crossing_heavy,dense_crossing_heavy,47,nearest_robot_task,trained_linear_model,heuristic_dispatch,learned_dispatch,309,309,0.26537216828478966,False,distinct
1.1,canonical_dispatch_benchmark_heavy,canonical_dispatch_heavy,dense_crossing_heavy,dense_crossing_heavy,47,nearest_robot_task,trained_mlp_model,heuristic_dispatch,learned_dispatch,309,309,0.2588996763754045,False,distinct
1.1,canonical_dispatch_benchmark_heavy,canonical_dispatch_heavy,dense_crossing_heavy,dense_crossing_heavy,47,trained_graph_dispatch_model,trained_linear_model,learned_dispatch,learned_dispatch,309,309,0.42071197411003236,False,distinct
1.1,canonical_dispatch_benchmark_heavy,canonical_dispatch_heavy,dense_crossing_heavy,dense_crossing_heavy,47,trained_graph_dispatch_model,trained_mlp_model,learned_dispatch,learned_dispatch,309,309,0.6245954692556634,False,distinct
1.1,canonical_dispatch_benchmark_heavy,canonical_dispatch_heavy,dense_crossing_heavy,dense_crossing_heavy,47,trained_linear_model,trained_mlp_model,learned_dispatch,learned_dispatch,309,309,0.29449838187702265,False,distinct
1.1,canonical_dispatch_benchmark_heavy,canonical_dispatch_heavy,dense_crossing_heavy,dense_crossing_heavy,53,congestion_aware_nearest_robot_task,fifo,heuristic_dispatch,heuristic_dispatch,346,346,0.7716763005780347,False,distinct
1.1,canonical_dispatch_benchmark_heavy,canonical_dispatch_heavy,dense_crossing_heavy,dense_crossing_heavy,53,congestion_aware_nearest_robot_task,nearest_robot_task,heuristic_dispatch,heuristic_dispatch,346,346,1.0,True,potentially_collapsed
1.1,canonical_dispatch_benchmark_heavy,canonical_dispatch_heavy,dense_crossing_heavy,dense_crossing_heavy,53,congestion_aware_nearest_robot_task,trained_graph_dispatch_model,heuristic_dispatch,learned_dispatch,346,346,0.5722543352601156,False,distinct
1.1,canonical_dispatch_benchmark_heavy,canonical_dispatch_heavy,dense_crossing_heavy,dense_crossing_heavy,53,congestion_aware_nearest_robot_task,trained_linear_model,heuristic_dispatch,learned_dispatch,346,346,0.3786127167630058,False,distinct
1.1,canonical_dispatch_benchmark_heavy,canonical_dispatch_heavy,dense_crossing_heavy,dense_crossing_heavy,53,congestion_aware_nearest_robot_task,trained_mlp_model,heuristic_dispatch,learned_dispatch,346,346,0.2976878612716763,False,distinct
1.1,canonical_dispatch_benchmark_heavy,canonical_dispatch_heavy,dense_crossing_heavy,dense_crossing_heavy,53,fifo,nearest_robot_task,heuristic_dispatch,heuristic_dispatch,346,346,0.7716763005780347,False,distinct
1.1,canonical_dispatch_benchmark_heavy,canonical_dispatch_heavy,dense_crossing_heavy,dense_crossing_heavy,53,fifo,trained_graph_dispatch_model,heuristic_dispatch,learned_dispatch,346,346,0.5317919075144508,False,distinct
1.1,canonical_dispatch_benchmark_heavy,canonical_dispatch_heavy,dense_crossing_heavy,dense_crossing_heavy,53,fifo,trained_linear_model,heuristic_dispatch,learned_dispatch,346,346,0.3092485549132948,False,distinct
1.1,canonical_dispatch_benchmark_heavy,canonical_dispatch_heavy,dense_crossing_heavy,dense_crossing_heavy,53,fifo,trained_mlp_model,heuristic_dispatch,learned_dispatch,346,346,0.2745664739884393,False,distinct
1.1,canonical_dispatch_benchmark_heavy,canonical_dispatch_heavy,dense_crossing_heavy,dense_crossing_heavy,53,nearest_robot_task,trained_graph_dispatch_model,heuristic_dispatch,learned_dispatch,346,346,0.5722543352601156,False,distinct
1.1,canonical_dispatch_benchmark_heavy,canonical_dispatch_heavy,dense_crossing_heavy,dense_crossing_heavy,53,nearest_robot_task,trained_linear_model,heuristic_dispatch,learned_dispatch,346,346,0.3786127167630058,False,distinct
1.1,canonical_dispatch_benchmark_heavy,canonical_dispatch_heavy,dense_crossing_heavy,dense_crossing_heavy,53,nearest_robot_task,trained_mlp_model,heuristic_dispatch,learned_dispatch,346,346,0.2976878612716763,False,distinct
1.1,canonical_dispatch_benchmark_heavy,canonical_dispatch_heavy,dense_crossing_heavy,dense_crossing_heavy,53,trained_graph_dispatch_model,trained_linear_model,learned_dispatch,learned_dispatch,346,346,0.41040462427745666,False,distinct
1.1,canonical_dispatch_benchmark_heavy,canonical_dispatch_heavy,dense_crossing_heavy,dense_crossing_heavy,53,trained_graph_dispatch_model,trained_mlp_model,learned_dispatch,learned_dispatch,346,346,0.4190751445086705,False,distinct
1.1,canonical_dispatch_benchmark_heavy,canonical_dispatch_heavy,dense_crossing_heavy,dense_crossing_heavy,53,trained_linear_model,trained_mlp_model,learned_dispatch,learned_dispatch,346,346,0.15028901734104047,False,distinct
1.1,canonical_dispatch_benchmark_heavy,canonical_dispatch_heavy,dense_crossing_heavy,dense_crossing_heavy,59,congestion_aware_nearest_robot_task,fifo,heuristic_dispatch,heuristic_dispatch,313,313,0.9169329073482428,False,distinct
1.1,canonical_dispatch_benchmark_heavy,canonical_dispatch_heavy,dense_crossing_heavy,dense_crossing_heavy,59,congestion_aware_nearest_robot_task,nearest_robot_task,heuristic_dispatch,heuristic_dispatch,313,313,1.0,True,potentially_collapsed
1.1,canonical_dispatch_benchmark_heavy,canonical_dispatch_heavy,dense_crossing_heavy,dense_crossing_heavy,59,congestion_aware_nearest_robot_task,trained_graph_dispatch_model,heuristic_dispatch,learned_dispatch,313,313,0.5303514376996805,False,distinct
1.1,canonical_dispatch_benchmark_heavy,canonical_dispatch_heavy,dense_crossing_heavy,dense_crossing_heavy,59,congestion_aware_nearest_robot_task,trained_linear_model,heuristic_dispatch,learned_dispatch,313,313,0.1597444089456869,False,distinct
1.1,canonical_dispatch_benchmark_heavy,canonical_dispatch_heavy,dense_crossing_heavy,dense_crossing_heavy,59,congestion_aware_nearest_robot_task,trained_mlp_model,heuristic_dispatch,learned_dispatch,313,313,0.11182108626198083,False,distinct
1.1,canonical_dispatch_benchmark_heavy,canonical_dispatch_heavy,dense_crossing_heavy,dense_crossing_heavy,59,fifo,nearest_robot_task,heuristic_dispatch,heuristic_dispatch,313,313,0.9169329073482428,False,distinct
1.1,canonical_dispatch_benchmark_heavy,canonical_dispatch_heavy,dense_crossing_heavy,dense_crossing_heavy,59,fifo,trained_graph_dispatch_model,heuristic_dispatch,learned_dispatch,313,313,0.5335463258785943,False,distinct
1.1,canonical_dispatch_benchmark_heavy,canonical_dispatch_heavy,dense_crossing_heavy,dense_crossing_heavy,59,fifo,trained_linear_model,heuristic_dispatch,learned_dispatch,313,313,0.15335463258785942,False,distinct
1.1,canonical_dispatch_benchmark_heavy,canonical_dispatch_heavy,dense_crossing_heavy,dense_crossing_heavy,59,fifo,trained_mlp_model,heuristic_dispatch,learned_dispatch,313,313,0.10543130990415335,False,distinct
1.1,canonical_dispatch_benchmark_heavy,canonical_dispatch_heavy,dense_crossing_heavy,dense_crossing_heavy,59,nearest_robot_task,trained_graph_dispatch_model,heuristic_dispatch,learned_dispatch,313,313,0.5303514376996805,False,distinct
1.1,canonical_dispatch_benchmark_heavy,canonical_dispatch_heavy,dense_crossing_heavy,dense_crossing_heavy,59,nearest_robot_task,trained_linear_model,heuristic_dispatch,learned_dispatch,313,313,0.1597444089456869,False,distinct
1.1,canonical_dispatch_benchmark_heavy,canonical_dispatch_heavy,dense_crossing_heavy,dense_crossing_heavy,59,nearest_robot_task,trained_mlp_model,heuristic_dispatch,learned_dispatch,313,313,0.11182108626198083,False,distinct
1.1,canonical_dispatch_benchmark_heavy,canonical_dispatch_heavy,dense_crossing_heavy,dense_crossing_heavy,59,trained_graph_dispatch_model,trained_linear_model,learned_dispatch,learned_dispatch,313,313,0.610223642172524,False,distinct
1.1,canonical_dispatch_benchmark_heavy,canonical_dispatch_heavy,dense_crossing_heavy,dense_crossing_heavy,59,trained_graph_dispatch_model,trained_mlp_model,learned_dispatch,learned_dispatch,313,313,0.1501597444089457,False,distinct
1.1,canonical_dispatch_benchmark_heavy,canonical_dispatch_heavy,dense_crossing_heavy,dense_crossing_heavy,59,trained_linear_model,trained_mlp_model,learned_dispatch,learned_dispatch,313,313,0.12140575079872204,False,distinct
1.1,canonical_dispatch_benchmark_heavy,canonical_dispatch_heavy,dense_crossing_heavy,dense_crossing_heavy,61,congestion_aware_nearest_robot_task,fifo,heuristic_dispatch,heuristic_dispatch,301,301,0.9169435215946844,False,distinct
1.1,canonical_dispatch_benchmark_heavy,canonical_dispatch_heavy,dense_crossing_heavy,dense_crossing_heavy,61,congestion_aware_nearest_robot_task,nearest_robot_task,heuristic_dispatch,heuristic_dispatch,301,301,1.0,True,potentially_collapsed
1.1,canonical_dispatch_benchmark_heavy,canonical_dispatch_heavy,dense_crossing_heavy,dense_crossing_heavy,61,congestion_aware_nearest_robot_task,trained_graph_dispatch_model,heuristic_dispatch,learned_dispatch,301,301,0.5514950166112956,False,distinct
1.1,canonical_dispatch_benchmark_heavy,canonical_dispatch_heavy,dense_crossing_heavy,dense_crossing_heavy,61,congestion_aware_nearest_robot_task,trained_linear_model,heuristic_dispatch,learned_dispatch,301,301,0.4053156146179402,False,distinct
1.1,canonical_dispatch_benchmark_heavy,canonical_dispatch_heavy,dense_crossing_heavy,dense_crossing_heavy,61,congestion_aware_nearest_robot_task,trained_mlp_model,heuristic_dispatch,learned_dispatch,301,301,0.34219269102990035,False,distinct
1.1,canonical_dispatch_benchmark_heavy,canonical_dispatch_heavy,dense_crossing_heavy,dense_crossing_heavy,61,fifo,nearest_robot_task,heuristic_dispatch,heuristic_dispatch,301,301,0.9169435215946844,False,distinct
1.1,canonical_dispatch_benchmark_heavy,canonical_dispatch_heavy,dense_crossing_heavy,dense_crossing_heavy,61,fifo,trained_graph_dispatch_model,heuristic_dispatch,learned_dispatch,301,301,0.5282392026578073,False,distinct
1.1,canonical_dispatch_benchmark_heavy,canonical_dispatch_heavy,dense_crossing_heavy,dense_crossing_heavy,61,fifo,trained_linear_model,heuristic_dispatch,learned_dispatch,301,301,0.38205980066445183,False,distinct
1.1,canonical_dispatch_benchmark_heavy,canonical_dispatch_heavy,dense_crossing_heavy,dense_crossing_heavy,61,fifo,trained_mlp_model,heuristic_dispatch,learned_dispatch,301,301,0.37209302325581395,False,distinct
1.1,canonical_dispatch_benchmark_heavy,canonical_dispatch_heavy,dense_crossing_heavy,dense_crossing_heavy,61,nearest_robot_task,trained_graph_dispatch_model,heuristic_dispatch,learned_dispatch,301,301,0.5514950166112956,False,distinct
1.1,canonical_dispatch_benchmark_heavy,canonical_dispatch_heavy,dense_crossing_heavy,dense_crossing_heavy,61,nearest_robot_task,trained_linear_model,heuristic_dispatch,learned_dispatch,301,301,0.4053156146179402,False,distinct
1.1,canonical_dispatch_benchmark_heavy,canonical_dispatch_heavy,dense_crossing_heavy,dense_crossing_heavy,61,nearest_robot_task,trained_mlp_model,heuristic_dispatch,learned_dispatch,301,301,0.34219269102990035,False,distinct
1.1,canonical_dispatch_benchmark_heavy,canonical_dispatch_heavy,dense_crossing_heavy,dense_crossing_heavy,61,trained_graph_dispatch_model,trained_linear_model,learned_dispatch,learned_dispatch,301,301,0.7973421926910299,False,distinct
1.1,canonical_dispatch_benchmark_heavy,canonical_dispatch_heavy,dense_crossing_heavy,dense_crossing_heavy,61,trained_graph_dispatch_model,trained_mlp_model,learned_dispatch,learned_dispatch,301,301,0.4186046511627907,False,distinct
1.1,canonical_dispatch_benchmark_heavy,canonical_dispatch_heavy,dense_crossing_heavy,dense_crossing_heavy,61,trained_linear_model,trained_mlp_model,learned_dispatch,learned_dispatch,301,301,0.4750830564784053,False,distinct
1.1,canonical_dispatch_benchmark_heavy,canonical_dispatch_heavy,dense_crossing_heavy,dense_crossing_heavy,67,congestion_aware_nearest_robot_task,fifo,heuristic_dispatch,heuristic_dispatch,333,333,0.918918918918919,False,distinct
1.1,canonical_dispatch_benchmark_heavy,canonical_dispatch_heavy,dense_crossing_heavy,dense_crossing_heavy,67,congestion_aware_nearest_robot_task,nearest_robot_task,heuristic_dispatch,heuristic_dispatch,333,333,1.0,True,potentially_collapsed
1.1,canonical_dispatch_benchmark_heavy,canonical_dispatch_heavy,dense_crossing_heavy,dense_crossing_heavy,67,congestion_aware_nearest_robot_task,trained_graph_dispatch_model,heuristic_dispatch,learned_dispatch,333,333,0.5495495495495496,False,distinct
1.1,canonical_dispatch_benchmark_heavy,canonical_dispatch_heavy,dense_crossing_heavy,dense_crossing_heavy,67,congestion_aware_nearest_robot_task,trained_linear_model,heuristic_dispatch,learned_dispatch,333,333,0.33633633633633636,False,distinct
1.1,canonical_dispatch_benchmark_heavy,canonical_dispatch_heavy,dense_crossing_heavy,dense_crossing_heavy,67,congestion_aware_nearest_robot_task,trained_mlp_model,heuristic_dispatch,learned_dispatch,333,333,0.17417417417417416,False,distinct
1.1,canonical_dispatch_benchmark_heavy,canonical_dispatch_heavy,dense_crossing_heavy,dense_crossing_heavy,67,fifo,nearest_robot_task,heuristic_dispatch,heuristic_dispatch,333,333,0.918918918918919,False,distinct
1.1,canonical_dispatch_benchmark_heavy,canonical_dispatch_heavy,dense_crossing_heavy,dense_crossing_heavy,67,fifo,trained_graph_dispatch_model,heuristic_dispatch,learned_dispatch,333,333,0.5345345345345346,False,distinct
1.1,canonical_dispatch_benchmark_heavy,canonical_dispatch_heavy,dense_crossing_heavy,dense_crossing_heavy,67,fifo,trained_linear_model,heuristic_dispatch,learned_dispatch,333,333,0.3153153153153153,False,distinct
1.1,canonical_dispatch_benchmark_heavy,canonical_dispatch_heavy,dense_crossing_heavy,dense_crossing_heavy,67,fifo,trained_mlp_model,heuristic_dispatch,learned_dispatch,333,333,0.1891891891891892,False,distinct
1.1,canonical_dispatch_benchmark_heavy,canonical_dispatch_heavy,dense_crossing_heavy,dense_crossing_heavy,67,nearest_robot_task,trained_graph_dispatch_model,heuristic_dispatch,learned_dispatch,333,333,0.5495495495495496,False,distinct
1.1,canonical_dispatch_benchmark_heavy,canonical_dispatch_heavy,dense_crossing_heavy,dense_crossing_heavy,67,nearest_robot_task,trained_linear_model,heuristic_dispatch,learned_dispatch,333,333,0.33633633633633636,False,distinct
1.1,canonical_dispatch_benchmark_heavy,canonical_dispatch_heavy,dense_crossing_heavy,dense_crossing_heavy,67,nearest_robot_task,trained_mlp_model,heuristic_dispatch,learned_dispatch,333,333,0.17417417417417416,False,distinct
1.1,canonical_dispatch_benchmark_heavy,canonical_dispatch_heavy,dense_crossing_heavy,dense_crossing_heavy,67,trained_graph_dispatch_model,trained_linear_model,learned_dispatch,learned_dispatch,333,333,0.43843843843843844,False,distinct
1.1,canonical_dispatch_benchmark_heavy,canonical_dispatch_heavy,dense_crossing_heavy,dense_crossing_heavy,67,trained_graph_dispatch_model,trained_mlp_model,learned_dispatch,learned_dispatch,333,333,0.17117117117117117,False,distinct
1.1,canonical_dispatch_benchmark_heavy,canonical_dispatch_heavy,dense_crossing_heavy,dense_crossing_heavy,67,trained_linear_model,trained_mlp_model,learned_dispatch,learned_dispatch,333,333,0.1021021021021021,False,distinct
1.1,canonical_dispatch_benchmark_heavy,canonical_dispatch_heavy,dense_crossing_heavy,dense_crossing_heavy,71,congestion_aware_nearest_robot_task,fifo,heuristic_dispatch,heuristic_dispatch,329,329,0.7507598784194529,False,distinct
1.1,canonical_dispatch_benchmark_heavy,canonical_dispatch_heavy,dense_crossing_heavy,dense_crossing_heavy,71,congestion_aware_nearest_robot_task,nearest_robot_task,heuristic_dispatch,heuristic_dispatch,329,329,1.0,True,potentially_collapsed
1.1,canonical_dispatch_benchmark_heavy,canonical_dispatch_heavy,dense_crossing_heavy,dense_crossing_heavy,71,congestion_aware_nearest_robot_task,trained_graph_dispatch_model,heuristic_dispatch,learned_dispatch,329,329,0.5258358662613982,False,distinct
1.1,canonical_dispatch_benchmark_heavy,canonical_dispatch_heavy,dense_crossing_heavy,dense_crossing_heavy,71,congestion_aware_nearest_robot_task,trained_linear_model,heuristic_dispatch,learned_dispatch,329,329,0.3221884498480243,False,distinct
1.1,canonical_dispatch_benchmark_heavy,canonical_dispatch_heavy,dense_crossing_heavy,dense_crossing_heavy,71,congestion_aware_nearest_robot_task,trained_mlp_model,heuristic_dispatch,learned_dispatch,329,329,0.3009118541033435,False,distinct
1.1,canonical_dispatch_benchmark_heavy,canonical_dispatch_heavy,dense_crossing_heavy,dense_crossing_heavy,71,fifo,nearest_robot_task,heuristic_dispatch,heuristic_dispatch,329,329,0.7507598784194529,False,distinct
1.1,canonical_dispatch_benchmark_heavy,canonical_dispatch_heavy,dense_crossing_heavy,dense_crossing_heavy,71,fifo,trained_graph_dispatch_model,heuristic_dispatch,learned_dispatch,329,329,0.49544072948328266,False,distinct
1.1,canonical_dispatch_benchmark_heavy,canonical_dispatch_heavy,dense_crossing_heavy,dense_crossing_heavy,71,fifo,trained_linear_model,heuristic_dispatch,learned_dispatch,329,329,0.1945288753799392,False,distinct
1.1,canonical_dispatch_benchmark_heavy,canonical_dispatch_heavy,dense_crossing_heavy,dense_crossing_heavy,71,fifo,trained_mlp_model,heuristic_dispatch,learned_dispatch,329,329,0.4133738601823708,False,distinct
1.1,canonical_dispatch_benchmark_heavy,canonical_dispatch_heavy,dense_crossing_heavy,dense_crossing_heavy,71,nearest_robot_task,trained_graph_dispatch_model,heuristic_dispatch,learned_dispatch,329,329,0.5258358662613982,False,distinct
1.1,canonical_dispatch_benchmark_heavy,canonical_dispatch_heavy,dense_crossing_heavy,dense_crossing_heavy,71,nearest_robot_task,trained_linear_model,heuristic_dispatch,learned_dispatch,329,329,0.3221884498480243,False,distinct
1.1,canonical_dispatch_benchmark_heavy,canonical_dispatch_heavy,dense_crossing_heavy,dense_crossing_heavy,71,nearest_robot_task,trained_mlp_model,heuristic_dispatch,learned_dispatch,329,329,0.3009118541033435,False,distinct
1.1,canonical_dispatch_benchmark_heavy,canonical_dispatch_heavy,dense_crossing_heavy,dense_crossing_heavy,71,trained_graph_dispatch_model,trained_linear_model,learned_dispatch,learned_dispatch,329,329,0.1033434650455927,False,distinct
1.1,canonical_dispatch_benchmark_heavy,canonical_dispatch_heavy,dense_crossing_heavy,dense_crossing_heavy,71,trained_graph_dispatch_model,trained_mlp_model,learned_dispatch,learned_dispatch,329,329,0.23708206686930092,False,distinct
1.1,canonical_dispatch_benchmark_heavy,canonical_dispatch_heavy,dense_crossing_heavy,dense_crossing_heavy,71,trained_linear_model,trained_mlp_model,learned_dispatch,learned_dispatch,329,329,0.17325227963525835,False,distinct
1.1,canonical_dispatch_benchmark_heavy,canonical_dispatch_heavy,dense_crossing_heavy,dense_crossing_heavy,73,congestion_aware_nearest_robot_task,fifo,heuristic_dispatch,heuristic_dispatch,336,336,0.8988095238095238,False,distinct
1.1,canonical_dispatch_benchmark_heavy,canonical_dispatch_heavy,dense_crossing_heavy,dense_crossing_heavy,73,congestion_aware_nearest_robot_task,nearest_robot_task,heuristic_dispatch,heuristic_dispatch,336,336,1.0,True,potentially_collapsed
1.1,canonical_dispatch_benchmark_heavy,canonical_dispatch_heavy,dense_crossing_heavy,dense_crossing_heavy,73,congestion_aware_nearest_robot_task,trained_graph_dispatch_model,heuristic_dispatch,learned_dispatch,336,336,0.5595238095238095,False,distinct
1.1,canonical_dispatch_benchmark_heavy,canonical_dispatch_heavy,dense_crossing_heavy,dense_crossing_heavy,73,congestion_aware_nearest_robot_task,trained_linear_model,heuristic_dispatch,learned_dispatch,336,336,0.21428571428571427,False,distinct
1.1,canonical_dispatch_benchmark_heavy,canonical_dispatch_heavy,dense_crossing_heavy,dense_crossing_heavy,73,congestion_aware_nearest_robot_task,trained_mlp_model,heuristic_dispatch,learned_dispatch,336,336,0.24702380952380953,False,distinct
1.1,canonical_dispatch_benchmark_heavy,canonical_dispatch_heavy,dense_crossing_heavy,dense_crossing_heavy,73,fifo,nearest_robot_task,heuristic_dispatch,heuristic_dispatch,336,336,0.8988095238095238,False,distinct
1.1,canonical_dispatch_benchmark_heavy,canonical_dispatch_heavy,dense_crossing_heavy,dense_crossing_heavy,73,fifo,trained_graph_dispatch_model,heuristic_dispatch,learned_dispatch,336,336,0.5595238095238095,False,distinct
1.1,canonical_dispatch_benchmark_heavy,canonical_dispatch_heavy,dense_crossing_heavy,dense_crossing_heavy,73,fifo,trained_linear_model,heuristic_dispatch,learned_dispatch,336,336,0.21726190476190477,False,distinct
1.1,canonical_dispatch_benchmark_heavy,canonical_dispatch_heavy,dense_crossing_heavy,dense_crossing_heavy,73,fifo,trained_mlp_model,heuristic_dispatch,learned_dispatch,336,336,0.25595238095238093,False,distinct
1.1,canonical_dispatch_benchmark_heavy,canonical_dispatch_heavy,dense_crossing_heavy,dense_crossing_heavy,73,nearest_robot_task,trained_graph_dispatch_model,heuristic_dispatch,learned_dispatch,336,336,0.5595238095238095,False,distinct
1.1,canonical_dispatch_benchmark_heavy,canonical_dispatch_heavy,dense_crossing_heavy,dense_crossing_heavy,73,nearest_robot_task,trained_linear_model,heuristic_dispatch,learned_dispatch,336,336,0.21428571428571427,False,distinct
1.1,canonical_dispatch_benchmark_heavy,canonical_dispatch_heavy,dense_crossing_heavy,dense_crossing_heavy,73,nearest_robot_task,trained_mlp_model,heuristic_dispatch,learned_dispatch,336,336,0.24702380952380953,False,distinct
1.1,canonical_dispatch_benchmark_heavy,canonical_dispatch_heavy,dense_crossing_heavy,dense_crossing_heavy,73,trained_graph_dispatch_model,trained_linear_model,learned_dispatch,learned_dispatch,336,336,0.5386904761904762,False,distinct
1.1,canonical_dispatch_benchmark_heavy,canonical_dispatch_heavy,dense_crossing_heavy,dense_crossing_heavy,73,trained_graph_dispatch_model,trained_mlp_model,learned_dispatch,learned_dispatch,336,336,0.25,False,distinct
1.1,canonical_dispatch_benchmark_heavy,canonical_dispatch_heavy,dense_crossing_heavy,dense_crossing_heavy,73,trained_linear_model,trained_mlp_model,learned_dispatch,learned_dispatch,336,336,0.2708333333333333,False,distinct
1.1,canonical_dispatch_benchmark_heavy,canonical_dispatch_heavy,dense_crossing_heavy,dense_crossing_heavy,79,congestion_aware_nearest_robot_task,fifo,heuristic_dispatch,heuristic_dispatch,341,341,0.8299120234604106,False,distinct
1.1,canonical_dispatch_benchmark_heavy,canonical_dispatch_heavy,dense_crossing_heavy,dense_crossing_heavy,79,congestion_aware_nearest_robot_task,nearest_robot_task,heuristic_dispatch,heuristic_dispatch,341,341,1.0,True,potentially_collapsed
1.1,canonical_dispatch_benchmark_heavy,canonical_dispatch_heavy,dense_crossing_heavy,dense_crossing_heavy,79,congestion_aware_nearest_robot_task,trained_graph_dispatch_model,heuristic_dispatch,learned_dispatch,341,341,0.5718475073313783,False,distinct
1.1,canonical_dispatch_benchmark_heavy,canonical_dispatch_heavy,dense_crossing_heavy,dense_crossing_heavy,79,congestion_aware_nearest_robot_task,trained_linear_model,heuristic_dispatch,learned_dispatch,341,341,0.2785923753665689,False,distinct
1.1,canonical_dispatch_benchmark_heavy,canonical_dispatch_heavy,dense_crossing_heavy,dense_crossing_heavy,79,congestion_aware_nearest_robot_task,trained_mlp_model,heuristic_dispatch,learned_dispatch,341,341,0.20527859237536658,False,distinct
1.1,canonical_dispatch_benchmark_heavy,canonical_dispatch_heavy,dense_crossing_heavy,dense_crossing_heavy,79,fifo,nearest_robot_task,heuristic_dispatch,heuristic_dispatch,341,341,0.8299120234604106,False,distinct
1.1,canonical_dispatch_benchmark_heavy,canonical_dispatch_heavy,dense_crossing_heavy,dense_crossing_heavy,79,fifo,trained_graph_dispatch_model,heuristic_dispatch,learned_dispatch,341,341,0.5982404692082112,False,distinct
1.1,canonical_dispatch_benchmark_heavy,canonical_dispatch_heavy,dense_crossing_heavy,dense_crossing_heavy,79,fifo,trained_linear_model,heuristic_dispatch,learned_dispatch,341,341,0.30498533724340177,False,distinct
1.1,canonical_dispatch_benchmark_heavy,canonical_dispatch_heavy,dense_crossing_heavy,dense_crossing_heavy,79,fifo,trained_mlp_model,heuristic_dispatch,learned_dispatch,341,341,0.20527859237536658,False,distinct
1.1,canonical_dispatch_benchmark_heavy,canonical_dispatch_heavy,dense_crossing_heavy,dense_crossing_heavy,79,nearest_robot_task,trained_graph_dispatch_model,heuristic_dispatch,learned_dispatch,341,341,0.5718475073313783,False,distinct
1.1,canonical_dispatch_benchmark_heavy,canonical_dispatch_heavy,dense_crossing_heavy,dense_crossing_heavy,79,nearest_robot_task,trained_linear_model,heuristic_dispatch,learned_dispatch,341,341,0.2785923753665689,False,distinct
1.1,canonical_dispatch_benchmark_heavy,canonical_dispatch_heavy,dense_crossing_heavy,dense_crossing_heavy,79,nearest_robot_task,trained_mlp_model,heuristic_dispatch,learned_dispatch,341,341,0.20527859237536658,False,distinct
1.1,canonical_dispatch_benchmark_heavy,canonical_dispatch_heavy,dense_crossing_heavy,dense_crossing_heavy,79,trained_graph_dispatch_model,trained_linear_model,learned_dispatch,learned_dispatch,341,341,0.5073313782991202,False,distinct
1.1,canonical_dispatch_benchmark_heavy,canonical_dispatch_heavy,dense_crossing_heavy,dense_crossing_heavy,79,trained_graph_dispatch_model,trained_mlp_model,learned_dispatch,learned_dispatch,341,341,0.24633431085043989,False,distinct
1.1,canonical_dispatch_benchmark_heavy,canonical_dispatch_heavy,dense_crossing_heavy,dense_crossing_heavy,79,trained_linear_model,trained_mlp_model,learned_dispatch,learned_dispatch,341,341,0.2287390029325513,False,distinct
1.1,canonical_dispatch_benchmark_heavy,canonical_dispatch_heavy,dense_crossing_heavy,dense_crossing_heavy,83,congestion_aware_nearest_robot_task,fifo,heuristic_dispatch,heuristic_dispatch,322,322,0.6925465838509317,False,distinct
1.1,canonical_dispatch_benchmark_heavy,canonical_dispatch_heavy,dense_crossing_heavy,dense_crossing_heavy,83,congestion_aware_nearest_robot_task,nearest_robot_task,heuristic_dispatch,heuristic_dispatch,322,322,1.0,True,potentially_collapsed
1.1,canonical_dispatch_benchmark_heavy,canonical_dispatch_heavy,dense_crossing_heavy,dense_crossing_heavy,83,congestion_aware_nearest_robot_task,trained_graph_dispatch_model,heuristic_dispatch,learned_dispatch,322,322,0.5496894409937888,False,distinct
1.1,canonical_dispatch_benchmark_heavy,canonical_dispatch_heavy,dense_crossing_heavy,dense_crossing_heavy,83,congestion_aware_nearest_robot_task,trained_linear_model,heuristic_dispatch,learned_dispatch,322,322,0.2608695652173913,False,distinct
1.1,canonical_dispatch_benchmark_heavy,canonical_dispatch_heavy,dense_crossing_heavy,dense_crossing_heavy,83,congestion_aware_nearest_robot_task,trained_mlp_model,heuristic_dispatch,learned_dispatch,322,322,0.2639751552795031,False,distinct
1.1,canonical_dispatch_benchmark_heavy,canonical_dispatch_heavy,dense_crossing_heavy,dense_crossing_heavy,83,fifo,nearest_robot_task,heuristic_dispatch,heuristic_dispatch,322,322,0.6925465838509317,False,distinct
1.1,canonical_dispatch_benchmark_heavy,canonical_dispatch_heavy,dense_crossing_heavy,dense_crossing_heavy,83,fifo,trained_graph_dispatch_model,heuristic_dispatch,learned_dispatch,322,322,0.6583850931677019,False,distinct
1.1,canonical_dispatch_benchmark_heavy,canonical_dispatch_heavy,dense_crossing_heavy,dense_crossing_heavy,83,fifo,trained_linear_model,heuristic_dispatch,learned_dispatch,322,322,0.19875776397515527,False,distinct
1.1,canonical_dispatch_benchmark_heavy,canonical_dispatch_heavy,dense_crossing_heavy,dense_crossing_heavy,83,fifo,trained_mlp_model,heuristic_dispatch,learned_dispatch,322,322,0.43788819875776397,False,distinct
1.1,canonical_dispatch_benchmark_heavy,canonical_dispatch_heavy,dense_crossing_heavy,dense_crossing_heavy,83,nearest_robot_task,trained_graph_dispatch_model,heuristic_dispatch,learned_dispatch,322,322,0.5496894409937888,False,distinct
1.1,canonical_dispatch_benchmark_heavy,canonical_dispatch_heavy,dense_crossing_heavy,dense_crossing_heavy,83,nearest_robot_task,trained_linear_model,heuristic_dispatch,learned_dispatch,322,322,0.2608695652173913,False,distinct
1.1,canonical_dispatch_benchmark_heavy,canonical_dispatch_heavy,dense_crossing_heavy,dense_crossing_heavy,83,nearest_robot_task,trained_mlp_model,heuristic_dispatch,learned_dispatch,322,322,0.2639751552795031,False,distinct
1.1,canonical_dispatch_benchmark_heavy,canonical_dispatch_heavy,dense_crossing_heavy,dense_crossing_heavy,83,trained_graph_dispatch_model,trained_linear_model,learned_dispatch,learned_dispatch,322,322,0.18633540372670807,False,distinct
1.1,canonical_dispatch_benchmark_heavy,canonical_dispatch_heavy,dense_crossing_heavy,dense_crossing_heavy,83,trained_graph_dispatch_model,trained_mlp_model,learned_dispatch,learned_dispatch,322,322,0.4720496894409938,False,distinct
1.1,canonical_dispatch_benchmark_heavy,canonical_dispatch_heavy,dense_crossing_heavy,dense_crossing_heavy,83,trained_linear_model,trained_mlp_model,learned_dispatch,learned_dispatch,322,322,0.2639751552795031,False,distinct
1.1,canonical_dispatch_benchmark_heavy,canonical_dispatch_heavy,dense_crossing_heavy,dense_crossing_heavy,89,congestion_aware_nearest_robot_task,fifo,heuristic_dispatch,heuristic_dispatch,329,329,0.8723404255319149,False,distinct
1.1,canonical_dispatch_benchmark_heavy,canonical_dispatch_heavy,dense_crossing_heavy,dense_crossing_heavy,89,congestion_aware_nearest_robot_task,nearest_robot_task,heuristic_dispatch,heuristic_dispatch,329,329,1.0,True,potentially_collapsed
1.1,canonical_dispatch_benchmark_heavy,canonical_dispatch_heavy,dense_crossing_heavy,dense_crossing_heavy,89,congestion_aware_nearest_robot_task,trained_graph_dispatch_model,heuristic_dispatch,learned_dispatch,329,329,0.541033434650456,False,distinct
1.1,canonical_dispatch_benchmark_heavy,canonical_dispatch_heavy,dense_crossing_heavy,dense_crossing_heavy,89,congestion_aware_nearest_robot_task,trained_linear_model,heuristic_dispatch,learned_dispatch,329,329,0.3069908814589666,False,distinct
1.1,canonical_dispatch_benchmark_heavy,canonical_dispatch_heavy,dense_crossing_heavy,dense_crossing_heavy,89,congestion_aware_nearest_robot_task,trained_mlp_model,heuristic_dispatch,learned_dispatch,329,329,0.24924012158054712,False,distinct
1.1,canonical_dispatch_benchmark_heavy,canonical_dispatch_heavy,dense_crossing_heavy,dense_crossing_heavy,89,fifo,nearest_robot_task,heuristic_dispatch,heuristic_dispatch,329,329,0.8723404255319149,False,distinct
1.1,canonical_dispatch_benchmark_heavy,canonical_dispatch_heavy,dense_crossing_heavy,dense_crossing_heavy,89,fifo,trained_graph_dispatch_model,heuristic_dispatch,learned_dispatch,329,329,0.5197568389057751,False,distinct
1.1,canonical_dispatch_benchmark_heavy,canonical_dispatch_heavy,dense_crossing_heavy,dense_crossing_heavy,89,fifo,trained_linear_model,heuristic_dispatch,learned_dispatch,329,329,0.2674772036474164,False,distinct
1.1,canonical_dispatch_benchmark_heavy,canonical_dispatch_heavy,dense_crossing_heavy,dense_crossing_heavy,89,fifo,trained_mlp_model,heuristic_dispatch,learned_dispatch,329,329,0.25835866261398177,False,distinct
1.1,canonical_dispatch_benchmark_heavy,canonical_dispatch_heavy,dense_crossing_heavy,dense_crossing_heavy,89,nearest_robot_task,trained_graph_dispatch_model,heuristic_dispatch,learned_dispatch,329,329,0.541033434650456,False,distinct
1.1,canonical_dispatch_benchmark_heavy,canonical_dispatch_heavy,dense_crossing_heavy,dense_crossing_heavy,89,nearest_robot_task,trained_linear_model,heuristic_dispatch,learned_dispatch,329,329,0.3069908814589666,False,distinct
1.1,canonical_dispatch_benchmark_heavy,canonical_dispatch_heavy,dense_crossing_heavy,dense_crossing_heavy,89,nearest_robot_task,trained_mlp_model,heuristic_dispatch,learned_dispatch,329,329,0.24924012158054712,False,distinct
1.1,canonical_dispatch_benchmark_heavy,canonical_dispatch_heavy,dense_crossing_heavy,dense_crossing_heavy,89,trained_graph_dispatch_model,trained_linear_model,learned_dispatch,learned_dispatch,329,329,0.6413373860182371,False,distinct
1.1,canonical_dispatch_benchmark_heavy,canonical_dispatch_heavy,dense_crossing_heavy,dense_crossing_heavy,89,trained_graph_dispatch_model,trained_mlp_model,learned_dispatch,learned_dispatch,329,329,0.3373860182370821,False,distinct
1.1,canonical_dispatch_benchmark_heavy,canonical_dispatch_heavy,dense_crossing_heavy,dense_crossing_heavy,89,trained_linear_model,trained_mlp_model,learned_dispatch,learned_dispatch,329,329,0.1884498480243161,False,distinct
1.1,canonical_dispatch_benchmark_heavy,canonical_dispatch_heavy,dense_crossing_heavy,dense_crossing_heavy,97,congestion_aware_nearest_robot_task,fifo,heuristic_dispatch,heuristic_dispatch,306,306,0.9803921568627451,False,distinct
1.1,canonical_dispatch_benchmark_heavy,canonical_dispatch_heavy,dense_crossing_heavy,dense_crossing_heavy,97,congestion_aware_nearest_robot_task,nearest_robot_task,heuristic_dispatch,heuristic_dispatch,306,306,1.0,True,potentially_collapsed
1.1,canonical_dispatch_benchmark_heavy,canonical_dispatch_heavy,dense_crossing_heavy,dense_crossing_heavy,97,congestion_aware_nearest_robot_task,trained_graph_dispatch_model,heuristic_dispatch,learned_dispatch,306,306,0.5196078431372549,False,distinct
1.1,canonical_dispatch_benchmark_heavy,canonical_dispatch_heavy,dense_crossing_heavy,dense_crossing_heavy,97,congestion_aware_nearest_robot_task,trained_linear_model,heuristic_dispatch,learned_dispatch,306,306,0.17320261437908496,False,distinct
1.1,canonical_dispatch_benchmark_heavy,canonical_dispatch_heavy,dense_crossing_heavy,dense_crossing_heavy,97,congestion_aware_nearest_robot_task,trained_mlp_model,heuristic_dispatch,learned_dispatch,306,306,0.24836601307189543,False,distinct
1.1,canonical_dispatch_benchmark_heavy,canonical_dispatch_heavy,dense_crossing_heavy,dense_crossing_heavy,97,fifo,nearest_robot_task,heuristic_dispatch,heuristic_dispatch,306,306,0.9803921568627451,False,distinct
1.1,canonical_dispatch_benchmark_heavy,canonical_dispatch_heavy,dense_crossing_heavy,dense_crossing_heavy,97,fifo,trained_graph_dispatch_model,heuristic_dispatch,learned_dispatch,306,306,0.5228758169934641,False,distinct
1.1,canonical_dispatch_benchmark_heavy,canonical_dispatch_heavy,dense_crossing_heavy,dense_crossing_heavy,97,fifo,trained_linear_model,heuristic_dispatch,learned_dispatch,306,306,0.15359477124183007,False,distinct
1.1,canonical_dispatch_benchmark_heavy,canonical_dispatch_heavy,dense_crossing_heavy,dense_crossing_heavy,97,fifo,trained_mlp_model,heuristic_dispatch,learned_dispatch,306,306,0.25163398692810457,False,distinct
1.1,canonical_dispatch_benchmark_heavy,canonical_dispatch_heavy,dense_crossing_heavy,dense_crossing_heavy,97,nearest_robot_task,trained_graph_dispatch_model,heuristic_dispatch,learned_dispatch,306,306,0.5196078431372549,False,distinct
1.1,canonical_dispatch_benchmark_heavy,canonical_dispatch_heavy,dense_crossing_heavy,dense_crossing_heavy,97,nearest_robot_task,trained_linear_model,heuristic_dispatch,learned_dispatch,306,306,0.17320261437908496,False,distinct
1.1,canonical_dispatch_benchmark_heavy,canonical_dispatch_heavy,dense_crossing_heavy,dense_crossing_heavy,97,nearest_robot_task,trained_mlp_model,heuristic_dispatch,learned_dispatch,306,306,0.24836601307189543,False,distinct
1.1,canonical_dispatch_benchmark_heavy,canonical_dispatch_heavy,dense_crossing_heavy,dense_crossing_heavy,97,trained_graph_dispatch_model,trained_linear_model,learned_dispatch,learned_dispatch,306,306,0.29411764705882354,False,distinct
1.1,canonical_dispatch_benchmark_heavy,canonical_dispatch_heavy,dense_crossing_heavy,dense_crossing_heavy,97,trained_graph_dispatch_model,trained_mlp_model,learned_dispatch,learned_dispatch,306,306,0.38235294117647056,False,distinct
1.1,canonical_dispatch_benchmark_heavy,canonical_dispatch_heavy,dense_crossing_heavy,dense_crossing_heavy,97,trained_linear_model,trained_mlp_model,learned_dispatch,learned_dispatch,306,306,0.38235294117647056,False,distinct
1.1,canonical_dispatch_benchmark_heavy,canonical_dispatch_heavy,dense_crossing_heavy,dense_crossing_heavy,101,congestion_aware_nearest_robot_task,fifo,heuristic_dispatch,heuristic_dispatch,333,333,0.8408408408408409,False,distinct
1.1,canonical_dispatch_benchmark_heavy,canonical_dispatch_heavy,dense_crossing_heavy,dense_crossing_heavy,101,congestion_aware_nearest_robot_task,nearest_robot_task,heuristic_dispatch,heuristic_dispatch,333,333,1.0,True,potentially_collapsed
1.1,canonical_dispatch_benchmark_heavy,canonical_dispatch_heavy,dense_crossing_heavy,dense_crossing_heavy,101,congestion_aware_nearest_robot_task,trained_graph_dispatch_model,heuristic_dispatch,learned_dispatch,333,333,0.5555555555555556,False,distinct
1.1,canonical_dispatch_benchmark_heavy,canonical_dispatch_heavy,dense_crossing_heavy,dense_crossing_heavy,101,congestion_aware_nearest_robot_task,trained_linear_model,heuristic_dispatch,learned_dispatch,333,333,0.2222222222222222,False,distinct
1.1,canonical_dispatch_benchmark_heavy,canonical_dispatch_heavy,dense_crossing_heavy,dense_crossing_heavy,101,congestion_aware_nearest_robot_task,trained_mlp_model,heuristic_dispatch,learned_dispatch,333,333,0.09009009009009009,False,distinct
1.1,canonical_dispatch_benchmark_heavy,canonical_dispatch_heavy,dense_crossing_heavy,dense_crossing_heavy,101,fifo,nearest_robot_task,heuristic_dispatch,heuristic_dispatch,333,333,0.8408408408408409,False,distinct
1.1,canonical_dispatch_benchmark_heavy,canonical_dispatch_heavy,dense_crossing_heavy,dense_crossing_heavy,101,fifo,trained_graph_dispatch_model,heuristic_dispatch,learned_dispatch,333,333,0.4864864864864865,False,distinct
1.1,canonical_dispatch_benchmark_heavy,canonical_dispatch_heavy,dense_crossing_heavy,dense_crossing_heavy,101,fifo,trained_linear_model,heuristic_dispatch,learned_dispatch,333,333,0.1921921921921922,False,distinct
1.1,canonical_dispatch_benchmark_heavy,canonical_dispatch_heavy,dense_crossing_heavy,dense_crossing_heavy,101,fifo,trained_mlp_model,heuristic_dispatch,learned_dispatch,333,333,0.12312312312312312,False,distinct
1.1,canonical_dispatch_benchmark_heavy,canonical_dispatch_heavy,dense_crossing_heavy,dense_crossing_heavy,101,nearest_robot_task,trained_graph_dispatch_model,heuristic_dispatch,learned_dispatch,333,333,0.5555555555555556,False,distinct
1.1,canonical_dispatch_benchmark_heavy,canonical_dispatch_heavy,dense_crossing_heavy,dense_crossing_heavy,101,nearest_robot_task,trained_linear_model,heuristic_dispatch,learned_dispatch,333,333,0.2222222222222222,False,distinct
1.1,canonical_dispatch_benchmark_heavy,canonical_dispatch_heavy,dense_crossing_heavy,dense_crossing_heavy,101,nearest_robot_task,trained_mlp_model,heuristic_dispatch,learned_dispatch,333,333,0.09009009009009009,False,distinct
1.1,canonical_dispatch_benchmark_heavy,canonical_dispatch_heavy,dense_crossing_heavy,dense_crossing_heavy,101,trained_graph_dispatch_model,trained_linear_model,learned_dispatch,learned_dispatch,333,333,0.32432432432432434,False,distinct
1.1,canonical_dispatch_benchmark_heavy,canonical_dispatch_heavy,dense_crossing_heavy,dense_crossing_heavy,101,trained_graph_dispatch_model,trained_mlp_model,learned_dispatch,learned_dispatch,333,333,0.1981981981981982,False,distinct
1.1,canonical_dispatch_benchmark_heavy,canonical_dispatch_heavy,dense_crossing_heavy,dense_crossing_heavy,101,trained_linear_model,trained_mlp_model,learned_dispatch,learned_dispatch,333,333,0.18018018018018017,False,distinct
1.1,canonical_dispatch_benchmark_heavy,canonical_dispatch_heavy,dense_crossing_heavy,dense_crossing_heavy,103,congestion_aware_nearest_robot_task,fifo,heuristic_dispatch,heuristic_dispatch,337,337,0.8813056379821959,False,distinct
1.1,canonical_dispatch_benchmark_heavy,canonical_dispatch_heavy,dense_crossing_heavy,dense_crossing_heavy,103,congestion_aware_nearest_robot_task,nearest_robot_task,heuristic_dispatch,heuristic_dispatch,337,337,1.0,True,potentially_collapsed
1.1,canonical_dispatch_benchmark_heavy,canonical_dispatch_heavy,dense_crossing_heavy,dense_crossing_heavy,103,congestion_aware_nearest_robot_task,trained_graph_dispatch_model,heuristic_dispatch,learned_dispatch,337,337,0.5637982195845698,False,distinct
1.1,canonical_dispatch_benchmark_heavy,canonical_dispatch_heavy,dense_crossing_heavy,dense_crossing_heavy,103,congestion_aware_nearest_robot_task,trained_linear_model,heuristic_dispatch,learned_dispatch,337,337,0.3056379821958457,False,distinct
1.1,canonical_dispatch_benchmark_heavy,canonical_dispatch_heavy,dense_crossing_heavy,dense_crossing_heavy,103,congestion_aware_nearest_robot_task,trained_mlp_model,heuristic_dispatch,learned_dispatch,337,337,0.22255192878338279,False,distinct
1.1,canonical_dispatch_benchmark_heavy,canonical_dispatch_heavy,dense_crossing_heavy,dense_crossing_heavy,103,fifo,nearest_robot_task,heuristic_dispatch,heuristic_dispatch,337,337,0.8813056379821959,False,distinct
1.1,canonical_dispatch_benchmark_heavy,canonical_dispatch_heavy,dense_crossing_heavy,dense_crossing_heavy,103,fifo,trained_graph_dispatch_model,heuristic_dispatch,learned_dispatch,337,337,0.5756676557863502,False,distinct
1.1,canonical_dispatch_benchmark_heavy,canonical_dispatch_heavy,dense_crossing_heavy,dense_crossing_heavy,103,fifo,trained_linear_model,heuristic_dispatch,learned_dispatch,337,337,0.3086053412462908,False,distinct
1.1,canonical_dispatch_benchmark_heavy,canonical_dispatch_heavy,dense_crossing_heavy,dense_crossing_heavy,103,fifo,trained_mlp_model,heuristic_dispatch,learned_dispatch,337,337,0.2166172106824926,False,distinct
1.1,canonical_dispatch_benchmark_heavy,canonical_dispatch_heavy,dense_crossing_heavy,dense_crossing_heavy,103,nearest_robot_task,trained_graph_dispatch_model,heuristic_dispatch,learned_dispatch,337,337,0.5637982195845698,False,distinct
1.1,canonical_dispatch_benchmark_heavy,canonical_dispatch_heavy,dense_crossing_heavy,dense_crossing_heavy,103,nearest_robot_task,trained_linear_model,heuristic_dispatch,learned_dispatch,337,337,0.3056379821958457,False,distinct
1.1,canonical_dispatch_benchmark_heavy,canonical_dispatch_heavy,dense_crossing_heavy,dense_crossing_heavy,103,nearest_robot_task,trained_mlp_model,heuristic_dispatch,learned_dispatch,337,337,0.22255192878338279,False,distinct
1.1,canonical_dispatch_benchmark_heavy,canonical_dispatch_heavy,dense_crossing_heavy,dense_crossing_heavy,103,trained_graph_dispatch_model,trained_linear_model,learned_dispatch,learned_dispatch,337,337,0.37091988130563797,False,distinct
1.1,canonical_dispatch_benchmark_heavy,canonical_dispatch_heavy,dense_crossing_heavy,dense_crossing_heavy,103,trained_graph_dispatch_model,trained_mlp_model,learned_dispatch,learned_dispatch,337,337,0.3768545994065282,False,distinct
1.1,canonical_dispatch_benchmark_heavy,canonical_dispatch_heavy,dense_crossing_heavy,dense_crossing_heavy,103,trained_linear_model,trained_mlp_model,learned_dispatch,learned_dispatch,337,337,0.22255192878338279,False,distinct
1.1,canonical_dispatch_benchmark_heavy,canonical_dispatch_heavy,dense_crossing_heavy,dense_crossing_heavy,107,congestion_aware_nearest_robot_task,fifo,heuristic_dispatch,heuristic_dispatch,333,333,0.978978978978979,False,distinct
1.1,canonical_dispatch_benchmark_heavy,canonical_dispatch_heavy,dense_crossing_heavy,dense_crossing_heavy,107,congestion_aware_nearest_robot_task,nearest_robot_task,heuristic_dispatch,heuristic_dispatch,333,333,1.0,True,potentially_collapsed
1.1,canonical_dispatch_benchmark_heavy,canonical_dispatch_heavy,dense_crossing_heavy,dense_crossing_heavy,107,congestion_aware_nearest_robot_task,trained_graph_dispatch_model,heuristic_dispatch,learned_dispatch,333,333,0.5645645645645646,False,distinct
1.1,canonical_dispatch_benchmark_heavy,canonical_dispatch_heavy,dense_crossing_heavy,dense_crossing_heavy,107,congestion_aware_nearest_robot_task,trained_linear_model,heuristic_dispatch,learned_dispatch,333,333,0.2042042042042042,False,distinct
1.1,canonical_dispatch_benchmark_heavy,canonical_dispatch_heavy,dense_crossing_heavy,dense_crossing_heavy,107,congestion_aware_nearest_robot_task,trained_mlp_model,heuristic_dispatch,learned_dispatch,333,333,0.4114114114114114,False,distinct
1.1,canonical_dispatch_benchmark_heavy,canonical_dispatch_heavy,dense_crossing_heavy,dense_crossing_heavy,107,fifo,nearest_robot_task,heuristic_dispatch,heuristic_dispatch,333,333,0.978978978978979,False,distinct
1.1,canonical_dispatch_benchmark_heavy,canonical_dispatch_heavy,dense_crossing_heavy,dense_crossing_heavy,107,fifo,trained_graph_dispatch_model,heuristic_dispatch,learned_dispatch,333,333,0.5435435435435435,False,distinct
1.1,canonical_dispatch_benchmark_heavy,canonical_dispatch_heavy,dense_crossing_heavy,dense_crossing_heavy,107,fifo,trained_linear_model,heuristic_dispatch,learned_dispatch,333,333,0.1831831831831832,False,distinct
1.1,canonical_dispatch_benchmark_heavy,canonical_dispatch_heavy,dense_crossing_heavy,dense_crossing_heavy,107,fifo,trained_mlp_model,heuristic_dispatch,learned_dispatch,333,333,0.4174174174174174,False,distinct
1.1,canonical_dispatch_benchmark_heavy,canonical_dispatch_heavy,dense_crossing_heavy,dense_crossing_heavy,107,nearest_robot_task,trained_graph_dispatch_model,heuristic_dispatch,learned_dispatch,333,333,0.5645645645645646,False,distinct
1.1,canonical_dispatch_benchmark_heavy,canonical_dispatch_heavy,dense_crossing_heavy,dense_crossing_heavy,107,nearest_robot_task,trained_linear_model,heuristic_dispatch,learned_dispatch,333,333,0.2042042042042042,False,distinct
1.1,canonical_dispatch_benchmark_heavy,canonical_dispatch_heavy,dense_crossing_heavy,dense_crossing_heavy,107,nearest_robot_task,trained_mlp_model,heuristic_dispatch,learned_dispatch,333,333,0.4114114114114114,False,distinct
1.1,canonical_dispatch_benchmark_heavy,canonical_dispatch_heavy,dense_crossing_heavy,dense_crossing_heavy,107,trained_graph_dispatch_model,trained_linear_model,learned_dispatch,learned_dispatch,333,333,0.4894894894894895,False,distinct
1.1,canonical_dispatch_benchmark_heavy,canonical_dispatch_heavy,dense_crossing_heavy,dense_crossing_heavy,107,trained_graph_dispatch_model,trained_mlp_model,learned_dispatch,learned_dispatch,333,333,0.3813813813813814,False,distinct
1.1,canonical_dispatch_benchmark_heavy,canonical_dispatch_heavy,dense_crossing_heavy,dense_crossing_heavy,107,trained_linear_model,trained_mlp_model,learned_dispatch,learned_dispatch,333,333,0.21921921921921922,False,distinct
1.1,canonical_dispatch_benchmark_heavy,canonical_dispatch_heavy,dispatch_due_pressure_heavy,dispatch_due_pressure_heavy,7,congestion_aware_nearest_robot_task,fifo,heuristic_dispatch,heuristic_dispatch,296,296,0.02702702702702703,False,distinct
1.1,canonical_dispatch_benchmark_heavy,canonical_dispatch_heavy,dispatch_due_pressure_heavy,dispatch_due_pressure_heavy,7,congestion_aware_nearest_robot_task,nearest_robot_task,heuristic_dispatch,heuristic_dispatch,296,296,0.060810810810810814,False,distinct
1.1,canonical_dispatch_benchmark_heavy,canonical_dispatch_heavy,dispatch_due_pressure_heavy,dispatch_due_pressure_heavy,7,congestion_aware_nearest_robot_task,trained_graph_dispatch_model,heuristic_dispatch,learned_dispatch,296,296,0.04391891891891892,False,distinct
1.1,canonical_dispatch_benchmark_heavy,canonical_dispatch_heavy,dispatch_due_pressure_heavy,dispatch_due_pressure_heavy,7,congestion_aware_nearest_robot_task,trained_linear_model,heuristic_dispatch,learned_dispatch,296,296,0.04054054054054054,False,distinct
1.1,canonical_dispatch_benchmark_heavy,canonical_dispatch_heavy,dispatch_due_pressure_heavy,dispatch_due_pressure_heavy,7,congestion_aware_nearest_robot_task,trained_mlp_model,heuristic_dispatch,learned_dispatch,296,296,0.010135135135135136,False,distinct
1.1,canonical_dispatch_benchmark_heavy,canonical_dispatch_heavy,dispatch_due_pressure_heavy,dispatch_due_pressure_heavy,7,fifo,nearest_robot_task,heuristic_dispatch,heuristic_dispatch,296,296,0.02364864864864865,False,distinct
1.1,canonical_dispatch_benchmark_heavy,canonical_dispatch_heavy,dispatch_due_pressure_heavy,dispatch_due_pressure_heavy,7,fifo,trained_graph_dispatch_model,heuristic_dispatch,learned_dispatch,296,296,0.04054054054054054,False,distinct
1.1,canonical_dispatch_benchmark_heavy,canonical_dispatch_heavy,dispatch_due_pressure_heavy,dispatch_due_pressure_heavy,7,fifo,trained_linear_model,heuristic_dispatch,learned_dispatch,296,296,0.02364864864864865,False,distinct
1.1,canonical_dispatch_benchmark_heavy,canonical_dispatch_heavy,dispatch_due_pressure_heavy,dispatch_due_pressure_heavy,7,fifo,trained_mlp_model,heuristic_dispatch,learned_dispatch,296,296,0.07432432432432433,False,distinct
1.1,canonical_dispatch_benchmark_heavy,canonical_dispatch_heavy,dispatch_due_pressure_heavy,dispatch_due_pressure_heavy,7,nearest_robot_task,trained_graph_dispatch_model,heuristic_dispatch,learned_dispatch,296,296,0.0777027027027027,False,distinct
1.1,canonical_dispatch_benchmark_heavy,canonical_dispatch_heavy,dispatch_due_pressure_heavy,dispatch_due_pressure_heavy,7,nearest_robot_task,trained_linear_model,heuristic_dispatch,learned_dispatch,296,296,0.04391891891891892,False,distinct
1.1,canonical_dispatch_benchmark_heavy,canonical_dispatch_heavy,dispatch_due_pressure_heavy,dispatch_due_pressure_heavy,7,nearest_robot_task,trained_mlp_model,heuristic_dispatch,learned_dispatch,296,296,0.013513513513513514,False,distinct
1.1,canonical_dispatch_benchmark_heavy,canonical_dispatch_heavy,dispatch_due_pressure_heavy,dispatch_due_pressure_heavy,7,trained_graph_dispatch_model,trained_linear_model,learned_dispatch,learned_dispatch,296,296,0.0472972972972973,False,distinct
1.1,canonical_dispatch_benchmark_heavy,canonical_dispatch_heavy,dispatch_due_pressure_heavy,dispatch_due_pressure_heavy,7,trained_graph_dispatch_model,trained_mlp_model,learned_dispatch,learned_dispatch,296,296,0.037162162162162164,False,distinct
1.1,canonical_dispatch_benchmark_heavy,canonical_dispatch_heavy,dispatch_due_pressure_heavy,dispatch_due_pressure_heavy,7,trained_linear_model,trained_mlp_model,learned_dispatch,learned_dispatch,296,296,0.02364864864864865,False,distinct
1.1,canonical_dispatch_benchmark_heavy,canonical_dispatch_heavy,dispatch_due_pressure_heavy,dispatch_due_pressure_heavy,11,congestion_aware_nearest_robot_task,fifo,heuristic_dispatch,heuristic_dispatch,311,311,0.04180064308681672,False,distinct
1.1,canonical_dispatch_benchmark_heavy,canonical_dispatch_heavy,dispatch_due_pressure_heavy,dispatch_due_pressure_heavy,11,congestion_aware_nearest_robot_task,nearest_robot_task,heuristic_dispatch,heuristic_dispatch,311,311,0.04823151125401929,False,distinct
1.1,canonical_dispatch_benchmark_heavy,canonical_dispatch_heavy,dispatch_due_pressure_heavy,dispatch_due_pressure_heavy,11,congestion_aware_nearest_robot_task,trained_graph_dispatch_model,heuristic_dispatch,learned_dispatch,311,311,0.01607717041800643,False,distinct
1.1,canonical_dispatch_benchmark_heavy,canonical_dispatch_heavy,dispatch_due_pressure_heavy,dispatch_due_pressure_heavy,11,congestion_aware_nearest_robot_task,trained_linear_model,heuristic_dispatch,learned_dispatch,311,311,0.022508038585209004,False,distinct
1.1,canonical_dispatch_benchmark_heavy,canonical_dispatch_heavy,dispatch_due_pressure_heavy,dispatch_due_pressure_heavy,11,congestion_aware_nearest_robot_task,trained_mlp_model,heuristic_dispatch,learned_dispatch,311,311,0.01607717041800643,False,distinct
1.1,canonical_dispatch_benchmark_heavy,canonical_dispatch_heavy,dispatch_due_pressure_heavy,dispatch_due_pressure_heavy,11,fifo,nearest_robot_task,heuristic_dispatch,heuristic_dispatch,311,311,0.01607717041800643,False,distinct
1.1,canonical_dispatch_benchmark_heavy,canonical_dispatch_heavy,dispatch_due_pressure_heavy,dispatch_due_pressure_heavy,11,fifo,trained_graph_dispatch_model,heuristic_dispatch,learned_dispatch,311,311,0.022508038585209004,False,distinct
1.1,canonical_dispatch_benchmark_heavy,canonical_dispatch_heavy,dispatch_due_pressure_heavy,dispatch_due_pressure_heavy,11,fifo,trained_linear_model,heuristic_dispatch,learned_dispatch,311,311,0.01929260450160772,False,distinct
1.1,canonical_dispatch_benchmark_heavy,canonical_dispatch_heavy,dispatch_due_pressure_heavy,dispatch_due_pressure_heavy,11,fifo,trained_mlp_model,heuristic_dispatch,learned_dispatch,311,311,0.04823151125401929,False,distinct
1.1,canonical_dispatch_benchmark_heavy,canonical_dispatch_heavy,dispatch_due_pressure_heavy,dispatch_due_pressure_heavy,11,nearest_robot_task,trained_graph_dispatch_model,heuristic_dispatch,learned_dispatch,311,311,0.07395498392282958,False,distinct
1.1,canonical_dispatch_benchmark_heavy,canonical_dispatch_heavy,dispatch_due_pressure_heavy,dispatch_due_pressure_heavy,11,nearest_robot_task,trained_linear_model,heuristic_dispatch,learned_dispatch,311,311,0.03536977491961415,False,distinct
1.1,canonical_dispatch_benchmark_heavy,canonical_dispatch_heavy,dispatch_due_pressure_heavy,dispatch_due_pressure_heavy,11,nearest_robot_task,trained_mlp_model,heuristic_dispatch,learned_dispatch,311,311,0.012861736334405145,False,distinct
1.1,canonical_dispatch_benchmark_heavy,canonical_dispatch_heavy,dispatch_due_pressure_heavy,dispatch_due_pressure_heavy,11,trained_graph_dispatch_model,trained_linear_model,learned_dispatch,learned_dispatch,311,311,0.03858520900321544,False,distinct
1.1,canonical_dispatch_benchmark_heavy,canonical_dispatch_heavy,dispatch_due_pressure_heavy,dispatch_due_pressure_heavy,11,trained_graph_dispatch_model,trained_mlp_model,learned_dispatch,learned_dispatch,311,311,0.01929260450160772,False,distinct
1.1,canonical_dispatch_benchmark_heavy,canonical_dispatch_heavy,dispatch_due_pressure_heavy,dispatch_due_pressure_heavy,11,trained_linear_model,trained_mlp_model,learned_dispatch,learned_dispatch,311,311,0.02572347266881029,False,distinct
1.1,canonical_dispatch_benchmark_heavy,canonical_dispatch_heavy,dispatch_due_pressure_heavy,dispatch_due_pressure_heavy,13,congestion_aware_nearest_robot_task,fifo,heuristic_dispatch,heuristic_dispatch,296,296,0.02027027027027027,False,distinct
1.1,canonical_dispatch_benchmark_heavy,canonical_dispatch_heavy,dispatch_due_pressure_heavy,dispatch_due_pressure_heavy,13,congestion_aware_nearest_robot_task,nearest_robot_task,heuristic_dispatch,heuristic_dispatch,296,296,0.06418918918918919,False,distinct
1.1,canonical_dispatch_benchmark_heavy,canonical_dispatch_heavy,dispatch_due_pressure_heavy,dispatch_due_pressure_heavy,13,congestion_aware_nearest_robot_task,trained_graph_dispatch_model,heuristic_dispatch,learned_dispatch,296,296,0.05067567567567568,False,distinct
1.1,canonical_dispatch_benchmark_heavy,canonical_dispatch_heavy,dispatch_due_pressure_heavy,dispatch_due_pressure_heavy,13,congestion_aware_nearest_robot_task,trained_linear_model,heuristic_dispatch,learned_dispatch,296,296,0.02364864864864865,False,distinct
1.1,canonical_dispatch_benchmark_heavy,canonical_dispatch_heavy,dispatch_due_pressure_heavy,dispatch_due_pressure_heavy,13,congestion_aware_nearest_robot_task,trained_mlp_model,heuristic_dispatch,learned_dispatch,296,296,0.02027027027027027,False,distinct
1.1,canonical_dispatch_benchmark_heavy,canonical_dispatch_heavy,dispatch_due_pressure_heavy,dispatch_due_pressure_heavy,13,fifo,nearest_robot_task,heuristic_dispatch,heuristic_dispatch,296,296,0.016891891891891893,False,distinct
1.1,canonical_dispatch_benchmark_heavy,canonical_dispatch_heavy,dispatch_due_pressure_heavy,dispatch_due_pressure_heavy,13,fifo,trained_graph_dispatch_model,heuristic_dispatch,learned_dispatch,296,296,0.037162162162162164,False,distinct
1.1,canonical_dispatch_benchmark_heavy,canonical_dispatch_heavy,dispatch_due_pressure_heavy,dispatch_due_pressure_heavy,13,fifo,trained_linear_model,heuristic_dispatch,learned_dispatch,296,296,0.006756756756756757,False,distinct
1.1,canonical_dispatch_benchmark_heavy,canonical_dispatch_heavy,dispatch_due_pressure_heavy,dispatch_due_pressure_heavy,13,fifo,trained_mlp_model,heuristic_dispatch,learned_dispatch,296,296,0.037162162162162164,False,distinct
1.1,canonical_dispatch_benchmark_heavy,canonical_dispatch_heavy,dispatch_due_pressure_heavy,dispatch_due_pressure_heavy,13,nearest_robot_task,trained_graph_dispatch_model,heuristic_dispatch,learned_dispatch,296,296,0.05405405405405406,False,distinct
1.1,canonical_dispatch_benchmark_heavy,canonical_dispatch_heavy,dispatch_due_pressure_heavy,dispatch_due_pressure_heavy,13,nearest_robot_task,trained_linear_model,heuristic_dispatch,learned_dispatch,296,296,0.030405405405405407,False,distinct
1.1,canonical_dispatch_benchmark_heavy,canonical_dispatch_heavy,dispatch_due_pressure_heavy,dispatch_due_pressure_heavy,13,nearest_robot_task,trained_mlp_model,heuristic_dispatch,learned_dispatch,296,296,0.016891891891891893,False,distinct
1.1,canonical_dispatch_benchmark_heavy,canonical_dispatch_heavy,dispatch_due_pressure_heavy,dispatch_due_pressure_heavy,13,trained_graph_dispatch_model,trained_linear_model,learned_dispatch,learned_dispatch,296,296,0.04391891891891892,False,distinct
1.1,canonical_dispatch_benchmark_heavy,canonical_dispatch_heavy,dispatch_due_pressure_heavy,dispatch_due_pressure_heavy,13,trained_graph_dispatch_model,trained_mlp_model,learned_dispatch,learned_dispatch,296,296,0.016891891891891893,False,distinct
1.1,canonical_dispatch_benchmark_heavy,canonical_dispatch_heavy,dispatch_due_pressure_heavy,dispatch_due_pressure_heavy,13,trained_linear_model,trained_mlp_model,learned_dispatch,learned_dispatch,296,296,0.013513513513513514,False,distinct
1.1,canonical_dispatch_benchmark_heavy,canonical_dispatch_heavy,dispatch_due_pressure_heavy,dispatch_due_pressure_heavy,17,congestion_aware_nearest_robot_task,fifo,heuristic_dispatch,heuristic_dispatch,332,332,0.04216867469879518,False,distinct
1.1,canonical_dispatch_benchmark_heavy,canonical_dispatch_heavy,dispatch_due_pressure_heavy,dispatch_due_pressure_heavy,17,congestion_aware_nearest_robot_task,nearest_robot_task,heuristic_dispatch,heuristic_dispatch,332,332,0.0783132530120482,False,distinct
1.1,canonical_dispatch_benchmark_heavy,canonical_dispatch_heavy,dispatch_due_pressure_heavy,dispatch_due_pressure_heavy,17,congestion_aware_nearest_robot_task,trained_graph_dispatch_model,heuristic_dispatch,learned_dispatch,332,332,0.0391566265060241,False,distinct
1.1,canonical_dispatch_benchmark_heavy,canonical_dispatch_heavy,dispatch_due_pressure_heavy,dispatch_due_pressure_heavy,17,congestion_aware_nearest_robot_task,trained_linear_model,heuristic_dispatch,learned_dispatch,332,332,0.030120481927710843,False,distinct
1.1,canonical_dispatch_benchmark_heavy,canonical_dispatch_heavy,dispatch_due_pressure_heavy,dispatch_due_pressure_heavy,17,congestion_aware_nearest_robot_task,trained_mlp_model,heuristic_dispatch,learned_dispatch,332,332,0.030120481927710843,False,distinct
1.1,canonical_dispatch_benchmark_heavy,canonical_dispatch_heavy,dispatch_due_pressure_heavy,dispatch_due_pressure_heavy,17,fifo,nearest_robot_task,heuristic_dispatch,heuristic_dispatch,332,332,0.02710843373493976,False,distinct
1.1,canonical_dispatch_benchmark_heavy,canonical_dispatch_heavy,dispatch_due_pressure_heavy,dispatch_due_pressure_heavy,17,fifo,trained_graph_dispatch_model,heuristic_dispatch,learned_dispatch,332,332,0.0391566265060241,False,distinct
1.1,canonical_dispatch_benchmark_heavy,canonical_dispatch_heavy,dispatch_due_pressure_heavy,dispatch_due_pressure_heavy,17,fifo,trained_linear_model,heuristic_dispatch,learned_dispatch,332,332,0.030120481927710843,False,distinct
1.1,canonical_dispatch_benchmark_heavy,canonical_dispatch_heavy,dispatch_due_pressure_heavy,dispatch_due_pressure_heavy,17,fifo,trained_mlp_model,heuristic_dispatch,learned_dispatch,332,332,0.03614457831325301,False,distinct
1.1,canonical_dispatch_benchmark_heavy,canonical_dispatch_heavy,dispatch_due_pressure_heavy,dispatch_due_pressure_heavy,17,nearest_robot_task,trained_graph_dispatch_model,heuristic_dispatch,learned_dispatch,332,332,0.05120481927710843,False,distinct
1.1,canonical_dispatch_benchmark_heavy,canonical_dispatch_heavy,dispatch_due_pressure_heavy,dispatch_due_pressure_heavy,17,nearest_robot_task,trained_linear_model,heuristic_dispatch,learned_dispatch,332,332,0.0391566265060241,False,distinct
1.1,canonical_dispatch_benchmark_heavy,canonical_dispatch_heavy,dispatch_due_pressure_heavy,dispatch_due_pressure_heavy,17,nearest_robot_task,trained_mlp_model,heuristic_dispatch,learned_dispatch,332,332,0.018072289156626505,False,distinct
1.1,canonical_dispatch_benchmark_heavy,canonical_dispatch_heavy,dispatch_due_pressure_heavy,dispatch_due_pressure_heavy,17,trained_graph_dispatch_model,trained_linear_model,learned_dispatch,learned_dispatch,332,332,0.03614457831325301,False,distinct
1.1,canonical_dispatch_benchmark_heavy,canonical_dispatch_heavy,dispatch_due_pressure_heavy,dispatch_due_pressure_heavy,17,trained_graph_dispatch_model,trained_mlp_model,learned_dispatch,learned_dispatch,332,332,0.02710843373493976,False,distinct
1.1,canonical_dispatch_benchmark_heavy,canonical_dispatch_heavy,dispatch_due_pressure_heavy,dispatch_due_pressure_heavy,17,trained_linear_model,trained_mlp_model,learned_dispatch,learned_dispatch,332,332,0.02108433734939759,False,distinct
1.1,canonical_dispatch_benchmark_heavy,canonical_dispatch_heavy,dispatch_due_pressure_heavy,dispatch_due_pressure_heavy,19,congestion_aware_nearest_robot_task,fifo,heuristic_dispatch,heuristic_dispatch,295,295,0.01694915254237288,False,distinct
1.1,canonical_dispatch_benchmark_heavy,canonical_dispatch_heavy,dispatch_due_pressure_heavy,dispatch_due_pressure_heavy,19,congestion_aware_nearest_robot_task,nearest_robot_task,heuristic_dispatch,heuristic_dispatch,295,295,0.07457627118644068,False,distinct
1.1,canonical_dispatch_benchmark_heavy,canonical_dispatch_heavy,dispatch_due_pressure_heavy,dispatch_due_pressure_heavy,19,congestion_aware_nearest_robot_task,trained_graph_dispatch_model,heuristic_dispatch,learned_dispatch,295,295,0.05423728813559322,False,distinct
1.1,canonical_dispatch_benchmark_heavy,canonical_dispatch_heavy,dispatch_due_pressure_heavy,dispatch_due_pressure_heavy,19,congestion_aware_nearest_robot_task,trained_linear_model,heuristic_dispatch,learned_dispatch,295,295,0.05084745762711865,False,distinct
1.1,canonical_dispatch_benchmark_heavy,canonical_dispatch_heavy,dispatch_due_pressure_heavy,dispatch_due_pressure_heavy,19,congestion_aware_nearest_robot_task,trained_mlp_model,heuristic_dispatch,learned_dispatch,295,295,0.010169491525423728,False,distinct
1.1,canonical_dispatch_benchmark_heavy,canonical_dispatch_heavy,dispatch_due_pressure_heavy,dispatch_due_pressure_heavy,19,fifo,nearest_robot_task,heuristic_dispatch,heuristic_dispatch,295,295,0.013559322033898305,False,distinct
1.1,canonical_dispatch_benchmark_heavy,canonical_dispatch_heavy,dispatch_due_pressure_heavy,dispatch_due_pressure_heavy,19,fifo,trained_graph_dispatch_model,heuristic_dispatch,learned_dispatch,295,295,0.04067796610169491,False,distinct
1.1,canonical_dispatch_benchmark_heavy,canonical_dispatch_heavy,dispatch_due_pressure_heavy,dispatch_due_pressure_heavy,19,fifo,trained_linear_model,heuristic_dispatch,learned_dispatch,295,295,0.01694915254237288,False,distinct
1.1,canonical_dispatch_benchmark_heavy,canonical_dispatch_heavy,dispatch_due_pressure_heavy,dispatch_due_pressure_heavy,19,fifo,trained_mlp_model,heuristic_dispatch,learned_dispatch,295,295,0.02711864406779661,False,distinct
1.1,canonical_dispatch_benchmark_heavy,canonical_dispatch_heavy,dispatch_due_pressure_heavy,dispatch_due_pressure_heavy,19,nearest_robot_task,trained_graph_dispatch_model,heuristic_dispatch,learned_dispatch,295,295,0.09491525423728814,False,distinct
1.1,canonical_dispatch_benchmark_heavy,canonical_dispatch_heavy,dispatch_due_pressure_heavy,dispatch_due_pressure_heavy,19,nearest_robot_task,trained_linear_model,heuristic_dispatch,learned_dispatch,295,295,0.030508474576271188,False,distinct
1.1,canonical_dispatch_benchmark_heavy,canonical_dispatch_heavy,dispatch_due_pressure_heavy,dispatch_due_pressure_heavy,19,nearest_robot_task,trained_mlp_model,heuristic_dispatch,learned_dispatch,295,295,0.020338983050847456,False,distinct
1.1,canonical_dispatch_benchmark_heavy,canonical_dispatch_heavy,dispatch_due_pressure_heavy,dispatch_due_pressure_heavy,19,trained_graph_dispatch_model,trained_linear_model,learned_dispatch,learned_dispatch,295,295,0.05084745762711865,False,distinct
1.1,canonical_dispatch_benchmark_heavy,canonical_dispatch_heavy,dispatch_due_pressure_heavy,dispatch_due_pressure_heavy,19,trained_graph_dispatch_model,trained_mlp_model,learned_dispatch,learned_dispatch,295,295,0.020338983050847456,False,distinct
1.1,canonical_dispatch_benchmark_heavy,canonical_dispatch_heavy,dispatch_due_pressure_heavy,dispatch_due_pressure_heavy,19,trained_linear_model,trained_mlp_model,learned_dispatch,learned_dispatch,295,295,0.013559322033898305,False,distinct
1.1,canonical_dispatch_benchmark_heavy,canonical_dispatch_heavy,dispatch_due_pressure_heavy,dispatch_due_pressure_heavy,23,congestion_aware_nearest_robot_task,fifo,heuristic_dispatch,heuristic_dispatch,305,305,0.04590163934426229,False,distinct
1.1,canonical_dispatch_benchmark_heavy,canonical_dispatch_heavy,dispatch_due_pressure_heavy,dispatch_due_pressure_heavy,23,congestion_aware_nearest_robot_task,nearest_robot_task,heuristic_dispatch,heuristic_dispatch,305,305,0.07213114754098361,False,distinct
1.1,canonical_dispatch_benchmark_heavy,canonical_dispatch_heavy,dispatch_due_pressure_heavy,dispatch_due_pressure_heavy,23,congestion_aware_nearest_robot_task,trained_graph_dispatch_model,heuristic_dispatch,learned_dispatch,305,305,0.04590163934426229,False,distinct
1.1,canonical_dispatch_benchmark_heavy,canonical_dispatch_heavy,dispatch_due_pressure_heavy,dispatch_due_pressure_heavy,23,congestion_aware_nearest_robot_task,trained_linear_model,heuristic_dispatch,learned_dispatch,305,305,0.036065573770491806,False,distinct
1.1,canonical_dispatch_benchmark_heavy,canonical_dispatch_heavy,dispatch_due_pressure_heavy,dispatch_due_pressure_heavy,23,congestion_aware_nearest_robot_task,trained_mlp_model,heuristic_dispatch,learned_dispatch,305,305,0.019672131147540985,False,distinct
1.1,canonical_dispatch_benchmark_heavy,canonical_dispatch_heavy,dispatch_due_pressure_heavy,dispatch_due_pressure_heavy,23,fifo,nearest_robot_task,heuristic_dispatch,heuristic_dispatch,305,305,0.03934426229508197,False,distinct
1.1,canonical_dispatch_benchmark_heavy,canonical_dispatch_heavy,dispatch_due_pressure_heavy,dispatch_due_pressure_heavy,23,fifo,trained_graph_dispatch_model,heuristic_dispatch,learned_dispatch,305,305,0.05573770491803279,False,distinct
1.1,canonical_dispatch_benchmark_heavy,canonical_dispatch_heavy,dispatch_due_pressure_heavy,dispatch_due_pressure_heavy,23,fifo,trained_linear_model,heuristic_dispatch,learned_dispatch,305,305,0.04590163934426229,False,distinct
1.1,canonical_dispatch_benchmark_heavy,canonical_dispatch_heavy,dispatch_due_pressure_heavy,dispatch_due_pressure_heavy,23,fifo,trained_mlp_model,heuristic_dispatch,learned_dispatch,305,305,0.03278688524590164,False,distinct
1.1,canonical_dispatch_benchmark_heavy,canonical_dispatch_heavy,dispatch_due_pressure_heavy,dispatch_due_pressure_heavy,23,nearest_robot_task,trained_graph_dispatch_model,heuristic_dispatch,learned_dispatch,305,305,0.06229508196721312,False,distinct
1.1,canonical_dispatch_benchmark_heavy,canonical_dispatch_heavy,dispatch_due_pressure_heavy,dispatch_due_pressure_heavy,23,nearest_robot_task,trained_linear_model,heuristic_dispatch,learned_dispatch,305,305,0.04262295081967213,False,distinct
1.1,canonical_dispatch_benchmark_heavy,canonical_dispatch_heavy,dispatch_due_pressure_heavy,dispatch_due_pressure_heavy,23,nearest_robot_task,trained_mlp_model,heuristic_dispatch,learned_dispatch,305,305,0.02622950819672131,False,distinct
1.1,canonical_dispatch_benchmark_heavy,canonical_dispatch_heavy,dispatch_due_pressure_heavy,dispatch_due_pressure_heavy,23,trained_graph_dispatch_model,trained_linear_model,learned_dispatch,learned_dispatch,305,305,0.03934426229508197,False,distinct
1.1,canonical_dispatch_benchmark_heavy,canonical_dispatch_heavy,dispatch_due_pressure_heavy,dispatch_due_pressure_heavy,23,trained_graph_dispatch_model,trained_mlp_model,learned_dispatch,learned_dispatch,305,305,0.03278688524590164,False,distinct
1.1,canonical_dispatch_benchmark_heavy,canonical_dispatch_heavy,dispatch_due_pressure_heavy,dispatch_due_pressure_heavy,23,trained_linear_model,trained_mlp_model,learned_dispatch,learned_dispatch,305,305,0.02622950819672131,False,distinct
1.1,canonical_dispatch_benchmark_heavy,canonical_dispatch_heavy,dispatch_due_pressure_heavy,dispatch_due_pressure_heavy,29,congestion_aware_nearest_robot_task,fifo,heuristic_dispatch,heuristic_dispatch,315,315,0.044444444444444446,False,distinct
1.1,canonical_dispatch_benchmark_heavy,canonical_dispatch_heavy,dispatch_due_pressure_heavy,dispatch_due_pressure_heavy,29,congestion_aware_nearest_robot_task,nearest_robot_task,heuristic_dispatch,heuristic_dispatch,315,315,0.044444444444444446,False,distinct
1.1,canonical_dispatch_benchmark_heavy,canonical_dispatch_heavy,dispatch_due_pressure_heavy,dispatch_due_pressure_heavy,29,congestion_aware_nearest_robot_task,trained_graph_dispatch_model,heuristic_dispatch,learned_dispatch,315,315,0.025396825396825397,False,distinct
1.1,canonical_dispatch_benchmark_heavy,canonical_dispatch_heavy,dispatch_due_pressure_heavy,dispatch_due_pressure_heavy,29,congestion_aware_nearest_robot_task,trained_linear_model,heuristic_dispatch,learned_dispatch,315,315,0.02857142857142857,False,distinct
1.1,canonical_dispatch_benchmark_heavy,canonical_dispatch_heavy,dispatch_due_pressure_heavy,dispatch_due_pressure_heavy,29,congestion_aware_nearest_robot_task,trained_mlp_model,heuristic_dispatch,learned_dispatch,315,315,0.022222222222222223,False,distinct
1.1,canonical_dispatch_benchmark_heavy,canonical_dispatch_heavy,dispatch_due_pressure_heavy,dispatch_due_pressure_heavy,29,fifo,nearest_robot_task,heuristic_dispatch,heuristic_dispatch,315,315,0.02857142857142857,False,distinct
1.1,canonical_dispatch_benchmark_heavy,canonical_dispatch_heavy,dispatch_due_pressure_heavy,dispatch_due_pressure_heavy,29,fifo,trained_graph_dispatch_model,heuristic_dispatch,learned_dispatch,315,315,0.02857142857142857,False,distinct
1.1,canonical_dispatch_benchmark_heavy,canonical_dispatch_heavy,dispatch_due_pressure_heavy,dispatch_due_pressure_heavy,29,fifo,trained_linear_model,heuristic_dispatch,learned_dispatch,315,315,0.0380952380952381,False,distinct
1.1,canonical_dispatch_benchmark_heavy,canonical_dispatch_heavy,dispatch_due_pressure_heavy,dispatch_due_pressure_heavy,29,fifo,trained_mlp_model,heuristic_dispatch,learned_dispatch,315,315,0.06666666666666667,False,distinct
1.1,canonical_dispatch_benchmark_heavy,canonical_dispatch_heavy,dispatch_due_pressure_heavy,dispatch_due_pressure_heavy,29,nearest_robot_task,trained_graph_dispatch_model,heuristic_dispatch,learned_dispatch,315,315,0.08253968253968254,False,distinct
1.1,canonical_dispatch_benchmark_heavy,canonical_dispatch_heavy,dispatch_due_pressure_heavy,dispatch_due_pressure_heavy,29,nearest_robot_task,trained_linear_model,heuristic_dispatch,learned_dispatch,315,315,0.0380952380952381,False,distinct
1.1,canonical_dispatch_benchmark_heavy,canonical_dispatch_heavy,dispatch_due_pressure_heavy,dispatch_due_pressure_heavy,29,nearest_robot_task,trained_mlp_model,heuristic_dispatch,learned_dispatch,315,315,0.01904761904761905,False,distinct
1.1,canonical_dispatch_benchmark_heavy,canonical_dispatch_heavy,dispatch_due_pressure_heavy,dispatch_due_pressure_heavy,29,trained_graph_dispatch_model,trained_linear_model,learned_dispatch,learned_dispatch,315,315,0.05714285714285714,False,distinct
1.1,canonical_dispatch_benchmark_heavy,canonical_dispatch_heavy,dispatch_due_pressure_heavy,dispatch_due_pressure_heavy,29,trained_graph_dispatch_model,trained_mlp_model,learned_dispatch,learned_dispatch,315,315,0.031746031746031744,False,distinct
1.1,canonical_dispatch_benchmark_heavy,canonical_dispatch_heavy,dispatch_due_pressure_heavy,dispatch_due_pressure_heavy,29,trained_linear_model,trained_mlp_model,learned_dispatch,learned_dispatch,315,315,0.0380952380952381,False,distinct
1.1,canonical_dispatch_benchmark_heavy,canonical_dispatch_heavy,dispatch_due_pressure_heavy,dispatch_due_pressure_heavy,31,congestion_aware_nearest_robot_task,fifo,heuristic_dispatch,heuristic_dispatch,344,344,0.06395348837209303,False,distinct
1.1,canonical_dispatch_benchmark_heavy,canonical_dispatch_heavy,dispatch_due_pressure_heavy,dispatch_due_pressure_heavy,31,congestion_aware_nearest_robot_task,nearest_robot_task,heuristic_dispatch,heuristic_dispatch,344,344,0.06395348837209303,False,distinct
1.1,canonical_dispatch_benchmark_heavy,canonical_dispatch_heavy,dispatch_due_pressure_heavy,dispatch_due_pressure_heavy,31,congestion_aware_nearest_robot_task,trained_graph_dispatch_model,heuristic_dispatch,learned_dispatch,344,344,0.046511627906976744,False,distinct
1.1,canonical_dispatch_benchmark_heavy,canonical_dispatch_heavy,dispatch_due_pressure_heavy,dispatch_due_pressure_heavy,31,congestion_aware_nearest_robot_task,trained_linear_model,heuristic_dispatch,learned_dispatch,344,344,0.03197674418604651,False,distinct
1.1,canonical_dispatch_benchmark_heavy,canonical_dispatch_heavy,dispatch_due_pressure_heavy,dispatch_due_pressure_heavy,31,congestion_aware_nearest_robot_task,trained_mlp_model,heuristic_dispatch,learned_dispatch,344,344,0.02616279069767442,False,distinct
1.1,canonical_dispatch_benchmark_heavy,canonical_dispatch_heavy,dispatch_due_pressure_heavy,dispatch_due_pressure_heavy,31,fifo,nearest_robot_task,heuristic_dispatch,heuristic_dispatch,344,344,0.03488372093023256,False,distinct
1.1,canonical_dispatch_benchmark_heavy,canonical_dispatch_heavy,dispatch_due_pressure_heavy,dispatch_due_pressure_heavy,31,fifo,trained_graph_dispatch_model,heuristic_dispatch,learned_dispatch,344,344,0.05232558139534884,False,distinct
1.1,canonical_dispatch_benchmark_heavy,canonical_dispatch_heavy,dispatch_due_pressure_heavy,dispatch_due_pressure_heavy,31,fifo,trained_linear_model,heuristic_dispatch,learned_dispatch,344,344,0.061046511627906974,False,distinct
1.1,canonical_dispatch_benchmark_heavy,canonical_dispatch_heavy,dispatch_due_pressure_heavy,dispatch_due_pressure_heavy,31,fifo,trained_mlp_model,heuristic_dispatch,learned_dispatch,344,344,0.0436046511627907,False,distinct
1.1,canonical_dispatch_benchmark_heavy,canonical_dispatch_heavy,dispatch_due_pressure_heavy,dispatch_due_pressure_heavy,31,nearest_robot_task,trained_graph_dispatch_model,heuristic_dispatch,learned_dispatch,344,344,0.10174418604651163,False,distinct
1.1,canonical_dispatch_benchmark_heavy,canonical_dispatch_heavy,dispatch_due_pressure_heavy,dispatch_due_pressure_heavy,31,nearest_robot_task,trained_linear_model,heuristic_dispatch,learned_dispatch,344,344,0.020348837209302327,False,distinct
1.1,canonical_dispatch_benchmark_heavy,canonical_dispatch_heavy,dispatch_due_pressure_heavy,dispatch_due_pressure_heavy,31,nearest_robot_task,trained_mlp_model,heuristic_dispatch,learned_dispatch,344,344,0.040697674418604654,False,distinct
1.1,canonical_dispatch_benchmark_heavy,canonical_dispatch_heavy,dispatch_due_pressure_heavy,dispatch_due_pressure_heavy,31,trained_graph_dispatch_model,trained_linear_model,learned_dispatch,learned_dispatch,344,344,0.040697674418604654,False,distinct
1.1,canonical_dispatch_benchmark_heavy,canonical_dispatch_heavy,dispatch_due_pressure_heavy,dispatch_due_pressure_heavy,31,trained_graph_dispatch_model,trained_mlp_model,learned_dispatch,learned_dispatch,344,344,0.01744186046511628,False,distinct
1.1,canonical_dispatch_benchmark_heavy,canonical_dispatch_heavy,dispatch_due_pressure_heavy,dispatch_due_pressure_heavy,31,trained_linear_model,trained_mlp_model,learned_dispatch,learned_dispatch,344,344,0.023255813953488372,False,distinct
1.1,canonical_dispatch_benchmark_heavy,canonical_dispatch_heavy,dispatch_due_pressure_heavy,dispatch_due_pressure_heavy,37,congestion_aware_nearest_robot_task,fifo,heuristic_dispatch,heuristic_dispatch,296,296,0.04054054054054054,False,distinct
1.1,canonical_dispatch_benchmark_heavy,canonical_dispatch_heavy,dispatch_due_pressure_heavy,dispatch_due_pressure_heavy,37,congestion_aware_nearest_robot_task,nearest_robot_task,heuristic_dispatch,heuristic_dispatch,296,296,0.06756756756756757,False,distinct
1.1,canonical_dispatch_benchmark_heavy,canonical_dispatch_heavy,dispatch_due_pressure_heavy,dispatch_due_pressure_heavy,37,congestion_aware_nearest_robot_task,trained_graph_dispatch_model,heuristic_dispatch,learned_dispatch,296,296,0.060810810810810814,False,distinct
1.1,canonical_dispatch_benchmark_heavy,canonical_dispatch_heavy,dispatch_due_pressure_heavy,dispatch_due_pressure_heavy,37,congestion_aware_nearest_robot_task,trained_linear_model,heuristic_dispatch,learned_dispatch,296,296,0.04391891891891892,False,distinct
1.1,canonical_dispatch_benchmark_heavy,canonical_dispatch_heavy,dispatch_due_pressure_heavy,dispatch_due_pressure_heavy,37,congestion_aware_nearest_robot_task,trained_mlp_model,heuristic_dispatch,learned_dispatch,296,296,0.02027027027027027,False,distinct
1.1,canonical_dispatch_benchmark_heavy,canonical_dispatch_heavy,dispatch_due_pressure_heavy,dispatch_due_pressure_heavy,37,fifo,nearest_robot_task,heuristic_dispatch,heuristic_dispatch,296,296,0.033783783783783786,False,distinct
1.1,canonical_dispatch_benchmark_heavy,canonical_dispatch_heavy,dispatch_due_pressure_heavy,dispatch_due_pressure_heavy,37,fifo,trained_graph_dispatch_model,heuristic_dispatch,learned_dispatch,296,296,0.0472972972972973,False,distinct
1.1,canonical_dispatch_benchmark_heavy,canonical_dispatch_heavy,dispatch_due_pressure_heavy,dispatch_due_pressure_heavy,37,fifo,trained_linear_model,heuristic_dispatch,learned_dispatch,296,296,0.037162162162162164,False,distinct
1.1,canonical_dispatch_benchmark_heavy,canonical_dispatch_heavy,dispatch_due_pressure_heavy,dispatch_due_pressure_heavy,37,fifo,trained_mlp_model,heuristic_dispatch,learned_dispatch,296,296,0.057432432432432436,False,distinct
1.1,canonical_dispatch_benchmark_heavy,canonical_dispatch_heavy,dispatch_due_pressure_heavy,dispatch_due_pressure_heavy,37,nearest_robot_task,trained_graph_dispatch_model,heuristic_dispatch,learned_dispatch,296,296,0.07432432432432433,False,distinct
1.1,canonical_dispatch_benchmark_heavy,canonical_dispatch_heavy,dispatch_due_pressure_heavy,dispatch_due_pressure_heavy,37,nearest_robot_task,trained_linear_model,heuristic_dispatch,learned_dispatch,296,296,0.0472972972972973,False,distinct
1.1,canonical_dispatch_benchmark_heavy,canonical_dispatch_heavy,dispatch_due_pressure_heavy,dispatch_due_pressure_heavy,37,nearest_robot_task,trained_mlp_model,heuristic_dispatch,learned_dispatch,296,296,0.030405405405405407,False,distinct
1.1,canonical_dispatch_benchmark_heavy,canonical_dispatch_heavy,dispatch_due_pressure_heavy,dispatch_due_pressure_heavy,37,trained_graph_dispatch_model,trained_linear_model,learned_dispatch,learned_dispatch,296,296,0.05405405405405406,False,distinct
1.1,canonical_dispatch_benchmark_heavy,canonical_dispatch_heavy,dispatch_due_pressure_heavy,dispatch_due_pressure_heavy,37,trained_graph_dispatch_model,trained_mlp_model,learned_dispatch,learned_dispatch,296,296,0.030405405405405407,False,distinct
1.1,canonical_dispatch_benchmark_heavy,canonical_dispatch_heavy,dispatch_due_pressure_heavy,dispatch_due_pressure_heavy,37,trained_linear_model,trained_mlp_model,learned_dispatch,learned_dispatch,296,296,0.05067567567567568,False,distinct
1.1,canonical_dispatch_benchmark_heavy,canonical_dispatch_heavy,dispatch_due_pressure_heavy,dispatch_due_pressure_heavy,41,congestion_aware_nearest_robot_task,fifo,heuristic_dispatch,heuristic_dispatch,326,326,0.024539877300613498,False,distinct
1.1,canonical_dispatch_benchmark_heavy,canonical_dispatch_heavy,dispatch_due_pressure_heavy,dispatch_due_pressure_heavy,41,congestion_aware_nearest_robot_task,nearest_robot_task,heuristic_dispatch,heuristic_dispatch,326,326,0.02147239263803681,False,distinct
1.1,canonical_dispatch_benchmark_heavy,canonical_dispatch_heavy,dispatch_due_pressure_heavy,dispatch_due_pressure_heavy,41,congestion_aware_nearest_robot_task,trained_graph_dispatch_model,heuristic_dispatch,learned_dispatch,326,326,0.018404907975460124,False,distinct
1.1,canonical_dispatch_benchmark_heavy,canonical_dispatch_heavy,dispatch_due_pressure_heavy,dispatch_due_pressure_heavy,41,congestion_aware_nearest_robot_task,trained_linear_model,heuristic_dispatch,learned_dispatch,326,326,0.018404907975460124,False,distinct
1.1,canonical_dispatch_benchmark_heavy,canonical_dispatch_heavy,dispatch_due_pressure_heavy,dispatch_due_pressure_heavy,41,congestion_aware_nearest_robot_task,trained_mlp_model,heuristic_dispatch,learned_dispatch,326,326,0.009202453987730062,False,distinct
1.1,canonical_dispatch_benchmark_heavy,canonical_dispatch_heavy,dispatch_due_pressure_heavy,dispatch_due_pressure_heavy,41,fifo,nearest_robot_task,heuristic_dispatch,heuristic_dispatch,326,326,0.012269938650306749,False,distinct
1.1,canonical_dispatch_benchmark_heavy,canonical_dispatch_heavy,dispatch_due_pressure_heavy,dispatch_due_pressure_heavy,41,fifo,trained_graph_dispatch_model,heuristic_dispatch,learned_dispatch,326,326,0.046012269938650305,False,distinct
1.1,canonical_dispatch_benchmark_heavy,canonical_dispatch_heavy,dispatch_due_pressure_heavy,dispatch_due_pressure_heavy,41,fifo,trained_linear_model,heuristic_dispatch,learned_dispatch,326,326,0.03374233128834356,False,distinct
1.1,canonical_dispatch_benchmark_heavy,canonical_dispatch_heavy,dispatch_due_pressure_heavy,dispatch_due_pressure_heavy,41,fifo,trained_mlp_model,heuristic_dispatch,learned_dispatch,326,326,0.03067484662576687,False,distinct
1.1,canonical_dispatch_benchmark_heavy,canonical_dispatch_heavy,dispatch_due_pressure_heavy,dispatch_due_pressure_heavy,41,nearest_robot_task,trained_graph_dispatch_model,heuristic_dispatch,learned_dispatch,326,326,0.06134969325153374,False,distinct
1.1,canonical_dispatch_benchmark_heavy,canonical_dispatch_heavy,dispatch_due_pressure_heavy,dispatch_due_pressure_heavy,41,nearest_robot_task,trained_linear_model,heuristic_dispatch,learned_dispatch,326,326,0.03374233128834356,False,distinct
1.1,canonical_dispatch_benchmark_heavy,canonical_dispatch_heavy,dispatch_due_pressure_heavy,dispatch_due_pressure_heavy,41,nearest_robot_task,trained_mlp_model,heuristic_dispatch,learned_dispatch,326,326,0.006134969325153374,False,distinct
1.1,canonical_dispatch_benchmark_heavy,canonical_dispatch_heavy,dispatch_due_pressure_heavy,dispatch_due_pressure_heavy,41,trained_graph_dispatch_model,trained_linear_model,learned_dispatch,learned_dispatch,326,326,0.05521472392638037,False,distinct
1.1,canonical_dispatch_benchmark_heavy,canonical_dispatch_heavy,dispatch_due_pressure_heavy,dispatch_due_pressure_heavy,41,trained_graph_dispatch_model,trained_mlp_model,learned_dispatch,learned_dispatch,326,326,0.012269938650306749,False,distinct
1.1,canonical_dispatch_benchmark_heavy,canonical_dispatch_heavy,dispatch_due_pressure_heavy,dispatch_due_pressure_heavy,41,trained_linear_model,trained_mlp_model,learned_dispatch,learned_dispatch,326,326,0.015337423312883436,False,distinct
1.1,canonical_dispatch_benchmark_heavy,canonical_dispatch_heavy,dispatch_due_pressure_heavy,dispatch_due_pressure_heavy,43,congestion_aware_nearest_robot_task,fifo,heuristic_dispatch,heuristic_dispatch,331,331,0.03323262839879154,False,distinct
1.1,canonical_dispatch_benchmark_heavy,canonical_dispatch_heavy,dispatch_due_pressure_heavy,dispatch_due_pressure_heavy,43,congestion_aware_nearest_robot_task,nearest_robot_task,heuristic_dispatch,heuristic_dispatch,331,331,0.03927492447129909,False,distinct
1.1,canonical_dispatch_benchmark_heavy,canonical_dispatch_heavy,dispatch_due_pressure_heavy,dispatch_due_pressure_heavy,43,congestion_aware_nearest_robot_task,trained_graph_dispatch_model,heuristic_dispatch,learned_dispatch,331,331,0.03927492447129909,False,distinct
1.1,canonical_dispatch_benchmark_heavy,canonical_dispatch_heavy,dispatch_due_pressure_heavy,dispatch_due_pressure_heavy,43,congestion_aware_nearest_robot_task,trained_linear_model,heuristic_dispatch,learned_dispatch,331,331,0.05740181268882175,False,distinct
1.1,canonical_dispatch_benchmark_heavy,canonical_dispatch_heavy,dispatch_due_pressure_heavy,dispatch_due_pressure_heavy,43,congestion_aware_nearest_robot_task,trained_mlp_model,heuristic_dispatch,learned_dispatch,331,331,0.027190332326283987,False,distinct
1.1,canonical_dispatch_benchmark_heavy,canonical_dispatch_heavy,dispatch_due_pressure_heavy,dispatch_due_pressure_heavy,43,fifo,nearest_robot_task,heuristic_dispatch,heuristic_dispatch,331,331,0.030211480362537766,False,distinct
1.1,canonical_dispatch_benchmark_heavy,canonical_dispatch_heavy,dispatch_due_pressure_heavy,dispatch_due_pressure_heavy,43,fifo,trained_graph_dispatch_model,heuristic_dispatch,learned_dispatch,331,331,0.021148036253776436,False,distinct
1.1,canonical_dispatch_benchmark_heavy,canonical_dispatch_heavy,dispatch_due_pressure_heavy,dispatch_due_pressure_heavy,43,fifo,trained_linear_model,heuristic_dispatch,learned_dispatch,331,331,0.045317220543806644,False,distinct
1.1,canonical_dispatch_benchmark_heavy,canonical_dispatch_heavy,dispatch_due_pressure_heavy,dispatch_due_pressure_heavy,43,fifo,trained_mlp_model,heuristic_dispatch,learned_dispatch,331,331,0.05740181268882175,False,distinct
1.1,canonical_dispatch_benchmark_heavy,canonical_dispatch_heavy,dispatch_due_pressure_heavy,dispatch_due_pressure_heavy,43,nearest_robot_task,trained_graph_dispatch_model,heuristic_dispatch,learned_dispatch,331,331,0.04833836858006042,False,distinct
1.1,canonical_dispatch_benchmark_heavy,canonical_dispatch_heavy,dispatch_due_pressure_heavy,dispatch_due_pressure_heavy,43,nearest_robot_task,trained_linear_model,heuristic_dispatch,learned_dispatch,331,331,0.03625377643504532,False,distinct
1.1,canonical_dispatch_benchmark_heavy,canonical_dispatch_heavy,dispatch_due_pressure_heavy,dispatch_due_pressure_heavy,43,nearest_robot_task,trained_mlp_model,heuristic_dispatch,learned_dispatch,331,331,0.03625377643504532,False,distinct
1.1,canonical_dispatch_benchmark_heavy,canonical_dispatch_heavy,dispatch_due_pressure_heavy,dispatch_due_pressure_heavy,43,trained_graph_dispatch_model,trained_linear_model,learned_dispatch,learned_dispatch,331,331,0.04833836858006042,False,distinct
1.1,canonical_dispatch_benchmark_heavy,canonical_dispatch_heavy,dispatch_due_pressure_heavy,dispatch_due_pressure_heavy,43,trained_graph_dispatch_model,trained_mlp_model,learned_dispatch,learned_dispatch,331,331,0.03927492447129909,False,distinct
1.1,canonical_dispatch_benchmark_heavy,canonical_dispatch_heavy,dispatch_due_pressure_heavy,dispatch_due_pressure_heavy,43,trained_linear_model,trained_mlp_model,learned_dispatch,learned_dispatch,331,331,0.021148036253776436,False,distinct
1.1,canonical_dispatch_benchmark_heavy,canonical_dispatch_heavy,dispatch_due_pressure_heavy,dispatch_due_pressure_heavy,47,congestion_aware_nearest_robot_task,fifo,heuristic_dispatch,heuristic_dispatch,299,299,0.03678929765886288,False,distinct
1.1,canonical_dispatch_benchmark_heavy,canonical_dispatch_heavy,dispatch_due_pressure_heavy,dispatch_due_pressure_heavy,47,congestion_aware_nearest_robot_task,nearest_robot_task,heuristic_dispatch,heuristic_dispatch,299,299,0.056856187290969896,False,distinct
1.1,canonical_dispatch_benchmark_heavy,canonical_dispatch_heavy,dispatch_due_pressure_heavy,dispatch_due_pressure_heavy,47,congestion_aware_nearest_robot_task,trained_graph_dispatch_model,heuristic_dispatch,learned_dispatch,299,299,0.056856187290969896,False,distinct
1.1,canonical_dispatch_benchmark_heavy,canonical_dispatch_heavy,dispatch_due_pressure_heavy,dispatch_due_pressure_heavy,47,congestion_aware_nearest_robot_task,trained_linear_model,heuristic_dispatch,learned_dispatch,299,299,0.023411371237458192,False,distinct
1.1,canonical_dispatch_benchmark_heavy,canonical_dispatch_heavy,dispatch_due_pressure_heavy,dispatch_due_pressure_heavy,47,congestion_aware_nearest_robot_task,trained_mlp_model,heuristic_dispatch,learned_dispatch,299,299,0.030100334448160536,False,distinct
1.1,canonical_dispatch_benchmark_heavy,canonical_dispatch_heavy,dispatch_due_pressure_heavy,dispatch_due_pressure_heavy,47,fifo,nearest_robot_task,heuristic_dispatch,heuristic_dispatch,299,299,0.03678929765886288,False,distinct
1.1,canonical_dispatch_benchmark_heavy,canonical_dispatch_heavy,dispatch_due_pressure_heavy,dispatch_due_pressure_heavy,47,fifo,trained_graph_dispatch_model,heuristic_dispatch,learned_dispatch,299,299,0.05351170568561873,False,distinct
1.1,canonical_dispatch_benchmark_heavy,canonical_dispatch_heavy,dispatch_due_pressure_heavy,dispatch_due_pressure_heavy,47,fifo,trained_linear_model,heuristic_dispatch,learned_dispatch,299,299,0.030100334448160536,False,distinct
1.1,canonical_dispatch_benchmark_heavy,canonical_dispatch_heavy,dispatch_due_pressure_heavy,dispatch_due_pressure_heavy,47,fifo,trained_mlp_model,heuristic_dispatch,learned_dispatch,299,299,0.05016722408026756,False,distinct
1.1,canonical_dispatch_benchmark_heavy,canonical_dispatch_heavy,dispatch_due_pressure_heavy,dispatch_due_pressure_heavy,47,nearest_robot_task,trained_graph_dispatch_model,heuristic_dispatch,learned_dispatch,299,299,0.04013377926421405,False,distinct
1.1,canonical_dispatch_benchmark_heavy,canonical_dispatch_heavy,dispatch_due_pressure_heavy,dispatch_due_pressure_heavy,47,nearest_robot_task,trained_linear_model,heuristic_dispatch,learned_dispatch,299,299,0.03678929765886288,False,distinct
1.1,canonical_dispatch_benchmark_heavy,canonical_dispatch_heavy,dispatch_due_pressure_heavy,dispatch_due_pressure_heavy,47,nearest_robot_task,trained_mlp_model,heuristic_dispatch,learned_dispatch,299,299,0.033444816053511704,False,distinct
1.1,canonical_dispatch_benchmark_heavy,canonical_dispatch_heavy,dispatch_due_pressure_heavy,dispatch_due_pressure_heavy,47,trained_graph_dispatch_model,trained_linear_model,learned_dispatch,learned_dispatch,299,299,0.03678929765886288,False,distinct
1.1,canonical_dispatch_benchmark_heavy,canonical_dispatch_heavy,dispatch_due_pressure_heavy,dispatch_due_pressure_heavy,47,trained_graph_dispatch_model,trained_mlp_model,learned_dispatch,learned_dispatch,299,299,0.04013377926421405,False,distinct
1.1,canonical_dispatch_benchmark_heavy,canonical_dispatch_heavy,dispatch_due_pressure_heavy,dispatch_due_pressure_heavy,47,trained_linear_model,trained_mlp_model,learned_dispatch,learned_dispatch,299,299,0.03678929765886288,False,distinct
1.1,canonical_dispatch_benchmark_heavy,canonical_dispatch_heavy,dispatch_due_pressure_heavy,dispatch_due_pressure_heavy,53,congestion_aware_nearest_robot_task,fifo,heuristic_dispatch,heuristic_dispatch,335,335,0.014925373134328358,False,distinct
1.1,canonical_dispatch_benchmark_heavy,canonical_dispatch_heavy,dispatch_due_pressure_heavy,dispatch_due_pressure_heavy,53,congestion_aware_nearest_robot_task,nearest_robot_task,heuristic_dispatch,heuristic_dispatch,335,335,0.0626865671641791,False,distinct
1.1,canonical_dispatch_benchmark_heavy,canonical_dispatch_heavy,dispatch_due_pressure_heavy,dispatch_due_pressure_heavy,53,congestion_aware_nearest_robot_task,trained_graph_dispatch_model,heuristic_dispatch,learned_dispatch,335,335,0.04477611940298507,False,distinct
1.1,canonical_dispatch_benchmark_heavy,canonical_dispatch_heavy,dispatch_due_pressure_heavy,dispatch_due_pressure_heavy,53,congestion_aware_nearest_robot_task,trained_linear_model,heuristic_dispatch,learned_dispatch,335,335,0.041791044776119404,False,distinct
1.1,canonical_dispatch_benchmark_heavy,canonical_dispatch_heavy,dispatch_due_pressure_heavy,dispatch_due_pressure_heavy,53,congestion_aware_nearest_robot_task,trained_mlp_model,heuristic_dispatch,learned_dispatch,335,335,0.0029850746268656717,False,distinct
1.1,canonical_dispatch_benchmark_heavy,canonical_dispatch_heavy,dispatch_due_pressure_heavy,dispatch_due_pressure_heavy,53,fifo,nearest_robot_task,heuristic_dispatch,heuristic_dispatch,335,335,0.014925373134328358,False,distinct
1.1,canonical_dispatch_benchmark_heavy,canonical_dispatch_heavy,dispatch_due_pressure_heavy,dispatch_due_pressure_heavy,53,fifo,trained_graph_dispatch_model,heuristic_dispatch,learned_dispatch,335,335,0.011940298507462687,False,distinct
1.1,canonical_dispatch_benchmark_heavy,canonical_dispatch_heavy,dispatch_due_pressure_heavy,dispatch_due_pressure_heavy,53,fifo,trained_linear_model,heuristic_dispatch,learned_dispatch,335,335,0.01791044776119403,False,distinct
1.1,canonical_dispatch_benchmark_heavy,canonical_dispatch_heavy,dispatch_due_pressure_heavy,dispatch_due_pressure_heavy,53,fifo,trained_mlp_model,heuristic_dispatch,learned_dispatch,335,335,0.056716417910447764,False,distinct
1.1,canonical_dispatch_benchmark_heavy,canonical_dispatch_heavy,dispatch_due_pressure_heavy,dispatch_due_pressure_heavy,53,nearest_robot_task,trained_graph_dispatch_model,heuristic_dispatch,learned_dispatch,335,335,0.04776119402985075,False,distinct
1.1,canonical_dispatch_benchmark_heavy,canonical_dispatch_heavy,dispatch_due_pressure_heavy,dispatch_due_pressure_heavy,53,nearest_robot_task,trained_linear_model,heuristic_dispatch,learned_dispatch,335,335,0.03880597014925373,False,distinct
1.1,canonical_dispatch_benchmark_heavy,canonical_dispatch_heavy,dispatch_due_pressure_heavy,dispatch_due_pressure_heavy,53,nearest_robot_task,trained_mlp_model,heuristic_dispatch,learned_dispatch,335,335,0.0029850746268656717,False,distinct
1.1,canonical_dispatch_benchmark_heavy,canonical_dispatch_heavy,dispatch_due_pressure_heavy,dispatch_due_pressure_heavy,53,trained_graph_dispatch_model,trained_linear_model,learned_dispatch,learned_dispatch,335,335,0.06865671641791045,False,distinct
1.1,canonical_dispatch_benchmark_heavy,canonical_dispatch_heavy,dispatch_due_pressure_heavy,dispatch_due_pressure_heavy,53,trained_graph_dispatch_model,trained_mlp_model,learned_dispatch,learned_dispatch,335,335,0.014925373134328358,False,distinct
1.1,canonical_dispatch_benchmark_heavy,canonical_dispatch_heavy,dispatch_due_pressure_heavy,dispatch_due_pressure_heavy,53,trained_linear_model,trained_mlp_model,learned_dispatch,learned_dispatch,335,335,0.014925373134328358,False,distinct
1.1,canonical_dispatch_benchmark_heavy,canonical_dispatch_heavy,dispatch_due_pressure_heavy,dispatch_due_pressure_heavy,59,congestion_aware_nearest_robot_task,fifo,heuristic_dispatch,heuristic_dispatch,291,291,0.05154639175257732,False,distinct
1.1,canonical_dispatch_benchmark_heavy,canonical_dispatch_heavy,dispatch_due_pressure_heavy,dispatch_due_pressure_heavy,59,congestion_aware_nearest_robot_task,nearest_robot_task,heuristic_dispatch,heuristic_dispatch,291,291,0.044673539518900345,False,distinct
1.1,canonical_dispatch_benchmark_heavy,canonical_dispatch_heavy,dispatch_due_pressure_heavy,dispatch_due_pressure_heavy,59,congestion_aware_nearest_robot_task,trained_graph_dispatch_model,heuristic_dispatch,learned_dispatch,291,291,0.013745704467353952,False,distinct
1.1,canonical_dispatch_benchmark_heavy,canonical_dispatch_heavy,dispatch_due_pressure_heavy,dispatch_due_pressure_heavy,59,congestion_aware_nearest_robot_task,trained_linear_model,heuristic_dispatch,learned_dispatch,291,291,0.037800687285223365,False,distinct
1.1,canonical_dispatch_benchmark_heavy,canonical_dispatch_heavy,dispatch_due_pressure_heavy,dispatch_due_pressure_heavy,59,congestion_aware_nearest_robot_task,trained_mlp_model,heuristic_dispatch,learned_dispatch,291,291,0.044673539518900345,False,distinct
1.1,canonical_dispatch_benchmark_heavy,canonical_dispatch_heavy,dispatch_due_pressure_heavy,dispatch_due_pressure_heavy,59,fifo,nearest_robot_task,heuristic_dispatch,heuristic_dispatch,291,291,0.061855670103092786,False,distinct
1.1,canonical_dispatch_benchmark_heavy,canonical_dispatch_heavy,dispatch_due_pressure_heavy,dispatch_due_pressure_heavy,59,fifo,trained_graph_dispatch_model,heuristic_dispatch,learned_dispatch,291,291,0.024054982817869417,False,distinct
1.1,canonical_dispatch_benchmark_heavy,canonical_dispatch_heavy,dispatch_due_pressure_heavy,dispatch_due_pressure_heavy,59,fifo,trained_linear_model,heuristic_dispatch,learned_dispatch,291,291,0.030927835051546393,False,distinct
1.1,canonical_dispatch_benchmark_heavy,canonical_dispatch_heavy,dispatch_due_pressure_heavy,dispatch_due_pressure_heavy,59,fifo,trained_mlp_model,heuristic_dispatch,learned_dispatch,291,291,0.05154639175257732,False,distinct
1.1,canonical_dispatch_benchmark_heavy,canonical_dispatch_heavy,dispatch_due_pressure_heavy,dispatch_due_pressure_heavy,59,nearest_robot_task,trained_graph_dispatch_model,heuristic_dispatch,learned_dispatch,291,291,0.041237113402061855,False,distinct
1.1,canonical_dispatch_benchmark_heavy,canonical_dispatch_heavy,dispatch_due_pressure_heavy,dispatch_due_pressure_heavy,59,nearest_robot_task,trained_linear_model,heuristic_dispatch,learned_dispatch,291,291,0.037800687285223365,False,distinct
1.1,canonical_dispatch_benchmark_heavy,canonical_dispatch_heavy,dispatch_due_pressure_heavy,dispatch_due_pressure_heavy,59,nearest_robot_task,trained_mlp_model,heuristic_dispatch,learned_dispatch,291,291,0.030927835051546393,False,distinct
1.1,canonical_dispatch_benchmark_heavy,canonical_dispatch_heavy,dispatch_due_pressure_heavy,dispatch_due_pressure_heavy,59,trained_graph_dispatch_model,trained_linear_model,learned_dispatch,learned_dispatch,291,291,0.03436426116838488,False,distinct
1.1,canonical_dispatch_benchmark_heavy,canonical_dispatch_heavy,dispatch_due_pressure_heavy,dispatch_due_pressure_heavy,59,trained_graph_dispatch_model,trained_mlp_model,learned_dispatch,learned_dispatch,291,291,0.03436426116838488,False,distinct
1.1,canonical_dispatch_benchmark_heavy,canonical_dispatch_heavy,dispatch_due_pressure_heavy,dispatch_due_pressure_heavy,59,trained_linear_model,trained_mlp_model,learned_dispatch,learned_dispatch,291,291,0.037800687285223365,False,distinct
1.1,canonical_dispatch_benchmark_heavy,canonical_dispatch_heavy,dispatch_due_pressure_heavy,dispatch_due_pressure_heavy,61,congestion_aware_nearest_robot_task,fifo,heuristic_dispatch,heuristic_dispatch,300,300,0.05,False,distinct
1.1,canonical_dispatch_benchmark_heavy,canonical_dispatch_heavy,dispatch_due_pressure_heavy,dispatch_due_pressure_heavy,61,congestion_aware_nearest_robot_task,nearest_robot_task,heuristic_dispatch,heuristic_dispatch,300,300,0.03,False,distinct
1.1,canonical_dispatch_benchmark_heavy,canonical_dispatch_heavy,dispatch_due_pressure_heavy,dispatch_due_pressure_heavy,61,congestion_aware_nearest_robot_task,trained_graph_dispatch_model,heuristic_dispatch,learned_dispatch,300,300,0.02,False,distinct
1.1,canonical_dispatch_benchmark_heavy,canonical_dispatch_heavy,dispatch_due_pressure_heavy,dispatch_due_pressure_heavy,61,congestion_aware_nearest_robot_task,trained_linear_model,heuristic_dispatch,learned_dispatch,300,300,0.04,False,distinct
1.1,canonical_dispatch_benchmark_heavy,canonical_dispatch_heavy,dispatch_due_pressure_heavy,dispatch_due_pressure_heavy,61,congestion_aware_nearest_robot_task,trained_mlp_model,heuristic_dispatch,learned_dispatch,300,300,0.01,False,distinct
1.1,canonical_dispatch_benchmark_heavy,canonical_dispatch_heavy,dispatch_due_pressure_heavy,dispatch_due_pressure_heavy,61,fifo,nearest_robot_task,heuristic_dispatch,heuristic_dispatch,300,300,0.016666666666666666,False,distinct
1.1,canonical_dispatch_benchmark_heavy,canonical_dispatch_heavy,dispatch_due_pressure_heavy,dispatch_due_pressure_heavy,61,fifo,trained_graph_dispatch_model,heuristic_dispatch,learned_dispatch,300,300,0.03666666666666667,False,distinct
1.1,canonical_dispatch_benchmark_heavy,canonical_dispatch_heavy,dispatch_due_pressure_heavy,dispatch_due_pressure_heavy,61,fifo,trained_linear_model,heuristic_dispatch,learned_dispatch,300,300,0.05,False,distinct
1.1,canonical_dispatch_benchmark_heavy,canonical_dispatch_heavy,dispatch_due_pressure_heavy,dispatch_due_pressure_heavy,61,fifo,trained_mlp_model,heuristic_dispatch,learned_dispatch,300,300,0.05333333333333334,False,distinct
1.1,canonical_dispatch_benchmark_heavy,canonical_dispatch_heavy,dispatch_due_pressure_heavy,dispatch_due_pressure_heavy,61,nearest_robot_task,trained_graph_dispatch_model,heuristic_dispatch,learned_dispatch,300,300,0.08666666666666667,False,distinct
1.1,canonical_dispatch_benchmark_heavy,canonical_dispatch_heavy,dispatch_due_pressure_heavy,dispatch_due_pressure_heavy,61,nearest_robot_task,trained_linear_model,heuristic_dispatch,learned_dispatch,300,300,0.03,False,distinct
1.1,canonical_dispatch_benchmark_heavy,canonical_dispatch_heavy,dispatch_due_pressure_heavy,dispatch_due_pressure_heavy,61,nearest_robot_task,trained_mlp_model,heuristic_dispatch,learned_dispatch,300,300,0.013333333333333334,False,distinct
1.1,canonical_dispatch_benchmark_heavy,canonical_dispatch_heavy,dispatch_due_pressure_heavy,dispatch_due_pressure_heavy,61,trained_graph_dispatch_model,trained_linear_model,learned_dispatch,learned_dispatch,300,300,0.043333333333333335,False,distinct
1.1,canonical_dispatch_benchmark_heavy,canonical_dispatch_heavy,dispatch_due_pressure_heavy,dispatch_due_pressure_heavy,61,trained_graph_dispatch_model,trained_mlp_model,learned_dispatch,learned_dispatch,300,300,0.016666666666666666,False,distinct
1.1,canonical_dispatch_benchmark_heavy,canonical_dispatch_heavy,dispatch_due_pressure_heavy,dispatch_due_pressure_heavy,61,trained_linear_model,trained_mlp_model,learned_dispatch,learned_dispatch,300,300,0.013333333333333334,False,distinct
1.1,canonical_dispatch_benchmark_heavy,canonical_dispatch_heavy,dispatch_due_pressure_heavy,dispatch_due_pressure_heavy,67,congestion_aware_nearest_robot_task,fifo,heuristic_dispatch,heuristic_dispatch,322,322,0.046583850931677016,False,distinct
1.1,canonical_dispatch_benchmark_heavy,canonical_dispatch_heavy,dispatch_due_pressure_heavy,dispatch_due_pressure_heavy,67,congestion_aware_nearest_robot_task,nearest_robot_task,heuristic_dispatch,heuristic_dispatch,322,322,0.07763975155279502,False,distinct
1.1,canonical_dispatch_benchmark_heavy,canonical_dispatch_heavy,dispatch_due_pressure_heavy,dispatch_due_pressure_heavy,67,congestion_aware_nearest_robot_task,trained_graph_dispatch_model,heuristic_dispatch,learned_dispatch,322,322,0.052795031055900624,False,distinct
1.1,canonical_dispatch_benchmark_heavy,canonical_dispatch_heavy,dispatch_due_pressure_heavy,dispatch_due_pressure_heavy,67,congestion_aware_nearest_robot_task,trained_linear_model,heuristic_dispatch,learned_dispatch,322,322,0.052795031055900624,False,distinct
1.1,canonical_dispatch_benchmark_heavy,canonical_dispatch_heavy,dispatch_due_pressure_heavy,dispatch_due_pressure_heavy,67,congestion_aware_nearest_robot_task,trained_mlp_model,heuristic_dispatch,learned_dispatch,322,322,0.059006211180124224,False,distinct
1.1,canonical_dispatch_benchmark_heavy,canonical_dispatch_heavy,dispatch_due_pressure_heavy,dispatch_due_pressure_heavy,67,fifo,nearest_robot_task,heuristic_dispatch,heuristic_dispatch,322,322,0.049689440993788817,False,distinct
1.1,canonical_dispatch_benchmark_heavy,canonical_dispatch_heavy,dispatch_due_pressure_heavy,dispatch_due_pressure_heavy,67,fifo,trained_graph_dispatch_model,heuristic_dispatch,learned_dispatch,322,322,0.040372670807453416,False,distinct
1.1,canonical_dispatch_benchmark_heavy,canonical_dispatch_heavy,dispatch_due_pressure_heavy,dispatch_due_pressure_heavy,67,fifo,trained_linear_model,heuristic_dispatch,learned_dispatch,322,322,0.043478260869565216,False,distinct
1.1,canonical_dispatch_benchmark_heavy,canonical_dispatch_heavy,dispatch_due_pressure_heavy,dispatch_due_pressure_heavy,67,fifo,trained_mlp_model,heuristic_dispatch,learned_dispatch,322,322,0.052795031055900624,False,distinct
1.1,canonical_dispatch_benchmark_heavy,canonical_dispatch_heavy,dispatch_due_pressure_heavy,dispatch_due_pressure_heavy,67,nearest_robot_task,trained_graph_dispatch_model,heuristic_dispatch,learned_dispatch,322,322,0.06521739130434782,False,distinct
1.1,canonical_dispatch_benchmark_heavy,canonical_dispatch_heavy,dispatch_due_pressure_heavy,dispatch_due_pressure_heavy,67,nearest_robot_task,trained_linear_model,heuristic_dispatch,learned_dispatch,322,322,0.055900621118012424,False,distinct
1.1,canonical_dispatch_benchmark_heavy,canonical_dispatch_heavy,dispatch_due_pressure_heavy,dispatch_due_pressure_heavy,67,nearest_robot_task,trained_mlp_model,heuristic_dispatch,learned_dispatch,322,322,0.043478260869565216,False,distinct
1.1,canonical_dispatch_benchmark_heavy,canonical_dispatch_heavy,dispatch_due_pressure_heavy,dispatch_due_pressure_heavy,67,trained_graph_dispatch_model,trained_linear_model,learned_dispatch,learned_dispatch,322,322,0.043478260869565216,False,distinct
1.1,canonical_dispatch_benchmark_heavy,canonical_dispatch_heavy,dispatch_due_pressure_heavy,dispatch_due_pressure_heavy,67,trained_graph_dispatch_model,trained_mlp_model,learned_dispatch,learned_dispatch,322,322,0.043478260869565216,False,distinct
1.1,canonical_dispatch_benchmark_heavy,canonical_dispatch_heavy,dispatch_due_pressure_heavy,dispatch_due_pressure_heavy,67,trained_linear_model,trained_mlp_model,learned_dispatch,learned_dispatch,322,322,0.052795031055900624,False,distinct
1.1,canonical_dispatch_benchmark_heavy,canonical_dispatch_heavy,dispatch_due_pressure_heavy,dispatch_due_pressure_heavy,71,congestion_aware_nearest_robot_task,fifo,heuristic_dispatch,heuristic_dispatch,306,306,0.0457516339869281,False,distinct
1.1,canonical_dispatch_benchmark_heavy,canonical_dispatch_heavy,dispatch_due_pressure_heavy,dispatch_due_pressure_heavy,71,congestion_aware_nearest_robot_task,nearest_robot_task,heuristic_dispatch,heuristic_dispatch,306,306,0.10784313725490197,False,distinct
1.1,canonical_dispatch_benchmark_heavy,canonical_dispatch_heavy,dispatch_due_pressure_heavy,dispatch_due_pressure_heavy,71,congestion_aware_nearest_robot_task,trained_graph_dispatch_model,heuristic_dispatch,learned_dispatch,306,306,0.06209150326797386,False,distinct
1.1,canonical_dispatch_benchmark_heavy,canonical_dispatch_heavy,dispatch_due_pressure_heavy,dispatch_due_pressure_heavy,71,congestion_aware_nearest_robot_task,trained_linear_model,heuristic_dispatch,learned_dispatch,306,306,0.026143790849673203,False,distinct
1.1,canonical_dispatch_benchmark_heavy,canonical_dispatch_heavy,dispatch_due_pressure_heavy,dispatch_due_pressure_heavy,71,congestion_aware_nearest_robot_task,trained_mlp_model,heuristic_dispatch,learned_dispatch,306,306,0.026143790849673203,False,distinct
1.1,canonical_dispatch_benchmark_heavy,canonical_dispatch_heavy,dispatch_due_pressure_heavy,dispatch_due_pressure_heavy,71,fifo,nearest_robot_task,heuristic_dispatch,heuristic_dispatch,306,306,0.026143790849673203,False,distinct
1.1,canonical_dispatch_benchmark_heavy,canonical_dispatch_heavy,dispatch_due_pressure_heavy,dispatch_due_pressure_heavy,71,fifo,trained_graph_dispatch_model,heuristic_dispatch,learned_dispatch,306,306,0.058823529411764705,False,distinct
1.1,canonical_dispatch_benchmark_heavy,canonical_dispatch_heavy,dispatch_due_pressure_heavy,dispatch_due_pressure_heavy,71,fifo,trained_linear_model,heuristic_dispatch,learned_dispatch,306,306,0.032679738562091505,False,distinct
1.1,canonical_dispatch_benchmark_heavy,canonical_dispatch_heavy,dispatch_due_pressure_heavy,dispatch_due_pressure_heavy,71,fifo,trained_mlp_model,heuristic_dispatch,learned_dispatch,306,306,0.032679738562091505,False,distinct
1.1,canonical_dispatch_benchmark_heavy,canonical_dispatch_heavy,dispatch_due_pressure_heavy,dispatch_due_pressure_heavy,71,nearest_robot_task,trained_graph_dispatch_model,heuristic_dispatch,learned_dispatch,306,306,0.05555555555555555,False,distinct
1.1,canonical_dispatch_benchmark_heavy,canonical_dispatch_heavy,dispatch_due_pressure_heavy,dispatch_due_pressure_heavy,71,nearest_robot_task,trained_linear_model,heuristic_dispatch,learned_dispatch,306,306,0.029411764705882353,False,distinct
1.1,canonical_dispatch_benchmark_heavy,canonical_dispatch_heavy,dispatch_due_pressure_heavy,dispatch_due_pressure_heavy,71,nearest_robot_task,trained_mlp_model,heuristic_dispatch,learned_dispatch,306,306,0.0196078431372549,False,distinct
1.1,canonical_dispatch_benchmark_heavy,canonical_dispatch_heavy,dispatch_due_pressure_heavy,dispatch_due_pressure_heavy,71,trained_graph_dispatch_model,trained_linear_model,learned_dispatch,learned_dispatch,306,306,0.03594771241830065,False,distinct
1.1,canonical_dispatch_benchmark_heavy,canonical_dispatch_heavy,dispatch_due_pressure_heavy,dispatch_due_pressure_heavy,71,trained_graph_dispatch_model,trained_mlp_model,learned_dispatch,learned_dispatch,306,306,0.02287581699346405,False,distinct
1.1,canonical_dispatch_benchmark_heavy,canonical_dispatch_heavy,dispatch_due_pressure_heavy,dispatch_due_pressure_heavy,71,trained_linear_model,trained_mlp_model,learned_dispatch,learned_dispatch,306,306,0.032679738562091505,False,distinct
1.1,canonical_dispatch_benchmark_heavy,canonical_dispatch_heavy,dispatch_due_pressure_heavy,dispatch_due_pressure_heavy,73,congestion_aware_nearest_robot_task,fifo,heuristic_dispatch,heuristic_dispatch,321,321,0.037383177570093455,False,distinct
1.1,canonical_dispatch_benchmark_heavy,canonical_dispatch_heavy,dispatch_due_pressure_heavy,dispatch_due_pressure_heavy,73,congestion_aware_nearest_robot_task,nearest_robot_task,heuristic_dispatch,heuristic_dispatch,321,321,0.03426791277258567,False,distinct
1.1,canonical_dispatch_benchmark_heavy,canonical_dispatch_heavy,dispatch_due_pressure_heavy,dispatch_due_pressure_heavy,73,congestion_aware_nearest_robot_task,trained_graph_dispatch_model,heuristic_dispatch,learned_dispatch,321,321,0.06230529595015576,False,distinct
1.1,canonical_dispatch_benchmark_heavy,canonical_dispatch_heavy,dispatch_due_pressure_heavy,dispatch_due_pressure_heavy,73,congestion_aware_nearest_robot_task,trained_linear_model,heuristic_dispatch,learned_dispatch,321,321,0.018691588785046728,False,distinct
1.1,canonical_dispatch_benchmark_heavy,canonical_dispatch_heavy,dispatch_due_pressure_heavy,dispatch_due_pressure_heavy,73,congestion_aware_nearest_robot_task,trained_mlp_model,heuristic_dispatch,learned_dispatch,321,321,0.028037383177570093,False,distinct
1.1,canonical_dispatch_benchmark_heavy,canonical_dispatch_heavy,dispatch_due_pressure_heavy,dispatch_due_pressure_heavy,73,fifo,nearest_robot_task,heuristic_dispatch,heuristic_dispatch,321,321,0.028037383177570093,False,distinct
1.1,canonical_dispatch_benchmark_heavy,canonical_dispatch_heavy,dispatch_due_pressure_heavy,dispatch_due_pressure_heavy,73,fifo,trained_graph_dispatch_model,heuristic_dispatch,learned_dispatch,321,321,0.056074766355140186,False,distinct
1.1,canonical_dispatch_benchmark_heavy,canonical_dispatch_heavy,dispatch_due_pressure_heavy,dispatch_due_pressure_heavy,73,fifo,trained_linear_model,heuristic_dispatch,learned_dispatch,321,321,0.028037383177570093,False,distinct
1.1,canonical_dispatch_benchmark_heavy,canonical_dispatch_heavy,dispatch_due_pressure_heavy,dispatch_due_pressure_heavy,73,fifo,trained_mlp_model,heuristic_dispatch,learned_dispatch,321,321,0.037383177570093455,False,distinct
1.1,canonical_dispatch_benchmark_heavy,canonical_dispatch_heavy,dispatch_due_pressure_heavy,dispatch_due_pressure_heavy,73,nearest_robot_task,trained_graph_dispatch_model,heuristic_dispatch,learned_dispatch,321,321,0.037383177570093455,False,distinct
1.1,canonical_dispatch_benchmark_heavy,canonical_dispatch_heavy,dispatch_due_pressure_heavy,dispatch_due_pressure_heavy,73,nearest_robot_task,trained_linear_model,heuristic_dispatch,learned_dispatch,321,321,0.018691588785046728,False,distinct
1.1,canonical_dispatch_benchmark_heavy,canonical_dispatch_heavy,dispatch_due_pressure_heavy,dispatch_due_pressure_heavy,73,nearest_robot_task,trained_mlp_model,heuristic_dispatch,learned_dispatch,321,321,0.024922118380062305,False,distinct
1.1,canonical_dispatch_benchmark_heavy,canonical_dispatch_heavy,dispatch_due_pressure_heavy,dispatch_due_pressure_heavy,73,trained_graph_dispatch_model,trained_linear_model,learned_dispatch,learned_dispatch,321,321,0.03115264797507788,False,distinct
1.1,canonical_dispatch_benchmark_heavy,canonical_dispatch_heavy,dispatch_due_pressure_heavy,dispatch_due_pressure_heavy,73,trained_graph_dispatch_model,trained_mlp_model,learned_dispatch,learned_dispatch,321,321,0.040498442367601244,False,distinct
1.1,canonical_dispatch_benchmark_heavy,canonical_dispatch_heavy,dispatch_due_pressure_heavy,dispatch_due_pressure_heavy,73,trained_linear_model,trained_mlp_model,learned_dispatch,learned_dispatch,321,321,0.021806853582554516,False,distinct
1.1,canonical_dispatch_benchmark_heavy,canonical_dispatch_heavy,dispatch_due_pressure_heavy,dispatch_due_pressure_heavy,79,congestion_aware_nearest_robot_task,fifo,heuristic_dispatch,heuristic_dispatch,332,332,0.03313253012048193,False,distinct
1.1,canonical_dispatch_benchmark_heavy,canonical_dispatch_heavy,dispatch_due_pressure_heavy,dispatch_due_pressure_heavy,79,congestion_aware_nearest_robot_task,nearest_robot_task,heuristic_dispatch,heuristic_dispatch,332,332,0.04216867469879518,False,distinct
1.1,canonical_dispatch_benchmark_heavy,canonical_dispatch_heavy,dispatch_due_pressure_heavy,dispatch_due_pressure_heavy,79,congestion_aware_nearest_robot_task,trained_graph_dispatch_model,heuristic_dispatch,learned_dispatch,332,332,0.02710843373493976,False,distinct
1.1,canonical_dispatch_benchmark_heavy,canonical_dispatch_heavy,dispatch_due_pressure_heavy,dispatch_due_pressure_heavy,79,congestion_aware_nearest_robot_task,trained_linear_model,heuristic_dispatch,learned_dispatch,332,332,0.024096385542168676,False,distinct
1.1,canonical_dispatch_benchmark_heavy,canonical_dispatch_heavy,dispatch_due_pressure_heavy,dispatch_due_pressure_heavy,79,congestion_aware_nearest_robot_task,trained_mlp_model,heuristic_dispatch,learned_dispatch,332,332,0.024096385542168676,False,distinct
1.1,canonical_dispatch_benchmark_heavy,canonical_dispatch_heavy,dispatch_due_pressure_heavy,dispatch_due_pressure_heavy,79,fifo,nearest_robot_task,heuristic_dispatch,heuristic_dispatch,332,332,0.03614457831325301,False,distinct
1.1,canonical_dispatch_benchmark_heavy,canonical_dispatch_heavy,dispatch_due_pressure_heavy,dispatch_due_pressure_heavy,79,fifo,trained_graph_dispatch_model,heuristic_dispatch,learned_dispatch,332,332,0.06927710843373494,False,distinct
1.1,canonical_dispatch_benchmark_heavy,canonical_dispatch_heavy,dispatch_due_pressure_heavy,dispatch_due_pressure_heavy,79,fifo,trained_linear_model,heuristic_dispatch,learned_dispatch,332,332,0.024096385542168676,False,distinct
1.1,canonical_dispatch_benchmark_heavy,canonical_dispatch_heavy,dispatch_due_pressure_heavy,dispatch_due_pressure_heavy,79,fifo,trained_mlp_model,heuristic_dispatch,learned_dispatch,332,332,0.030120481927710843,False,distinct
1.1,canonical_dispatch_benchmark_heavy,canonical_dispatch_heavy,dispatch_due_pressure_heavy,dispatch_due_pressure_heavy,79,nearest_robot_task,trained_graph_dispatch_model,heuristic_dispatch,learned_dispatch,332,332,0.09939759036144578,False,distinct
1.1,canonical_dispatch_benchmark_heavy,canonical_dispatch_heavy,dispatch_due_pressure_heavy,dispatch_due_pressure_heavy,79,nearest_robot_task,trained_linear_model,heuristic_dispatch,learned_dispatch,332,332,0.04216867469879518,False,distinct
1.1,canonical_dispatch_benchmark_heavy,canonical_dispatch_heavy,dispatch_due_pressure_heavy,dispatch_due_pressure_heavy,79,nearest_robot_task,trained_mlp_model,heuristic_dispatch,learned_dispatch,332,332,0.018072289156626505,False,distinct
1.1,canonical_dispatch_benchmark_heavy,canonical_dispatch_heavy,dispatch_due_pressure_heavy,dispatch_due_pressure_heavy,79,trained_graph_dispatch_model,trained_linear_model,learned_dispatch,learned_dispatch,332,332,0.06325301204819277,False,distinct
1.1,canonical_dispatch_benchmark_heavy,canonical_dispatch_heavy,dispatch_due_pressure_heavy,dispatch_due_pressure_heavy,79,trained_graph_dispatch_model,trained_mlp_model,learned_dispatch,learned_dispatch,332,332,0.02710843373493976,False,distinct
1.1,canonical_dispatch_benchmark_heavy,canonical_dispatch_heavy,dispatch_due_pressure_heavy,dispatch_due_pressure_heavy,79,trained_linear_model,trained_mlp_model,learned_dispatch,learned_dispatch,332,332,0.0391566265060241,False,distinct
1.1,canonical_dispatch_benchmark_heavy,canonical_dispatch_heavy,dispatch_due_pressure_heavy,dispatch_due_pressure_heavy,83,congestion_aware_nearest_robot_task,fifo,heuristic_dispatch,heuristic_dispatch,307,307,0.03257328990228013,False,distinct
1.1,canonical_dispatch_benchmark_heavy,canonical_dispatch_heavy,dispatch_due_pressure_heavy,dispatch_due_pressure_heavy,83,congestion_aware_nearest_robot_task,nearest_robot_task,heuristic_dispatch,heuristic_dispatch,307,307,0.026058631921824105,False,distinct
1.1,canonical_dispatch_benchmark_heavy,canonical_dispatch_heavy,dispatch_due_pressure_heavy,dispatch_due_pressure_heavy,83,congestion_aware_nearest_robot_task,trained_graph_dispatch_model,heuristic_dispatch,learned_dispatch,307,307,0.006514657980456026,False,distinct
1.1,canonical_dispatch_benchmark_heavy,canonical_dispatch_heavy,dispatch_due_pressure_heavy,dispatch_due_pressure_heavy,83,congestion_aware_nearest_robot_task,trained_linear_model,heuristic_dispatch,learned_dispatch,307,307,0.03257328990228013,False,distinct
1.1,canonical_dispatch_benchmark_heavy,canonical_dispatch_heavy,dispatch_due_pressure_heavy,dispatch_due_pressure_heavy,83,congestion_aware_nearest_robot_task,trained_mlp_model,heuristic_dispatch,learned_dispatch,307,307,0.029315960912052116,False,distinct
1.1,canonical_dispatch_benchmark_heavy,canonical_dispatch_heavy,dispatch_due_pressure_heavy,dispatch_due_pressure_heavy,83,fifo,nearest_robot_task,heuristic_dispatch,heuristic_dispatch,307,307,0.03257328990228013,False,distinct
1.1,canonical_dispatch_benchmark_heavy,canonical_dispatch_heavy,dispatch_due_pressure_heavy,dispatch_due_pressure_heavy,83,fifo,trained_graph_dispatch_model,heuristic_dispatch,learned_dispatch,307,307,0.04234527687296417,False,distinct
1.1,canonical_dispatch_benchmark_heavy,canonical_dispatch_heavy,dispatch_due_pressure_heavy,dispatch_due_pressure_heavy,83,fifo,trained_linear_model,heuristic_dispatch,learned_dispatch,307,307,0.03908794788273615,False,distinct
1.1,canonical_dispatch_benchmark_heavy,canonical_dispatch_heavy,dispatch_due_pressure_heavy,dispatch_due_pressure_heavy,83,fifo,trained_mlp_model,heuristic_dispatch,learned_dispatch,307,307,0.04560260586319218,False,distinct
1.1,canonical_dispatch_benchmark_heavy,canonical_dispatch_heavy,dispatch_due_pressure_heavy,dispatch_due_pressure_heavy,83,nearest_robot_task,trained_graph_dispatch_model,heuristic_dispatch,learned_dispatch,307,307,0.016286644951140065,False,distinct
1.1,canonical_dispatch_benchmark_heavy,canonical_dispatch_heavy,dispatch_due_pressure_heavy,dispatch_due_pressure_heavy,83,nearest_robot_task,trained_linear_model,heuristic_dispatch,learned_dispatch,307,307,0.08794788273615635,False,distinct
1.1,canonical_dispatch_benchmark_heavy,canonical_dispatch_heavy,dispatch_due_pressure_heavy,dispatch_due_pressure_heavy,83,nearest_robot_task,trained_mlp_model,heuristic_dispatch,learned_dispatch,307,307,0.009771986970684038,False,distinct
1.1,canonical_dispatch_benchmark_heavy,canonical_dispatch_heavy,dispatch_due_pressure_heavy,dispatch_due_pressure_heavy,83,trained_graph_dispatch_model,trained_linear_model,learned_dispatch,learned_dispatch,307,307,0.013029315960912053,False,distinct
1.1,canonical_dispatch_benchmark_heavy,canonical_dispatch_heavy,dispatch_due_pressure_heavy,dispatch_due_pressure_heavy,83,trained_graph_dispatch_model,trained_mlp_model,learned_dispatch,learned_dispatch,307,307,0.07166123778501629,False,distinct
1.1,canonical_dispatch_benchmark_heavy,canonical_dispatch_heavy,dispatch_due_pressure_heavy,dispatch_due_pressure_heavy,83,trained_linear_model,trained_mlp_model,learned_dispatch,learned_dispatch,307,307,0.03257328990228013,False,distinct
1.1,canonical_dispatch_benchmark_heavy,canonical_dispatch_heavy,dispatch_due_pressure_heavy,dispatch_due_pressure_heavy,89,congestion_aware_nearest_robot_task,fifo,heuristic_dispatch,heuristic_dispatch,316,316,0.060126582278481014,False,distinct
1.1,canonical_dispatch_benchmark_heavy,canonical_dispatch_heavy,dispatch_due_pressure_heavy,dispatch_due_pressure_heavy,89,congestion_aware_nearest_robot_task,nearest_robot_task,heuristic_dispatch,heuristic_dispatch,316,316,0.022151898734177215,False,distinct
1.1,canonical_dispatch_benchmark_heavy,canonical_dispatch_heavy,dispatch_due_pressure_heavy,dispatch_due_pressure_heavy,89,congestion_aware_nearest_robot_task,trained_graph_dispatch_model,heuristic_dispatch,learned_dispatch,316,316,0.03164556962025317,False,distinct
1.1,canonical_dispatch_benchmark_heavy,canonical_dispatch_heavy,dispatch_due_pressure_heavy,dispatch_due_pressure_heavy,89,congestion_aware_nearest_robot_task,trained_linear_model,heuristic_dispatch,learned_dispatch,316,316,0.022151898734177215,False,distinct
1.1,canonical_dispatch_benchmark_heavy,canonical_dispatch_heavy,dispatch_due_pressure_heavy,dispatch_due_pressure_heavy,89,congestion_aware_nearest_robot_task,trained_mlp_model,heuristic_dispatch,learned_dispatch,316,316,0.02531645569620253,False,distinct
1.1,canonical_dispatch_benchmark_heavy,canonical_dispatch_heavy,dispatch_due_pressure_heavy,dispatch_due_pressure_heavy,89,fifo,nearest_robot_task,heuristic_dispatch,heuristic_dispatch,316,316,0.015822784810126583,False,distinct
1.1,canonical_dispatch_benchmark_heavy,canonical_dispatch_heavy,dispatch_due_pressure_heavy,dispatch_due_pressure_heavy,89,fifo,trained_graph_dispatch_model,heuristic_dispatch,learned_dispatch,316,316,0.05379746835443038,False,distinct
1.1,canonical_dispatch_benchmark_heavy,canonical_dispatch_heavy,dispatch_due_pressure_heavy,dispatch_due_pressure_heavy,89,fifo,trained_linear_model,heuristic_dispatch,learned_dispatch,316,316,0.022151898734177215,False,distinct
1.1,canonical_dispatch_benchmark_heavy,canonical_dispatch_heavy,dispatch_due_pressure_heavy,dispatch_due_pressure_heavy,89,fifo,trained_mlp_model,heuristic_dispatch,learned_dispatch,316,316,0.0379746835443038,False,distinct
1.1,canonical_dispatch_benchmark_heavy,canonical_dispatch_heavy,dispatch_due_pressure_heavy,dispatch_due_pressure_heavy,89,nearest_robot_task,trained_graph_dispatch_model,heuristic_dispatch,learned_dispatch,316,316,0.03164556962025317,False,distinct
1.1,canonical_dispatch_benchmark_heavy,canonical_dispatch_heavy,dispatch_due_pressure_heavy,dispatch_due_pressure_heavy,89,nearest_robot_task,trained_linear_model,heuristic_dispatch,learned_dispatch,316,316,0.03481012658227848,False,distinct
1.1,canonical_dispatch_benchmark_heavy,canonical_dispatch_heavy,dispatch_due_pressure_heavy,dispatch_due_pressure_heavy,89,nearest_robot_task,trained_mlp_model,heuristic_dispatch,learned_dispatch,316,316,0.02531645569620253,False,distinct
1.1,canonical_dispatch_benchmark_heavy,canonical_dispatch_heavy,dispatch_due_pressure_heavy,dispatch_due_pressure_heavy,89,trained_graph_dispatch_model,trained_linear_model,learned_dispatch,learned_dispatch,316,316,0.03164556962025317,False,distinct
1.1,canonical_dispatch_benchmark_heavy,canonical_dispatch_heavy,dispatch_due_pressure_heavy,dispatch_due_pressure_heavy,89,trained_graph_dispatch_model,trained_mlp_model,learned_dispatch,learned_dispatch,316,316,0.03481012658227848,False,distinct
1.1,canonical_dispatch_benchmark_heavy,canonical_dispatch_heavy,dispatch_due_pressure_heavy,dispatch_due_pressure_heavy,89,trained_linear_model,trained_mlp_model,learned_dispatch,learned_dispatch,316,316,0.028481012658227847,False,distinct
1.1,canonical_dispatch_benchmark_heavy,canonical_dispatch_heavy,dispatch_due_pressure_heavy,dispatch_due_pressure_heavy,97,congestion_aware_nearest_robot_task,fifo,heuristic_dispatch,heuristic_dispatch,287,287,0.03832752613240418,False,distinct
1.1,canonical_dispatch_benchmark_heavy,canonical_dispatch_heavy,dispatch_due_pressure_heavy,dispatch_due_pressure_heavy,97,congestion_aware_nearest_robot_task,nearest_robot_task,heuristic_dispatch,heuristic_dispatch,287,287,0.05226480836236934,False,distinct
1.1,canonical_dispatch_benchmark_heavy,canonical_dispatch_heavy,dispatch_due_pressure_heavy,dispatch_due_pressure_heavy,97,congestion_aware_nearest_robot_task,trained_graph_dispatch_model,heuristic_dispatch,learned_dispatch,287,287,0.0313588850174216,False,distinct
1.1,canonical_dispatch_benchmark_heavy,canonical_dispatch_heavy,dispatch_due_pressure_heavy,dispatch_due_pressure_heavy,97,congestion_aware_nearest_robot_task,trained_linear_model,heuristic_dispatch,learned_dispatch,287,287,0.0313588850174216,False,distinct
1.1,canonical_dispatch_benchmark_heavy,canonical_dispatch_heavy,dispatch_due_pressure_heavy,dispatch_due_pressure_heavy,97,congestion_aware_nearest_robot_task,trained_mlp_model,heuristic_dispatch,learned_dispatch,287,287,0.020905923344947737,False,distinct
1.1,canonical_dispatch_benchmark_heavy,canonical_dispatch_heavy,dispatch_due_pressure_heavy,dispatch_due_pressure_heavy,97,fifo,nearest_robot_task,heuristic_dispatch,heuristic_dispatch,287,287,0.027874564459930314,False,distinct
1.1,canonical_dispatch_benchmark_heavy,canonical_dispatch_heavy,dispatch_due_pressure_heavy,dispatch_due_pressure_heavy,97,fifo,trained_graph_dispatch_model,heuristic_dispatch,learned_dispatch,287,287,0.04878048780487805,False,distinct
1.1,canonical_dispatch_benchmark_heavy,canonical_dispatch_heavy,dispatch_due_pressure_heavy,dispatch_due_pressure_heavy,97,fifo,trained_linear_model,heuristic_dispatch,learned_dispatch,287,287,0.04878048780487805,False,distinct
1.1,canonical_dispatch_benchmark_heavy,canonical_dispatch_heavy,dispatch_due_pressure_heavy,dispatch_due_pressure_heavy,97,fifo,trained_mlp_model,heuristic_dispatch,learned_dispatch,287,287,0.05226480836236934,False,distinct
1.1,canonical_dispatch_benchmark_heavy,canonical_dispatch_heavy,dispatch_due_pressure_heavy,dispatch_due_pressure_heavy,97,nearest_robot_task,trained_graph_dispatch_model,heuristic_dispatch,learned_dispatch,287,287,0.010452961672473868,False,distinct
1.1,canonical_dispatch_benchmark_heavy,canonical_dispatch_heavy,dispatch_due_pressure_heavy,dispatch_due_pressure_heavy,97,nearest_robot_task,trained_linear_model,heuristic_dispatch,learned_dispatch,287,287,0.0313588850174216,False,distinct
1.1,canonical_dispatch_benchmark_heavy,canonical_dispatch_heavy,dispatch_due_pressure_heavy,dispatch_due_pressure_heavy,97,nearest_robot_task,trained_mlp_model,heuristic_dispatch,learned_dispatch,287,287,0.013937282229965157,False,distinct
1.1,canonical_dispatch_benchmark_heavy,canonical_dispatch_heavy,dispatch_due_pressure_heavy,dispatch_due_pressure_heavy,97,trained_graph_dispatch_model,trained_linear_model,learned_dispatch,learned_dispatch,287,287,0.020905923344947737,False,distinct
1.1,canonical_dispatch_benchmark_heavy,canonical_dispatch_heavy,dispatch_due_pressure_heavy,dispatch_due_pressure_heavy,97,trained_graph_dispatch_model,trained_mlp_model,learned_dispatch,learned_dispatch,287,287,0.0313588850174216,False,distinct
1.1,canonical_dispatch_benchmark_heavy,canonical_dispatch_heavy,dispatch_due_pressure_heavy,dispatch_due_pressure_heavy,97,trained_linear_model,trained_mlp_model,learned_dispatch,learned_dispatch,287,287,0.020905923344947737,False,distinct
1.1,canonical_dispatch_benchmark_heavy,canonical_dispatch_heavy,dispatch_due_pressure_heavy,dispatch_due_pressure_heavy,101,congestion_aware_nearest_robot_task,fifo,heuristic_dispatch,heuristic_dispatch,318,318,0.025157232704402517,False,distinct
1.1,canonical_dispatch_benchmark_heavy,canonical_dispatch_heavy,dispatch_due_pressure_heavy,dispatch_due_pressure_heavy,101,congestion_aware_nearest_robot_task,nearest_robot_task,heuristic_dispatch,heuristic_dispatch,318,318,0.03773584905660377,False,distinct
1.1,canonical_dispatch_benchmark_heavy,canonical_dispatch_heavy,dispatch_due_pressure_heavy,dispatch_due_pressure_heavy,101,congestion_aware_nearest_robot_task,trained_graph_dispatch_model,heuristic_dispatch,learned_dispatch,318,318,0.03773584905660377,False,distinct
1.1,canonical_dispatch_benchmark_heavy,canonical_dispatch_heavy,dispatch_due_pressure_heavy,dispatch_due_pressure_heavy,101,congestion_aware_nearest_robot_task,trained_linear_model,heuristic_dispatch,learned_dispatch,318,318,0.018867924528301886,False,distinct
1.1,canonical_dispatch_benchmark_heavy,canonical_dispatch_heavy,dispatch_due_pressure_heavy,dispatch_due_pressure_heavy,101,congestion_aware_nearest_robot_task,trained_mlp_model,heuristic_dispatch,learned_dispatch,318,318,0.009433962264150943,False,distinct
1.1,canonical_dispatch_benchmark_heavy,canonical_dispatch_heavy,dispatch_due_pressure_heavy,dispatch_due_pressure_heavy,101,fifo,nearest_robot_task,heuristic_dispatch,heuristic_dispatch,318,318,0.018867924528301886,False,distinct
1.1,canonical_dispatch_benchmark_heavy,canonical_dispatch_heavy,dispatch_due_pressure_heavy,dispatch_due_pressure_heavy,101,fifo,trained_graph_dispatch_model,heuristic_dispatch,learned_dispatch,318,318,0.03459119496855346,False,distinct
1.1,canonical_dispatch_benchmark_heavy,canonical_dispatch_heavy,dispatch_due_pressure_heavy,dispatch_due_pressure_heavy,101,fifo,trained_linear_model,heuristic_dispatch,learned_dispatch,318,318,0.015723270440251572,False,distinct
1.1,canonical_dispatch_benchmark_heavy,canonical_dispatch_heavy,dispatch_due_pressure_heavy,dispatch_due_pressure_heavy,101,fifo,trained_mlp_model,heuristic_dispatch,learned_dispatch,318,318,0.04716981132075472,False,distinct
1.1,canonical_dispatch_benchmark_heavy,canonical_dispatch_heavy,dispatch_due_pressure_heavy,dispatch_due_pressure_heavy,101,nearest_robot_task,trained_graph_dispatch_model,heuristic_dispatch,learned_dispatch,318,318,0.059748427672955975,False,distinct
1.1,canonical_dispatch_benchmark_heavy,canonical_dispatch_heavy,dispatch_due_pressure_heavy,dispatch_due_pressure_heavy,101,nearest_robot_task,trained_linear_model,heuristic_dispatch,learned_dispatch,318,318,0.0440251572327044,False,distinct
1.1,canonical_dispatch_benchmark_heavy,canonical_dispatch_heavy,dispatch_due_pressure_heavy,dispatch_due_pressure_heavy,101,nearest_robot_task,trained_mlp_model,heuristic_dispatch,learned_dispatch,318,318,0.009433962264150943,False,distinct
1.1,canonical_dispatch_benchmark_heavy,canonical_dispatch_heavy,dispatch_due_pressure_heavy,dispatch_due_pressure_heavy,101,trained_graph_dispatch_model,trained_linear_model,learned_dispatch,learned_dispatch,318,318,0.04716981132075472,False,distinct
1.1,canonical_dispatch_benchmark_heavy,canonical_dispatch_heavy,dispatch_due_pressure_heavy,dispatch_due_pressure_heavy,101,trained_graph_dispatch_model,trained_mlp_model,learned_dispatch,learned_dispatch,318,318,0.015723270440251572,False,distinct
1.1,canonical_dispatch_benchmark_heavy,canonical_dispatch_heavy,dispatch_due_pressure_heavy,dispatch_due_pressure_heavy,101,trained_linear_model,trained_mlp_model,learned_dispatch,learned_dispatch,318,318,0.015723270440251572,False,distinct
1.1,canonical_dispatch_benchmark_heavy,canonical_dispatch_heavy,dispatch_due_pressure_heavy,dispatch_due_pressure_heavy,103,congestion_aware_nearest_robot_task,fifo,heuristic_dispatch,heuristic_dispatch,325,325,0.04923076923076923,False,distinct
1.1,canonical_dispatch_benchmark_heavy,canonical_dispatch_heavy,dispatch_due_pressure_heavy,dispatch_due_pressure_heavy,103,congestion_aware_nearest_robot_task,nearest_robot_task,heuristic_dispatch,heuristic_dispatch,325,325,0.009230769230769232,False,distinct
1.1,canonical_dispatch_benchmark_heavy,canonical_dispatch_heavy,dispatch_due_pressure_heavy,dispatch_due_pressure_heavy,103,congestion_aware_nearest_robot_task,trained_graph_dispatch_model,heuristic_dispatch,learned_dispatch,325,325,0.015384615384615385,False,distinct
1.1,canonical_dispatch_benchmark_heavy,canonical_dispatch_heavy,dispatch_due_pressure_heavy,dispatch_due_pressure_heavy,103,congestion_aware_nearest_robot_task,trained_linear_model,heuristic_dispatch,learned_dispatch,325,325,0.0,False,distinct
1.1,canonical_dispatch_benchmark_heavy,canonical_dispatch_heavy,dispatch_due_pressure_heavy,dispatch_due_pressure_heavy,103,congestion_aware_nearest_robot_task,trained_mlp_model,heuristic_dispatch,learned_dispatch,325,325,0.033846153846153845,False,distinct
1.1,canonical_dispatch_benchmark_heavy,canonical_dispatch_heavy,dispatch_due_pressure_heavy,dispatch_due_pressure_heavy,103,fifo,nearest_robot_task,heuristic_dispatch,heuristic_dispatch,325,325,0.018461538461538463,False,distinct
1.1,canonical_dispatch_benchmark_heavy,canonical_dispatch_heavy,dispatch_due_pressure_heavy,dispatch_due_pressure_heavy,103,fifo,trained_graph_dispatch_model,heuristic_dispatch,learned_dispatch,325,325,0.04,False,distinct
1.1,canonical_dispatch_benchmark_heavy,canonical_dispatch_heavy,dispatch_due_pressure_heavy,dispatch_due_pressure_heavy,103,fifo,trained_linear_model,heuristic_dispatch,learned_dispatch,325,325,0.012307692307692308,False,distinct
1.1,canonical_dispatch_benchmark_heavy,canonical_dispatch_heavy,dispatch_due_pressure_heavy,dispatch_due_pressure_heavy,103,fifo,trained_mlp_model,heuristic_dispatch,learned_dispatch,325,325,0.052307692307692305,False,distinct
1.1,canonical_dispatch_benchmark_heavy,canonical_dispatch_heavy,dispatch_due_pressure_heavy,dispatch_due_pressure_heavy,103,nearest_robot_task,trained_graph_dispatch_model,heuristic_dispatch,learned_dispatch,325,325,0.024615384615384615,False,distinct
1.1,canonical_dispatch_benchmark_heavy,canonical_dispatch_heavy,dispatch_due_pressure_heavy,dispatch_due_pressure_heavy,103,nearest_robot_task,trained_linear_model,heuristic_dispatch,learned_dispatch,325,325,0.024615384615384615,False,distinct
1.1,canonical_dispatch_benchmark_heavy,canonical_dispatch_heavy,dispatch_due_pressure_heavy,dispatch_due_pressure_heavy,103,nearest_robot_task,trained_mlp_model,heuristic_dispatch,learned_dispatch,325,325,0.006153846153846154,False,distinct
1.1,canonical_dispatch_benchmark_heavy,canonical_dispatch_heavy,dispatch_due_pressure_heavy,dispatch_due_pressure_heavy,103,trained_graph_dispatch_model,trained_linear_model,learned_dispatch,learned_dispatch,325,325,0.018461538461538463,False,distinct
1.1,canonical_dispatch_benchmark_heavy,canonical_dispatch_heavy,dispatch_due_pressure_heavy,dispatch_due_pressure_heavy,103,trained_graph_dispatch_model,trained_mlp_model,learned_dispatch,learned_dispatch,325,325,0.021538461538461538,False,distinct
1.1,canonical_dispatch_benchmark_heavy,canonical_dispatch_heavy,dispatch_due_pressure_heavy,dispatch_due_pressure_heavy,103,trained_linear_model,trained_mlp_model,learned_dispatch,learned_dispatch,325,325,0.015384615384615385,False,distinct
1.1,canonical_dispatch_benchmark_heavy,canonical_dispatch_heavy,dispatch_due_pressure_heavy,dispatch_due_pressure_heavy,107,congestion_aware_nearest_robot_task,fifo,heuristic_dispatch,heuristic_dispatch,318,318,0.04716981132075472,False,distinct
1.1,canonical_dispatch_benchmark_heavy,canonical_dispatch_heavy,dispatch_due_pressure_heavy,dispatch_due_pressure_heavy,107,congestion_aware_nearest_robot_task,nearest_robot_task,heuristic_dispatch,heuristic_dispatch,318,318,0.0440251572327044,False,distinct
1.1,canonical_dispatch_benchmark_heavy,canonical_dispatch_heavy,dispatch_due_pressure_heavy,dispatch_due_pressure_heavy,107,congestion_aware_nearest_robot_task,trained_graph_dispatch_model,heuristic_dispatch,learned_dispatch,318,318,0.031446540880503145,False,distinct
1.1,canonical_dispatch_benchmark_heavy,canonical_dispatch_heavy,dispatch_due_pressure_heavy,dispatch_due_pressure_heavy,107,congestion_aware_nearest_robot_task,trained_linear_model,heuristic_dispatch,learned_dispatch,318,318,0.025157232704402517,False,distinct
1.1,canonical_dispatch_benchmark_heavy,canonical_dispatch_heavy,dispatch_due_pressure_heavy,dispatch_due_pressure_heavy,107,congestion_aware_nearest_robot_task,trained_mlp_model,heuristic_dispatch,learned_dispatch,318,318,0.040880503144654086,False,distinct
1.1,canonical_dispatch_benchmark_heavy,canonical_dispatch_heavy,dispatch_due_pressure_heavy,dispatch_due_pressure_heavy,107,fifo,nearest_robot_task,heuristic_dispatch,heuristic_dispatch,318,318,0.031446540880503145,False,distinct
1.1,canonical_dispatch_benchmark_heavy,canonical_dispatch_heavy,dispatch_due_pressure_heavy,dispatch_due_pressure_heavy,107,fifo,trained_graph_dispatch_model,heuristic_dispatch,learned_dispatch,318,318,0.050314465408805034,False,distinct
1.1,canonical_dispatch_benchmark_heavy,canonical_dispatch_heavy,dispatch_due_pressure_heavy,dispatch_due_pressure_heavy,107,fifo,trained_linear_model,heuristic_dispatch,learned_dispatch,318,318,0.09748427672955975,False,distinct
1.1,canonical_dispatch_benchmark_heavy,canonical_dispatch_heavy,dispatch_due_pressure_heavy,dispatch_due_pressure_heavy,107,fifo,trained_mlp_model,heuristic_dispatch,learned_dispatch,318,318,0.0660377358490566,False,distinct
1.1,canonical_dispatch_benchmark_heavy,canonical_dispatch_heavy,dispatch_due_pressure_heavy,dispatch_due_pressure_heavy,107,nearest_robot_task,trained_graph_dispatch_model,heuristic_dispatch,learned_dispatch,318,318,0.10377358490566038,False,distinct
1.1,canonical_dispatch_benchmark_heavy,canonical_dispatch_heavy,dispatch_due_pressure_heavy,dispatch_due_pressure_heavy,107,nearest_robot_task,trained_linear_model,heuristic_dispatch,learned_dispatch,318,318,0.03459119496855346,False,distinct
1.1,canonical_dispatch_benchmark_heavy,canonical_dispatch_heavy,dispatch_due_pressure_heavy,dispatch_due_pressure_heavy,107,nearest_robot_task,trained_mlp_model,heuristic_dispatch,learned_dispatch,318,318,0.025157232704402517,False,distinct
1.1,canonical_dispatch_benchmark_heavy,canonical_dispatch_heavy,dispatch_due_pressure_heavy,dispatch_due_pressure_heavy,107,trained_graph_dispatch_model,trained_linear_model,learned_dispatch,learned_dispatch,318,318,0.06289308176100629,False,distinct
1.1,canonical_dispatch_benchmark_heavy,canonical_dispatch_heavy,dispatch_due_pressure_heavy,dispatch_due_pressure_heavy,107,trained_graph_dispatch_model,trained_mlp_model,learned_dispatch,learned_dispatch,318,318,0.04716981132075472,False,distinct
1.1,canonical_dispatch_benchmark_heavy,canonical_dispatch_heavy,dispatch_due_pressure_heavy,dispatch_due_pressure_heavy,107,trained_linear_model,trained_mlp_model,learned_dispatch,learned_dispatch,318,318,0.05345911949685535,False,distinct
1.1,canonical_dispatch_benchmark_heavy,canonical_dispatch_heavy,high_fleet_density,high_fleet_density,7,congestion_aware_nearest_robot_task,fifo,heuristic_dispatch,heuristic_dispatch,16,16,0.8125,False,distinct
1.1,canonical_dispatch_benchmark_heavy,canonical_dispatch_heavy,high_fleet_density,high_fleet_density,7,congestion_aware_nearest_robot_task,nearest_robot_task,heuristic_dispatch,heuristic_dispatch,16,16,1.0,True,potentially_collapsed
1.1,canonical_dispatch_benchmark_heavy,canonical_dispatch_heavy,high_fleet_density,high_fleet_density,7,congestion_aware_nearest_robot_task,trained_graph_dispatch_model,heuristic_dispatch,learned_dispatch,16,16,1.0,True,potentially_collapsed
1.1,canonical_dispatch_benchmark_heavy,canonical_dispatch_heavy,high_fleet_density,high_fleet_density,7,congestion_aware_nearest_robot_task,trained_linear_model,heuristic_dispatch,learned_dispatch,16,16,1.0,True,potentially_collapsed
1.1,canonical_dispatch_benchmark_heavy,canonical_dispatch_heavy,high_fleet_density,high_fleet_density,7,congestion_aware_nearest_robot_task,trained_mlp_model,heuristic_dispatch,learned_dispatch,16,16,1.0,True,potentially_collapsed
1.1,canonical_dispatch_benchmark_heavy,canonical_dispatch_heavy,high_fleet_density,high_fleet_density,7,fifo,nearest_robot_task,heuristic_dispatch,heuristic_dispatch,16,16,0.8125,False,distinct
1.1,canonical_dispatch_benchmark_heavy,canonical_dispatch_heavy,high_fleet_density,high_fleet_density,7,fifo,trained_graph_dispatch_model,heuristic_dispatch,learned_dispatch,16,16,0.8125,False,distinct
1.1,canonical_dispatch_benchmark_heavy,canonical_dispatch_heavy,high_fleet_density,high_fleet_density,7,fifo,trained_linear_model,heuristic_dispatch,learned_dispatch,16,16,0.8125,False,distinct
1.1,canonical_dispatch_benchmark_heavy,canonical_dispatch_heavy,high_fleet_density,high_fleet_density,7,fifo,trained_mlp_model,heuristic_dispatch,learned_dispatch,16,16,0.8125,False,distinct
1.1,canonical_dispatch_benchmark_heavy,canonical_dispatch_heavy,high_fleet_density,high_fleet_density,7,nearest_robot_task,trained_graph_dispatch_model,heuristic_dispatch,learned_dispatch,16,16,1.0,True,potentially_collapsed
1.1,canonical_dispatch_benchmark_heavy,canonical_dispatch_heavy,high_fleet_density,high_fleet_density,7,nearest_robot_task,trained_linear_model,heuristic_dispatch,learned_dispatch,16,16,1.0,True,potentially_collapsed
1.1,canonical_dispatch_benchmark_heavy,canonical_dispatch_heavy,high_fleet_density,high_fleet_density,7,nearest_robot_task,trained_mlp_model,heuristic_dispatch,learned_dispatch,16,16,1.0,True,potentially_collapsed
1.1,canonical_dispatch_benchmark_heavy,canonical_dispatch_heavy,high_fleet_density,high_fleet_density,7,trained_graph_dispatch_model,trained_linear_model,learned_dispatch,learned_dispatch,16,16,1.0,True,potentially_collapsed
1.1,canonical_dispatch_benchmark_heavy,canonical_dispatch_heavy,high_fleet_density,high_fleet_density,7,trained_graph_dispatch_model,trained_mlp_model,learned_dispatch,learned_dispatch,16,16,1.0,True,potentially_collapsed
1.1,canonical_dispatch_benchmark_heavy,canonical_dispatch_heavy,high_fleet_density,high_fleet_density,7,trained_linear_model,trained_mlp_model,learned_dispatch,learned_dispatch,16,16,1.0,True,potentially_collapsed
1.1,canonical_dispatch_benchmark_heavy,canonical_dispatch_heavy,high_fleet_density,high_fleet_density,11,congestion_aware_nearest_robot_task,fifo,heuristic_dispatch,heuristic_dispatch,12,12,0.75,False,distinct
1.1,canonical_dispatch_benchmark_heavy,canonical_dispatch_heavy,high_fleet_density,high_fleet_density,11,congestion_aware_nearest_robot_task,nearest_robot_task,heuristic_dispatch,heuristic_dispatch,12,12,1.0,True,potentially_collapsed
1.1,canonical_dispatch_benchmark_heavy,canonical_dispatch_heavy,high_fleet_density,high_fleet_density,11,congestion_aware_nearest_robot_task,trained_graph_dispatch_model,heuristic_dispatch,learned_dispatch,12,12,1.0,True,potentially_collapsed
1.1,canonical_dispatch_benchmark_heavy,canonical_dispatch_heavy,high_fleet_density,high_fleet_density,11,congestion_aware_nearest_robot_task,trained_linear_model,heuristic_dispatch,learned_dispatch,12,12,1.0,True,potentially_collapsed
1.1,canonical_dispatch_benchmark_heavy,canonical_dispatch_heavy,high_fleet_density,high_fleet_density,11,congestion_aware_nearest_robot_task,trained_mlp_model,heuristic_dispatch,learned_dispatch,12,12,1.0,True,potentially_collapsed
1.1,canonical_dispatch_benchmark_heavy,canonical_dispatch_heavy,high_fleet_density,high_fleet_density,11,fifo,nearest_robot_task,heuristic_dispatch,heuristic_dispatch,12,12,0.75,False,distinct
1.1,canonical_dispatch_benchmark_heavy,canonical_dispatch_heavy,high_fleet_density,high_fleet_density,11,fifo,trained_graph_dispatch_model,heuristic_dispatch,learned_dispatch,12,12,0.75,False,distinct
1.1,canonical_dispatch_benchmark_heavy,canonical_dispatch_heavy,high_fleet_density,high_fleet_density,11,fifo,trained_linear_model,heuristic_dispatch,learned_dispatch,12,12,0.75,False,distinct
1.1,canonical_dispatch_benchmark_heavy,canonical_dispatch_heavy,high_fleet_density,high_fleet_density,11,fifo,trained_mlp_model,heuristic_dispatch,learned_dispatch,12,12,0.75,False,distinct
1.1,canonical_dispatch_benchmark_heavy,canonical_dispatch_heavy,high_fleet_density,high_fleet_density,11,nearest_robot_task,trained_graph_dispatch_model,heuristic_dispatch,learned_dispatch,12,12,1.0,True,potentially_collapsed
1.1,canonical_dispatch_benchmark_heavy,canonical_dispatch_heavy,high_fleet_density,high_fleet_density,11,nearest_robot_task,trained_linear_model,heuristic_dispatch,learned_dispatch,12,12,1.0,True,potentially_collapsed
1.1,canonical_dispatch_benchmark_heavy,canonical_dispatch_heavy,high_fleet_density,high_fleet_density,11,nearest_robot_task,trained_mlp_model,heuristic_dispatch,learned_dispatch,12,12,1.0,True,potentially_collapsed
1.1,canonical_dispatch_benchmark_heavy,canonical_dispatch_heavy,high_fleet_density,high_fleet_density,11,trained_graph_dispatch_model,trained_linear_model,learned_dispatch,learned_dispatch,12,12,1.0,True,potentially_collapsed
1.1,canonical_dispatch_benchmark_heavy,canonical_dispatch_heavy,high_fleet_density,high_fleet_density,11,trained_graph_dispatch_model,trained_mlp_model,learned_dispatch,learned_dispatch,12,12,1.0,True,potentially_collapsed
1.1,canonical_dispatch_benchmark_heavy,canonical_dispatch_heavy,high_fleet_density,high_fleet_density,11,trained_linear_model,trained_mlp_model,learned_dispatch,learned_dispatch,12,12,1.0,True,potentially_collapsed
1.1,canonical_dispatch_benchmark_heavy,canonical_dispatch_heavy,high_fleet_density,high_fleet_density,13,congestion_aware_nearest_robot_task,fifo,heuristic_dispatch,heuristic_dispatch,11,11,0.5454545454545454,False,distinct
1.1,canonical_dispatch_benchmark_heavy,canonical_dispatch_heavy,high_fleet_density,high_fleet_density,13,congestion_aware_nearest_robot_task,nearest_robot_task,heuristic_dispatch,heuristic_dispatch,11,11,1.0,True,potentially_collapsed
1.1,canonical_dispatch_benchmark_heavy,canonical_dispatch_heavy,high_fleet_density,high_fleet_density,13,congestion_aware_nearest_robot_task,trained_graph_dispatch_model,heuristic_dispatch,learned_dispatch,11,11,1.0,True,potentially_collapsed
1.1,canonical_dispatch_benchmark_heavy,canonical_dispatch_heavy,high_fleet_density,high_fleet_density,13,congestion_aware_nearest_robot_task,trained_linear_model,heuristic_dispatch,learned_dispatch,11,11,1.0,True,potentially_collapsed
1.1,canonical_dispatch_benchmark_heavy,canonical_dispatch_heavy,high_fleet_density,high_fleet_density,13,congestion_aware_nearest_robot_task,trained_mlp_model,heuristic_dispatch,learned_dispatch,11,11,1.0,True,potentially_collapsed
1.1,canonical_dispatch_benchmark_heavy,canonical_dispatch_heavy,high_fleet_density,high_fleet_density,13,fifo,nearest_robot_task,heuristic_dispatch,heuristic_dispatch,11,11,0.5454545454545454,False,distinct
1.1,canonical_dispatch_benchmark_heavy,canonical_dispatch_heavy,high_fleet_density,high_fleet_density,13,fifo,trained_graph_dispatch_model,heuristic_dispatch,learned_dispatch,11,11,0.5454545454545454,False,distinct
1.1,canonical_dispatch_benchmark_heavy,canonical_dispatch_heavy,high_fleet_density,high_fleet_density,13,fifo,trained_linear_model,heuristic_dispatch,learned_dispatch,11,11,0.5454545454545454,False,distinct
1.1,canonical_dispatch_benchmark_heavy,canonical_dispatch_heavy,high_fleet_density,high_fleet_density,13,fifo,trained_mlp_model,heuristic_dispatch,learned_dispatch,11,11,0.5454545454545454,False,distinct
1.1,canonical_dispatch_benchmark_heavy,canonical_dispatch_heavy,high_fleet_density,high_fleet_density,13,nearest_robot_task,trained_graph_dispatch_model,heuristic_dispatch,learned_dispatch,11,11,1.0,True,potentially_collapsed
1.1,canonical_dispatch_benchmark_heavy,canonical_dispatch_heavy,high_fleet_density,high_fleet_density,13,nearest_robot_task,trained_linear_model,heuristic_dispatch,learned_dispatch,11,11,1.0,True,potentially_collapsed
1.1,canonical_dispatch_benchmark_heavy,canonical_dispatch_heavy,high_fleet_density,high_fleet_density,13,nearest_robot_task,trained_mlp_model,heuristic_dispatch,learned_dispatch,11,11,1.0,True,potentially_collapsed
1.1,canonical_dispatch_benchmark_heavy,canonical_dispatch_heavy,high_fleet_density,high_fleet_density,13,trained_graph_dispatch_model,trained_linear_model,learned_dispatch,learned_dispatch,11,11,1.0,True,potentially_collapsed
1.1,canonical_dispatch_benchmark_heavy,canonical_dispatch_heavy,high_fleet_density,high_fleet_density,13,trained_graph_dispatch_model,trained_mlp_model,learned_dispatch,learned_dispatch,11,11,1.0,True,potentially_collapsed
1.1,canonical_dispatch_benchmark_heavy,canonical_dispatch_heavy,high_fleet_density,high_fleet_density,13,trained_linear_model,trained_mlp_model,learned_dispatch,learned_dispatch,11,11,1.0,True,potentially_collapsed
1.1,canonical_dispatch_benchmark_heavy,canonical_dispatch_heavy,high_fleet_density,high_fleet_density,17,congestion_aware_nearest_robot_task,fifo,heuristic_dispatch,heuristic_dispatch,11,11,0.8181818181818182,False,distinct
1.1,canonical_dispatch_benchmark_heavy,canonical_dispatch_heavy,high_fleet_density,high_fleet_density,17,congestion_aware_nearest_robot_task,nearest_robot_task,heuristic_dispatch,heuristic_dispatch,11,11,1.0,True,potentially_collapsed
1.1,canonical_dispatch_benchmark_heavy,canonical_dispatch_heavy,high_fleet_density,high_fleet_density,17,congestion_aware_nearest_robot_task,trained_graph_dispatch_model,heuristic_dispatch,learned_dispatch,11,11,1.0,True,potentially_collapsed
1.1,canonical_dispatch_benchmark_heavy,canonical_dispatch_heavy,high_fleet_density,high_fleet_density,17,congestion_aware_nearest_robot_task,trained_linear_model,heuristic_dispatch,learned_dispatch,11,11,1.0,True,potentially_collapsed
1.1,canonical_dispatch_benchmark_heavy,canonical_dispatch_heavy,high_fleet_density,high_fleet_density,17,congestion_aware_nearest_robot_task,trained_mlp_model,heuristic_dispatch,learned_dispatch,11,11,1.0,True,potentially_collapsed
1.1,canonical_dispatch_benchmark_heavy,canonical_dispatch_heavy,high_fleet_density,high_fleet_density,17,fifo,nearest_robot_task,heuristic_dispatch,heuristic_dispatch,11,11,0.8181818181818182,False,distinct
1.1,canonical_dispatch_benchmark_heavy,canonical_dispatch_heavy,high_fleet_density,high_fleet_density,17,fifo,trained_graph_dispatch_model,heuristic_dispatch,learned_dispatch,11,11,0.8181818181818182,False,distinct
1.1,canonical_dispatch_benchmark_heavy,canonical_dispatch_heavy,high_fleet_density,high_fleet_density,17,fifo,trained_linear_model,heuristic_dispatch,learned_dispatch,11,11,0.8181818181818182,False,distinct
1.1,canonical_dispatch_benchmark_heavy,canonical_dispatch_heavy,high_fleet_density,high_fleet_density,17,fifo,trained_mlp_model,heuristic_dispatch,learned_dispatch,11,11,0.8181818181818182,False,distinct
1.1,canonical_dispatch_benchmark_heavy,canonical_dispatch_heavy,high_fleet_density,high_fleet_density,17,nearest_robot_task,trained_graph_dispatch_model,heuristic_dispatch,learned_dispatch,11,11,1.0,True,potentially_collapsed
1.1,canonical_dispatch_benchmark_heavy,canonical_dispatch_heavy,high_fleet_density,high_fleet_density,17,nearest_robot_task,trained_linear_model,heuristic_dispatch,learned_dispatch,11,11,1.0,True,potentially_collapsed
1.1,canonical_dispatch_benchmark_heavy,canonical_dispatch_heavy,high_fleet_density,high_fleet_density,17,nearest_robot_task,trained_mlp_model,heuristic_dispatch,learned_dispatch,11,11,1.0,True,potentially_collapsed
1.1,canonical_dispatch_benchmark_heavy,canonical_dispatch_heavy,high_fleet_density,high_fleet_density,17,trained_graph_dispatch_model,trained_linear_model,learned_dispatch,learned_dispatch,11,11,1.0,True,potentially_collapsed
1.1,canonical_dispatch_benchmark_heavy,canonical_dispatch_heavy,high_fleet_density,high_fleet_density,17,trained_graph_dispatch_model,trained_mlp_model,learned_dispatch,learned_dispatch,11,11,1.0,True,potentially_collapsed
1.1,canonical_dispatch_benchmark_heavy,canonical_dispatch_heavy,high_fleet_density,high_fleet_density,17,trained_linear_model,trained_mlp_model,learned_dispatch,learned_dispatch,11,11,1.0,True,potentially_collapsed
1.1,canonical_dispatch_benchmark_heavy,canonical_dispatch_heavy,high_fleet_density,high_fleet_density,19,congestion_aware_nearest_robot_task,fifo,heuristic_dispatch,heuristic_dispatch,11,11,0.7272727272727273,False,distinct
1.1,canonical_dispatch_benchmark_heavy,canonical_dispatch_heavy,high_fleet_density,high_fleet_density,19,congestion_aware_nearest_robot_task,nearest_robot_task,heuristic_dispatch,heuristic_dispatch,11,11,1.0,True,potentially_collapsed
1.1,canonical_dispatch_benchmark_heavy,canonical_dispatch_heavy,high_fleet_density,high_fleet_density,19,congestion_aware_nearest_robot_task,trained_graph_dispatch_model,heuristic_dispatch,learned_dispatch,11,11,1.0,True,potentially_collapsed
1.1,canonical_dispatch_benchmark_heavy,canonical_dispatch_heavy,high_fleet_density,high_fleet_density,19,congestion_aware_nearest_robot_task,trained_linear_model,heuristic_dispatch,learned_dispatch,11,11,1.0,True,potentially_collapsed
1.1,canonical_dispatch_benchmark_heavy,canonical_dispatch_heavy,high_fleet_density,high_fleet_density,19,congestion_aware_nearest_robot_task,trained_mlp_model,heuristic_dispatch,learned_dispatch,11,11,1.0,True,potentially_collapsed
1.1,canonical_dispatch_benchmark_heavy,canonical_dispatch_heavy,high_fleet_density,high_fleet_density,19,fifo,nearest_robot_task,heuristic_dispatch,heuristic_dispatch,11,11,0.7272727272727273,False,distinct
1.1,canonical_dispatch_benchmark_heavy,canonical_dispatch_heavy,high_fleet_density,high_fleet_density,19,fifo,trained_graph_dispatch_model,heuristic_dispatch,learned_dispatch,11,11,0.7272727272727273,False,distinct
1.1,canonical_dispatch_benchmark_heavy,canonical_dispatch_heavy,high_fleet_density,high_fleet_density,19,fifo,trained_linear_model,heuristic_dispatch,learned_dispatch,11,11,0.7272727272727273,False,distinct
1.1,canonical_dispatch_benchmark_heavy,canonical_dispatch_heavy,high_fleet_density,high_fleet_density,19,fifo,trained_mlp_model,heuristic_dispatch,learned_dispatch,11,11,0.7272727272727273,False,distinct
1.1,canonical_dispatch_benchmark_heavy,canonical_dispatch_heavy,high_fleet_density,high_fleet_density,19,nearest_robot_task,trained_graph_dispatch_model,heuristic_dispatch,learned_dispatch,11,11,1.0,True,potentially_collapsed
1.1,canonical_dispatch_benchmark_heavy,canonical_dispatch_heavy,high_fleet_density,high_fleet_density,19,nearest_robot_task,trained_linear_model,heuristic_dispatch,learned_dispatch,11,11,1.0,True,potentially_collapsed
1.1,canonical_dispatch_benchmark_heavy,canonical_dispatch_heavy,high_fleet_density,high_fleet_density,19,nearest_robot_task,trained_mlp_model,heuristic_dispatch,learned_dispatch,11,11,1.0,True,potentially_collapsed
1.1,canonical_dispatch_benchmark_heavy,canonical_dispatch_heavy,high_fleet_density,high_fleet_density,19,trained_graph_dispatch_model,trained_linear_model,learned_dispatch,learned_dispatch,11,11,1.0,True,potentially_collapsed
1.1,canonical_dispatch_benchmark_heavy,canonical_dispatch_heavy,high_fleet_density,high_fleet_density,19,trained_graph_dispatch_model,trained_mlp_model,learned_dispatch,learned_dispatch,11,11,1.0,True,potentially_collapsed
1.1,canonical_dispatch_benchmark_heavy,canonical_dispatch_heavy,high_fleet_density,high_fleet_density,19,trained_linear_model,trained_mlp_model,learned_dispatch,learned_dispatch,11,11,1.0,True,potentially_collapsed
1.1,canonical_dispatch_benchmark_heavy,canonical_dispatch_heavy,high_fleet_density,high_fleet_density,23,congestion_aware_nearest_robot_task,fifo,heuristic_dispatch,heuristic_dispatch,12,12,0.75,False,distinct
1.1,canonical_dispatch_benchmark_heavy,canonical_dispatch_heavy,high_fleet_density,high_fleet_density,23,congestion_aware_nearest_robot_task,nearest_robot_task,heuristic_dispatch,heuristic_dispatch,12,12,1.0,True,potentially_collapsed
1.1,canonical_dispatch_benchmark_heavy,canonical_dispatch_heavy,high_fleet_density,high_fleet_density,23,congestion_aware_nearest_robot_task,trained_graph_dispatch_model,heuristic_dispatch,learned_dispatch,12,12,1.0,True,potentially_collapsed
1.1,canonical_dispatch_benchmark_heavy,canonical_dispatch_heavy,high_fleet_density,high_fleet_density,23,congestion_aware_nearest_robot_task,trained_linear_model,heuristic_dispatch,learned_dispatch,12,12,1.0,True,potentially_collapsed
1.1,canonical_dispatch_benchmark_heavy,canonical_dispatch_heavy,high_fleet_density,high_fleet_density,23,congestion_aware_nearest_robot_task,trained_mlp_model,heuristic_dispatch,learned_dispatch,12,12,1.0,True,potentially_collapsed
1.1,canonical_dispatch_benchmark_heavy,canonical_dispatch_heavy,high_fleet_density,high_fleet_density,23,fifo,nearest_robot_task,heuristic_dispatch,heuristic_dispatch,12,12,0.75,False,distinct
1.1,canonical_dispatch_benchmark_heavy,canonical_dispatch_heavy,high_fleet_density,high_fleet_density,23,fifo,trained_graph_dispatch_model,heuristic_dispatch,learned_dispatch,12,12,0.75,False,distinct
1.1,canonical_dispatch_benchmark_heavy,canonical_dispatch_heavy,high_fleet_density,high_fleet_density,23,fifo,trained_linear_model,heuristic_dispatch,learned_dispatch,12,12,0.75,False,distinct
1.1,canonical_dispatch_benchmark_heavy,canonical_dispatch_heavy,high_fleet_density,high_fleet_density,23,fifo,trained_mlp_model,heuristic_dispatch,learned_dispatch,12,12,0.75,False,distinct
1.1,canonical_dispatch_benchmark_heavy,canonical_dispatch_heavy,high_fleet_density,high_fleet_density,23,nearest_robot_task,trained_graph_dispatch_model,heuristic_dispatch,learned_dispatch,12,12,1.0,True,potentially_collapsed
1.1,canonical_dispatch_benchmark_heavy,canonical_dispatch_heavy,high_fleet_density,high_fleet_density,23,nearest_robot_task,trained_linear_model,heuristic_dispatch,learned_dispatch,12,12,1.0,True,potentially_collapsed
1.1,canonical_dispatch_benchmark_heavy,canonical_dispatch_heavy,high_fleet_density,high_fleet_density,23,nearest_robot_task,trained_mlp_model,heuristic_dispatch,learned_dispatch,12,12,1.0,True,potentially_collapsed
1.1,canonical_dispatch_benchmark_heavy,canonical_dispatch_heavy,high_fleet_density,high_fleet_density,23,trained_graph_dispatch_model,trained_linear_model,learned_dispatch,learned_dispatch,12,12,1.0,True,potentially_collapsed
1.1,canonical_dispatch_benchmark_heavy,canonical_dispatch_heavy,high_fleet_density,high_fleet_density,23,trained_graph_dispatch_model,trained_mlp_model,learned_dispatch,learned_dispatch,12,12,1.0,True,potentially_collapsed
1.1,canonical_dispatch_benchmark_heavy,canonical_dispatch_heavy,high_fleet_density,high_fleet_density,23,trained_linear_model,trained_mlp_model,learned_dispatch,learned_dispatch,12,12,1.0,True,potentially_collapsed
1.1,canonical_dispatch_benchmark_heavy,canonical_dispatch_heavy,high_fleet_density,high_fleet_density,29,congestion_aware_nearest_robot_task,fifo,heuristic_dispatch,heuristic_dispatch,15,15,0.7333333333333333,False,distinct
1.1,canonical_dispatch_benchmark_heavy,canonical_dispatch_heavy,high_fleet_density,high_fleet_density,29,congestion_aware_nearest_robot_task,nearest_robot_task,heuristic_dispatch,heuristic_dispatch,15,15,1.0,True,potentially_collapsed
1.1,canonical_dispatch_benchmark_heavy,canonical_dispatch_heavy,high_fleet_density,high_fleet_density,29,congestion_aware_nearest_robot_task,trained_graph_dispatch_model,heuristic_dispatch,learned_dispatch,15,15,1.0,True,potentially_collapsed
1.1,canonical_dispatch_benchmark_heavy,canonical_dispatch_heavy,high_fleet_density,high_fleet_density,29,congestion_aware_nearest_robot_task,trained_linear_model,heuristic_dispatch,learned_dispatch,15,15,1.0,True,potentially_collapsed
1.1,canonical_dispatch_benchmark_heavy,canonical_dispatch_heavy,high_fleet_density,high_fleet_density,29,congestion_aware_nearest_robot_task,trained_mlp_model,heuristic_dispatch,learned_dispatch,15,15,1.0,True,potentially_collapsed
1.1,canonical_dispatch_benchmark_heavy,canonical_dispatch_heavy,high_fleet_density,high_fleet_density,29,fifo,nearest_robot_task,heuristic_dispatch,heuristic_dispatch,15,15,0.7333333333333333,False,distinct
1.1,canonical_dispatch_benchmark_heavy,canonical_dispatch_heavy,high_fleet_density,high_fleet_density,29,fifo,trained_graph_dispatch_model,heuristic_dispatch,learned_dispatch,15,15,0.7333333333333333,False,distinct
1.1,canonical_dispatch_benchmark_heavy,canonical_dispatch_heavy,high_fleet_density,high_fleet_density,29,fifo,trained_linear_model,heuristic_dispatch,learned_dispatch,15,15,0.7333333333333333,False,distinct
1.1,canonical_dispatch_benchmark_heavy,canonical_dispatch_heavy,high_fleet_density,high_fleet_density,29,fifo,trained_mlp_model,heuristic_dispatch,learned_dispatch,15,15,0.7333333333333333,False,distinct
1.1,canonical_dispatch_benchmark_heavy,canonical_dispatch_heavy,high_fleet_density,high_fleet_density,29,nearest_robot_task,trained_graph_dispatch_model,heuristic_dispatch,learned_dispatch,15,15,1.0,True,potentially_collapsed
1.1,canonical_dispatch_benchmark_heavy,canonical_dispatch_heavy,high_fleet_density,high_fleet_density,29,nearest_robot_task,trained_linear_model,heuristic_dispatch,learned_dispatch,15,15,1.0,True,potentially_collapsed
1.1,canonical_dispatch_benchmark_heavy,canonical_dispatch_heavy,high_fleet_density,high_fleet_density,29,nearest_robot_task,trained_mlp_model,heuristic_dispatch,learned_dispatch,15,15,1.0,True,potentially_collapsed
1.1,canonical_dispatch_benchmark_heavy,canonical_dispatch_heavy,high_fleet_density,high_fleet_density,29,trained_graph_dispatch_model,trained_linear_model,learned_dispatch,learned_dispatch,15,15,1.0,True,potentially_collapsed
1.1,canonical_dispatch_benchmark_heavy,canonical_dispatch_heavy,high_fleet_density,high_fleet_density,29,trained_graph_dispatch_model,trained_mlp_model,learned_dispatch,learned_dispatch,15,15,1.0,True,potentially_collapsed
1.1,canonical_dispatch_benchmark_heavy,canonical_dispatch_heavy,high_fleet_density,high_fleet_density,29,trained_linear_model,trained_mlp_model,learned_dispatch,learned_dispatch,15,15,1.0,True,potentially_collapsed
1.1,canonical_dispatch_benchmark_heavy,canonical_dispatch_heavy,high_fleet_density,high_fleet_density,31,congestion_aware_nearest_robot_task,fifo,heuristic_dispatch,heuristic_dispatch,11,11,0.7272727272727273,False,distinct
1.1,canonical_dispatch_benchmark_heavy,canonical_dispatch_heavy,high_fleet_density,high_fleet_density,31,congestion_aware_nearest_robot_task,nearest_robot_task,heuristic_dispatch,heuristic_dispatch,11,11,1.0,True,potentially_collapsed
1.1,canonical_dispatch_benchmark_heavy,canonical_dispatch_heavy,high_fleet_density,high_fleet_density,31,congestion_aware_nearest_robot_task,trained_graph_dispatch_model,heuristic_dispatch,learned_dispatch,11,11,1.0,True,potentially_collapsed
1.1,canonical_dispatch_benchmark_heavy,canonical_dispatch_heavy,high_fleet_density,high_fleet_density,31,congestion_aware_nearest_robot_task,trained_linear_model,heuristic_dispatch,learned_dispatch,11,11,1.0,True,potentially_collapsed
1.1,canonical_dispatch_benchmark_heavy,canonical_dispatch_heavy,high_fleet_density,high_fleet_density,31,congestion_aware_nearest_robot_task,trained_mlp_model,heuristic_dispatch,learned_dispatch,11,11,1.0,True,potentially_collapsed
1.1,canonical_dispatch_benchmark_heavy,canonical_dispatch_heavy,high_fleet_density,high_fleet_density,31,fifo,nearest_robot_task,heuristic_dispatch,heuristic_dispatch,11,11,0.7272727272727273,False,distinct
1.1,canonical_dispatch_benchmark_heavy,canonical_dispatch_heavy,high_fleet_density,high_fleet_density,31,fifo,trained_graph_dispatch_model,heuristic_dispatch,learned_dispatch,11,11,0.7272727272727273,False,distinct
1.1,canonical_dispatch_benchmark_heavy,canonical_dispatch_heavy,high_fleet_density,high_fleet_density,31,fifo,trained_linear_model,heuristic_dispatch,learned_dispatch,11,11,0.7272727272727273,False,distinct
1.1,canonical_dispatch_benchmark_heavy,canonical_dispatch_heavy,high_fleet_density,high_fleet_density,31,fifo,trained_mlp_model,heuristic_dispatch,learned_dispatch,11,11,0.7272727272727273,False,distinct
1.1,canonical_dispatch_benchmark_heavy,canonical_dispatch_heavy,high_fleet_density,high_fleet_density,31,nearest_robot_task,trained_graph_dispatch_model,heuristic_dispatch,learned_dispatch,11,11,1.0,True,potentially_collapsed
1.1,canonical_dispatch_benchmark_heavy,canonical_dispatch_heavy,high_fleet_density,high_fleet_density,31,nearest_robot_task,trained_linear_model,heuristic_dispatch,learned_dispatch,11,11,1.0,True,potentially_collapsed
1.1,canonical_dispatch_benchmark_heavy,canonical_dispatch_heavy,high_fleet_density,high_fleet_density,31,nearest_robot_task,trained_mlp_model,heuristic_dispatch,learned_dispatch,11,11,1.0,True,potentially_collapsed
1.1,canonical_dispatch_benchmark_heavy,canonical_dispatch_heavy,high_fleet_density,high_fleet_density,31,trained_graph_dispatch_model,trained_linear_model,learned_dispatch,learned_dispatch,11,11,1.0,True,potentially_collapsed
1.1,canonical_dispatch_benchmark_heavy,canonical_dispatch_heavy,high_fleet_density,high_fleet_density,31,trained_graph_dispatch_model,trained_mlp_model,learned_dispatch,learned_dispatch,11,11,1.0,True,potentially_collapsed
1.1,canonical_dispatch_benchmark_heavy,canonical_dispatch_heavy,high_fleet_density,high_fleet_density,31,trained_linear_model,trained_mlp_model,learned_dispatch,learned_dispatch,11,11,1.0,True,potentially_collapsed
1.1,canonical_dispatch_benchmark_heavy,canonical_dispatch_heavy,high_fleet_density,high_fleet_density,37,congestion_aware_nearest_robot_task,fifo,heuristic_dispatch,heuristic_dispatch,10,10,0.7,False,distinct
1.1,canonical_dispatch_benchmark_heavy,canonical_dispatch_heavy,high_fleet_density,high_fleet_density,37,congestion_aware_nearest_robot_task,nearest_robot_task,heuristic_dispatch,heuristic_dispatch,10,10,1.0,True,potentially_collapsed
1.1,canonical_dispatch_benchmark_heavy,canonical_dispatch_heavy,high_fleet_density,high_fleet_density,37,congestion_aware_nearest_robot_task,trained_graph_dispatch_model,heuristic_dispatch,learned_dispatch,10,10,1.0,True,potentially_collapsed
1.1,canonical_dispatch_benchmark_heavy,canonical_dispatch_heavy,high_fleet_density,high_fleet_density,37,congestion_aware_nearest_robot_task,trained_linear_model,heuristic_dispatch,learned_dispatch,10,10,1.0,True,potentially_collapsed
1.1,canonical_dispatch_benchmark_heavy,canonical_dispatch_heavy,high_fleet_density,high_fleet_density,37,congestion_aware_nearest_robot_task,trained_mlp_model,heuristic_dispatch,learned_dispatch,10,10,1.0,True,potentially_collapsed
1.1,canonical_dispatch_benchmark_heavy,canonical_dispatch_heavy,high_fleet_density,high_fleet_density,37,fifo,nearest_robot_task,heuristic_dispatch,heuristic_dispatch,10,10,0.7,False,distinct
1.1,canonical_dispatch_benchmark_heavy,canonical_dispatch_heavy,high_fleet_density,high_fleet_density,37,fifo,trained_graph_dispatch_model,heuristic_dispatch,learned_dispatch,10,10,0.7,False,distinct
1.1,canonical_dispatch_benchmark_heavy,canonical_dispatch_heavy,high_fleet_density,high_fleet_density,37,fifo,trained_linear_model,heuristic_dispatch,learned_dispatch,10,10,0.7,False,distinct
1.1,canonical_dispatch_benchmark_heavy,canonical_dispatch_heavy,high_fleet_density,high_fleet_density,37,fifo,trained_mlp_model,heuristic_dispatch,learned_dispatch,10,10,0.7,False,distinct
1.1,canonical_dispatch_benchmark_heavy,canonical_dispatch_heavy,high_fleet_density,high_fleet_density,37,nearest_robot_task,trained_graph_dispatch_model,heuristic_dispatch,learned_dispatch,10,10,1.0,True,potentially_collapsed
1.1,canonical_dispatch_benchmark_heavy,canonical_dispatch_heavy,high_fleet_density,high_fleet_density,37,nearest_robot_task,trained_linear_model,heuristic_dispatch,learned_dispatch,10,10,1.0,True,potentially_collapsed
1.1,canonical_dispatch_benchmark_heavy,canonical_dispatch_heavy,high_fleet_density,high_fleet_density,37,nearest_robot_task,trained_mlp_model,heuristic_dispatch,learned_dispatch,10,10,1.0,True,potentially_collapsed
1.1,canonical_dispatch_benchmark_heavy,canonical_dispatch_heavy,high_fleet_density,high_fleet_density,37,trained_graph_dispatch_model,trained_linear_model,learned_dispatch,learned_dispatch,10,10,1.0,True,potentially_collapsed
1.1,canonical_dispatch_benchmark_heavy,canonical_dispatch_heavy,high_fleet_density,high_fleet_density,37,trained_graph_dispatch_model,trained_mlp_model,learned_dispatch,learned_dispatch,10,10,1.0,True,potentially_collapsed
1.1,canonical_dispatch_benchmark_heavy,canonical_dispatch_heavy,high_fleet_density,high_fleet_density,37,trained_linear_model,trained_mlp_model,learned_dispatch,learned_dispatch,10,10,1.0,True,potentially_collapsed
1.1,canonical_dispatch_benchmark_heavy,canonical_dispatch_heavy,high_fleet_density,high_fleet_density,41,congestion_aware_nearest_robot_task,fifo,heuristic_dispatch,heuristic_dispatch,8,8,0.625,False,distinct
1.1,canonical_dispatch_benchmark_heavy,canonical_dispatch_heavy,high_fleet_density,high_fleet_density,41,congestion_aware_nearest_robot_task,nearest_robot_task,heuristic_dispatch,heuristic_dispatch,8,8,1.0,True,potentially_collapsed
1.1,canonical_dispatch_benchmark_heavy,canonical_dispatch_heavy,high_fleet_density,high_fleet_density,41,congestion_aware_nearest_robot_task,trained_graph_dispatch_model,heuristic_dispatch,learned_dispatch,8,8,1.0,True,potentially_collapsed
1.1,canonical_dispatch_benchmark_heavy,canonical_dispatch_heavy,high_fleet_density,high_fleet_density,41,congestion_aware_nearest_robot_task,trained_linear_model,heuristic_dispatch,learned_dispatch,8,8,1.0,True,potentially_collapsed
1.1,canonical_dispatch_benchmark_heavy,canonical_dispatch_heavy,high_fleet_density,high_fleet_density,41,congestion_aware_nearest_robot_task,trained_mlp_model,heuristic_dispatch,learned_dispatch,8,8,1.0,True,potentially_collapsed
1.1,canonical_dispatch_benchmark_heavy,canonical_dispatch_heavy,high_fleet_density,high_fleet_density,41,fifo,nearest_robot_task,heuristic_dispatch,heuristic_dispatch,8,8,0.625,False,distinct
1.1,canonical_dispatch_benchmark_heavy,canonical_dispatch_heavy,high_fleet_density,high_fleet_density,41,fifo,trained_graph_dispatch_model,heuristic_dispatch,learned_dispatch,8,8,0.625,False,distinct
1.1,canonical_dispatch_benchmark_heavy,canonical_dispatch_heavy,high_fleet_density,high_fleet_density,41,fifo,trained_linear_model,heuristic_dispatch,learned_dispatch,8,8,0.625,False,distinct
1.1,canonical_dispatch_benchmark_heavy,canonical_dispatch_heavy,high_fleet_density,high_fleet_density,41,fifo,trained_mlp_model,heuristic_dispatch,learned_dispatch,8,8,0.625,False,distinct
1.1,canonical_dispatch_benchmark_heavy,canonical_dispatch_heavy,high_fleet_density,high_fleet_density,41,nearest_robot_task,trained_graph_dispatch_model,heuristic_dispatch,learned_dispatch,8,8,1.0,True,potentially_collapsed
1.1,canonical_dispatch_benchmark_heavy,canonical_dispatch_heavy,high_fleet_density,high_fleet_density,41,nearest_robot_task,trained_linear_model,heuristic_dispatch,learned_dispatch,8,8,1.0,True,potentially_collapsed
1.1,canonical_dispatch_benchmark_heavy,canonical_dispatch_heavy,high_fleet_density,high_fleet_density,41,nearest_robot_task,trained_mlp_model,heuristic_dispatch,learned_dispatch,8,8,1.0,True,potentially_collapsed
1.1,canonical_dispatch_benchmark_heavy,canonical_dispatch_heavy,high_fleet_density,high_fleet_density,41,trained_graph_dispatch_model,trained_linear_model,learned_dispatch,learned_dispatch,8,8,1.0,True,potentially_collapsed
1.1,canonical_dispatch_benchmark_heavy,canonical_dispatch_heavy,high_fleet_density,high_fleet_density,41,trained_graph_dispatch_model,trained_mlp_model,learned_dispatch,learned_dispatch,8,8,1.0,True,potentially_collapsed
1.1,canonical_dispatch_benchmark_heavy,canonical_dispatch_heavy,high_fleet_density,high_fleet_density,41,trained_linear_model,trained_mlp_model,learned_dispatch,learned_dispatch,8,8,1.0,True,potentially_collapsed
1.1,canonical_dispatch_benchmark_heavy,canonical_dispatch_heavy,high_fleet_density,high_fleet_density,43,congestion_aware_nearest_robot_task,fifo,heuristic_dispatch,heuristic_dispatch,11,11,0.7272727272727273,False,distinct
1.1,canonical_dispatch_benchmark_heavy,canonical_dispatch_heavy,high_fleet_density,high_fleet_density,43,congestion_aware_nearest_robot_task,nearest_robot_task,heuristic_dispatch,heuristic_dispatch,11,11,1.0,True,potentially_collapsed
1.1,canonical_dispatch_benchmark_heavy,canonical_dispatch_heavy,high_fleet_density,high_fleet_density,43,congestion_aware_nearest_robot_task,trained_graph_dispatch_model,heuristic_dispatch,learned_dispatch,11,11,1.0,True,potentially_collapsed
1.1,canonical_dispatch_benchmark_heavy,canonical_dispatch_heavy,high_fleet_density,high_fleet_density,43,congestion_aware_nearest_robot_task,trained_linear_model,heuristic_dispatch,learned_dispatch,11,11,1.0,True,potentially_collapsed
1.1,canonical_dispatch_benchmark_heavy,canonical_dispatch_heavy,high_fleet_density,high_fleet_density,43,congestion_aware_nearest_robot_task,trained_mlp_model,heuristic_dispatch,learned_dispatch,11,11,1.0,True,potentially_collapsed
1.1,canonical_dispatch_benchmark_heavy,canonical_dispatch_heavy,high_fleet_density,high_fleet_density,43,fifo,nearest_robot_task,heuristic_dispatch,heuristic_dispatch,11,11,0.7272727272727273,False,distinct
1.1,canonical_dispatch_benchmark_heavy,canonical_dispatch_heavy,high_fleet_density,high_fleet_density,43,fifo,trained_graph_dispatch_model,heuristic_dispatch,learned_dispatch,11,11,0.7272727272727273,False,distinct
1.1,canonical_dispatch_benchmark_heavy,canonical_dispatch_heavy,high_fleet_density,high_fleet_density,43,fifo,trained_linear_model,heuristic_dispatch,learned_dispatch,11,11,0.7272727272727273,False,distinct
1.1,canonical_dispatch_benchmark_heavy,canonical_dispatch_heavy,high_fleet_density,high_fleet_density,43,fifo,trained_mlp_model,heuristic_dispatch,learned_dispatch,11,11,0.7272727272727273,False,distinct
1.1,canonical_dispatch_benchmark_heavy,canonical_dispatch_heavy,high_fleet_density,high_fleet_density,43,nearest_robot_task,trained_graph_dispatch_model,heuristic_dispatch,learned_dispatch,11,11,1.0,True,potentially_collapsed
1.1,canonical_dispatch_benchmark_heavy,canonical_dispatch_heavy,high_fleet_density,high_fleet_density,43,nearest_robot_task,trained_linear_model,heuristic_dispatch,learned_dispatch,11,11,1.0,True,potentially_collapsed
1.1,canonical_dispatch_benchmark_heavy,canonical_dispatch_heavy,high_fleet_density,high_fleet_density,43,nearest_robot_task,trained_mlp_model,heuristic_dispatch,learned_dispatch,11,11,1.0,True,potentially_collapsed
1.1,canonical_dispatch_benchmark_heavy,canonical_dispatch_heavy,high_fleet_density,high_fleet_density,43,trained_graph_dispatch_model,trained_linear_model,learned_dispatch,learned_dispatch,11,11,1.0,True,potentially_collapsed
1.1,canonical_dispatch_benchmark_heavy,canonical_dispatch_heavy,high_fleet_density,high_fleet_density,43,trained_graph_dispatch_model,trained_mlp_model,learned_dispatch,learned_dispatch,11,11,1.0,True,potentially_collapsed
1.1,canonical_dispatch_benchmark_heavy,canonical_dispatch_heavy,high_fleet_density,high_fleet_density,43,trained_linear_model,trained_mlp_model,learned_dispatch,learned_dispatch,11,11,1.0,True,potentially_collapsed
1.1,canonical_dispatch_benchmark_heavy,canonical_dispatch_heavy,high_fleet_density,high_fleet_density,47,congestion_aware_nearest_robot_task,fifo,heuristic_dispatch,heuristic_dispatch,12,12,0.75,False,distinct
1.1,canonical_dispatch_benchmark_heavy,canonical_dispatch_heavy,high_fleet_density,high_fleet_density,47,congestion_aware_nearest_robot_task,nearest_robot_task,heuristic_dispatch,heuristic_dispatch,12,12,1.0,True,potentially_collapsed
1.1,canonical_dispatch_benchmark_heavy,canonical_dispatch_heavy,high_fleet_density,high_fleet_density,47,congestion_aware_nearest_robot_task,trained_graph_dispatch_model,heuristic_dispatch,learned_dispatch,12,12,1.0,True,potentially_collapsed
1.1,canonical_dispatch_benchmark_heavy,canonical_dispatch_heavy,high_fleet_density,high_fleet_density,47,congestion_aware_nearest_robot_task,trained_linear_model,heuristic_dispatch,learned_dispatch,12,12,1.0,True,potentially_collapsed
1.1,canonical_dispatch_benchmark_heavy,canonical_dispatch_heavy,high_fleet_density,high_fleet_density,47,congestion_aware_nearest_robot_task,trained_mlp_model,heuristic_dispatch,learned_dispatch,12,12,1.0,True,potentially_collapsed
1.1,canonical_dispatch_benchmark_heavy,canonical_dispatch_heavy,high_fleet_density,high_fleet_density,47,fifo,nearest_robot_task,heuristic_dispatch,heuristic_dispatch,12,12,0.75,False,distinct
1.1,canonical_dispatch_benchmark_heavy,canonical_dispatch_heavy,high_fleet_density,high_fleet_density,47,fifo,trained_graph_dispatch_model,heuristic_dispatch,learned_dispatch,12,12,0.75,False,distinct
1.1,canonical_dispatch_benchmark_heavy,canonical_dispatch_heavy,high_fleet_density,high_fleet_density,47,fifo,trained_linear_model,heuristic_dispatch,learned_dispatch,12,12,0.75,False,distinct
1.1,canonical_dispatch_benchmark_heavy,canonical_dispatch_heavy,high_fleet_density,high_fleet_density,47,fifo,trained_mlp_model,heuristic_dispatch,learned_dispatch,12,12,0.75,False,distinct
1.1,canonical_dispatch_benchmark_heavy,canonical_dispatch_heavy,high_fleet_density,high_fleet_density,47,nearest_robot_task,trained_graph_dispatch_model,heuristic_dispatch,learned_dispatch,12,12,1.0,True,potentially_collapsed
1.1,canonical_dispatch_benchmark_heavy,canonical_dispatch_heavy,high_fleet_density,high_fleet_density,47,nearest_robot_task,trained_linear_model,heuristic_dispatch,learned_dispatch,12,12,1.0,True,potentially_collapsed
1.1,canonical_dispatch_benchmark_heavy,canonical_dispatch_heavy,high_fleet_density,high_fleet_density,47,nearest_robot_task,trained_mlp_model,heuristic_dispatch,learned_dispatch,12,12,1.0,True,potentially_collapsed
1.1,canonical_dispatch_benchmark_heavy,canonical_dispatch_heavy,high_fleet_density,high_fleet_density,47,trained_graph_dispatch_model,trained_linear_model,learned_dispatch,learned_dispatch,12,12,1.0,True,potentially_collapsed
1.1,canonical_dispatch_benchmark_heavy,canonical_dispatch_heavy,high_fleet_density,high_fleet_density,47,trained_graph_dispatch_model,trained_mlp_model,learned_dispatch,learned_dispatch,12,12,1.0,True,potentially_collapsed
1.1,canonical_dispatch_benchmark_heavy,canonical_dispatch_heavy,high_fleet_density,high_fleet_density,47,trained_linear_model,trained_mlp_model,learned_dispatch,learned_dispatch,12,12,1.0,True,potentially_collapsed
1.1,canonical_dispatch_benchmark_heavy,canonical_dispatch_heavy,high_fleet_density,high_fleet_density,53,congestion_aware_nearest_robot_task,fifo,heuristic_dispatch,heuristic_dispatch,11,11,0.6363636363636364,False,distinct
1.1,canonical_dispatch_benchmark_heavy,canonical_dispatch_heavy,high_fleet_density,high_fleet_density,53,congestion_aware_nearest_robot_task,nearest_robot_task,heuristic_dispatch,heuristic_dispatch,11,11,1.0,True,potentially_collapsed
1.1,canonical_dispatch_benchmark_heavy,canonical_dispatch_heavy,high_fleet_density,high_fleet_density,53,congestion_aware_nearest_robot_task,trained_graph_dispatch_model,heuristic_dispatch,learned_dispatch,11,11,1.0,True,potentially_collapsed
1.1,canonical_dispatch_benchmark_heavy,canonical_dispatch_heavy,high_fleet_density,high_fleet_density,53,congestion_aware_nearest_robot_task,trained_linear_model,heuristic_dispatch,learned_dispatch,11,11,1.0,True,potentially_collapsed
1.1,canonical_dispatch_benchmark_heavy,canonical_dispatch_heavy,high_fleet_density,high_fleet_density,53,congestion_aware_nearest_robot_task,trained_mlp_model,heuristic_dispatch,learned_dispatch,11,11,1.0,True,potentially_collapsed
1.1,canonical_dispatch_benchmark_heavy,canonical_dispatch_heavy,high_fleet_density,high_fleet_density,53,fifo,nearest_robot_task,heuristic_dispatch,heuristic_dispatch,11,11,0.6363636363636364,False,distinct
1.1,canonical_dispatch_benchmark_heavy,canonical_dispatch_heavy,high_fleet_density,high_fleet_density,53,fifo,trained_graph_dispatch_model,heuristic_dispatch,learned_dispatch,11,11,0.6363636363636364,False,distinct
1.1,canonical_dispatch_benchmark_heavy,canonical_dispatch_heavy,high_fleet_density,high_fleet_density,53,fifo,trained_linear_model,heuristic_dispatch,learned_dispatch,11,11,0.6363636363636364,False,distinct
1.1,canonical_dispatch_benchmark_heavy,canonical_dispatch_heavy,high_fleet_density,high_fleet_density,53,fifo,trained_mlp_model,heuristic_dispatch,learned_dispatch,11,11,0.6363636363636364,False,distinct
1.1,canonical_dispatch_benchmark_heavy,canonical_dispatch_heavy,high_fleet_density,high_fleet_density,53,nearest_robot_task,trained_graph_dispatch_model,heuristic_dispatch,learned_dispatch,11,11,1.0,True,potentially_collapsed
1.1,canonical_dispatch_benchmark_heavy,canonical_dispatch_heavy,high_fleet_density,high_fleet_density,53,nearest_robot_task,trained_linear_model,heuristic_dispatch,learned_dispatch,11,11,1.0,True,potentially_collapsed
1.1,canonical_dispatch_benchmark_heavy,canonical_dispatch_heavy,high_fleet_density,high_fleet_density,53,nearest_robot_task,trained_mlp_model,heuristic_dispatch,learned_dispatch,11,11,1.0,True,potentially_collapsed
1.1,canonical_dispatch_benchmark_heavy,canonical_dispatch_heavy,high_fleet_density,high_fleet_density,53,trained_graph_dispatch_model,trained_linear_model,learned_dispatch,learned_dispatch,11,11,1.0,True,potentially_collapsed
1.1,canonical_dispatch_benchmark_heavy,canonical_dispatch_heavy,high_fleet_density,high_fleet_density,53,trained_graph_dispatch_model,trained_mlp_model,learned_dispatch,learned_dispatch,11,11,1.0,True,potentially_collapsed
1.1,canonical_dispatch_benchmark_heavy,canonical_dispatch_heavy,high_fleet_density,high_fleet_density,53,trained_linear_model,trained_mlp_model,learned_dispatch,learned_dispatch,11,11,1.0,True,potentially_collapsed
1.1,canonical_dispatch_benchmark_heavy,canonical_dispatch_heavy,high_fleet_density,high_fleet_density,59,congestion_aware_nearest_robot_task,fifo,heuristic_dispatch,heuristic_dispatch,19,19,0.7368421052631579,False,distinct
1.1,canonical_dispatch_benchmark_heavy,canonical_dispatch_heavy,high_fleet_density,high_fleet_density,59,congestion_aware_nearest_robot_task,nearest_robot_task,heuristic_dispatch,heuristic_dispatch,19,19,1.0,True,potentially_collapsed
1.1,canonical_dispatch_benchmark_heavy,canonical_dispatch_heavy,high_fleet_density,high_fleet_density,59,congestion_aware_nearest_robot_task,trained_graph_dispatch_model,heuristic_dispatch,learned_dispatch,19,19,1.0,True,potentially_collapsed
1.1,canonical_dispatch_benchmark_heavy,canonical_dispatch_heavy,high_fleet_density,high_fleet_density,59,congestion_aware_nearest_robot_task,trained_linear_model,heuristic_dispatch,learned_dispatch,19,19,1.0,True,potentially_collapsed
1.1,canonical_dispatch_benchmark_heavy,canonical_dispatch_heavy,high_fleet_density,high_fleet_density,59,congestion_aware_nearest_robot_task,trained_mlp_model,heuristic_dispatch,learned_dispatch,19,19,1.0,True,potentially_collapsed
1.1,canonical_dispatch_benchmark_heavy,canonical_dispatch_heavy,high_fleet_density,high_fleet_density,59,fifo,nearest_robot_task,heuristic_dispatch,heuristic_dispatch,19,19,0.7368421052631579,False,distinct
1.1,canonical_dispatch_benchmark_heavy,canonical_dispatch_heavy,high_fleet_density,high_fleet_density,59,fifo,trained_graph_dispatch_model,heuristic_dispatch,learned_dispatch,19,19,0.7368421052631579,False,distinct
1.1,canonical_dispatch_benchmark_heavy,canonical_dispatch_heavy,high_fleet_density,high_fleet_density,59,fifo,trained_linear_model,heuristic_dispatch,learned_dispatch,19,19,0.7368421052631579,False,distinct
1.1,canonical_dispatch_benchmark_heavy,canonical_dispatch_heavy,high_fleet_density,high_fleet_density,59,fifo,trained_mlp_model,heuristic_dispatch,learned_dispatch,19,19,0.7368421052631579,False,distinct
1.1,canonical_dispatch_benchmark_heavy,canonical_dispatch_heavy,high_fleet_density,high_fleet_density,59,nearest_robot_task,trained_graph_dispatch_model,heuristic_dispatch,learned_dispatch,19,19,1.0,True,potentially_collapsed
1.1,canonical_dispatch_benchmark_heavy,canonical_dispatch_heavy,high_fleet_density,high_fleet_density,59,nearest_robot_task,trained_linear_model,heuristic_dispatch,learned_dispatch,19,19,1.0,True,potentially_collapsed
1.1,canonical_dispatch_benchmark_heavy,canonical_dispatch_heavy,high_fleet_density,high_fleet_density,59,nearest_robot_task,trained_mlp_model,heuristic_dispatch,learned_dispatch,19,19,1.0,True,potentially_collapsed
1.1,canonical_dispatch_benchmark_heavy,canonical_dispatch_heavy,high_fleet_density,high_fleet_density,59,trained_graph_dispatch_model,trained_linear_model,learned_dispatch,learned_dispatch,19,19,1.0,True,potentially_collapsed
1.1,canonical_dispatch_benchmark_heavy,canonical_dispatch_heavy,high_fleet_density,high_fleet_density,59,trained_graph_dispatch_model,trained_mlp_model,learned_dispatch,learned_dispatch,19,19,1.0,True,potentially_collapsed
1.1,canonical_dispatch_benchmark_heavy,canonical_dispatch_heavy,high_fleet_density,high_fleet_density,59,trained_linear_model,trained_mlp_model,learned_dispatch,learned_dispatch,19,19,1.0,True,potentially_collapsed
1.1,canonical_dispatch_benchmark_heavy,canonical_dispatch_heavy,high_fleet_density,high_fleet_density,61,congestion_aware_nearest_robot_task,fifo,heuristic_dispatch,heuristic_dispatch,13,13,0.7692307692307693,False,distinct
1.1,canonical_dispatch_benchmark_heavy,canonical_dispatch_heavy,high_fleet_density,high_fleet_density,61,congestion_aware_nearest_robot_task,nearest_robot_task,heuristic_dispatch,heuristic_dispatch,13,13,1.0,True,potentially_collapsed
1.1,canonical_dispatch_benchmark_heavy,canonical_dispatch_heavy,high_fleet_density,high_fleet_density,61,congestion_aware_nearest_robot_task,trained_graph_dispatch_model,heuristic_dispatch,learned_dispatch,13,13,1.0,True,potentially_collapsed
1.1,canonical_dispatch_benchmark_heavy,canonical_dispatch_heavy,high_fleet_density,high_fleet_density,61,congestion_aware_nearest_robot_task,trained_linear_model,heuristic_dispatch,learned_dispatch,13,13,1.0,True,potentially_collapsed
1.1,canonical_dispatch_benchmark_heavy,canonical_dispatch_heavy,high_fleet_density,high_fleet_density,61,congestion_aware_nearest_robot_task,trained_mlp_model,heuristic_dispatch,learned_dispatch,13,13,1.0,True,potentially_collapsed
1.1,canonical_dispatch_benchmark_heavy,canonical_dispatch_heavy,high_fleet_density,high_fleet_density,61,fifo,nearest_robot_task,heuristic_dispatch,heuristic_dispatch,13,13,0.7692307692307693,False,distinct
1.1,canonical_dispatch_benchmark_heavy,canonical_dispatch_heavy,high_fleet_density,high_fleet_density,61,fifo,trained_graph_dispatch_model,heuristic_dispatch,learned_dispatch,13,13,0.7692307692307693,False,distinct
1.1,canonical_dispatch_benchmark_heavy,canonical_dispatch_heavy,high_fleet_density,high_fleet_density,61,fifo,trained_linear_model,heuristic_dispatch,learned_dispatch,13,13,0.7692307692307693,False,distinct
1.1,canonical_dispatch_benchmark_heavy,canonical_dispatch_heavy,high_fleet_density,high_fleet_density,61,fifo,trained_mlp_model,heuristic_dispatch,learned_dispatch,13,13,0.7692307692307693,False,distinct
1.1,canonical_dispatch_benchmark_heavy,canonical_dispatch_heavy,high_fleet_density,high_fleet_density,61,nearest_robot_task,trained_graph_dispatch_model,heuristic_dispatch,learned_dispatch,13,13,1.0,True,potentially_collapsed
1.1,canonical_dispatch_benchmark_heavy,canonical_dispatch_heavy,high_fleet_density,high_fleet_density,61,nearest_robot_task,trained_linear_model,heuristic_dispatch,learned_dispatch,13,13,1.0,True,potentially_collapsed
1.1,canonical_dispatch_benchmark_heavy,canonical_dispatch_heavy,high_fleet_density,high_fleet_density,61,nearest_robot_task,trained_mlp_model,heuristic_dispatch,learned_dispatch,13,13,1.0,True,potentially_collapsed
1.1,canonical_dispatch_benchmark_heavy,canonical_dispatch_heavy,high_fleet_density,high_fleet_density,61,trained_graph_dispatch_model,trained_linear_model,learned_dispatch,learned_dispatch,13,13,1.0,True,potentially_collapsed
1.1,canonical_dispatch_benchmark_heavy,canonical_dispatch_heavy,high_fleet_density,high_fleet_density,61,trained_graph_dispatch_model,trained_mlp_model,learned_dispatch,learned_dispatch,13,13,1.0,True,potentially_collapsed
1.1,canonical_dispatch_benchmark_heavy,canonical_dispatch_heavy,high_fleet_density,high_fleet_density,61,trained_linear_model,trained_mlp_model,learned_dispatch,learned_dispatch,13,13,1.0,True,potentially_collapsed
1.1,canonical_dispatch_benchmark_heavy,canonical_dispatch_heavy,high_fleet_density,high_fleet_density,67,congestion_aware_nearest_robot_task,fifo,heuristic_dispatch,heuristic_dispatch,20,20,0.85,False,distinct
1.1,canonical_dispatch_benchmark_heavy,canonical_dispatch_heavy,high_fleet_density,high_fleet_density,67,congestion_aware_nearest_robot_task,nearest_robot_task,heuristic_dispatch,heuristic_dispatch,20,20,1.0,True,potentially_collapsed
1.1,canonical_dispatch_benchmark_heavy,canonical_dispatch_heavy,high_fleet_density,high_fleet_density,67,congestion_aware_nearest_robot_task,trained_graph_dispatch_model,heuristic_dispatch,learned_dispatch,20,20,1.0,True,potentially_collapsed
1.1,canonical_dispatch_benchmark_heavy,canonical_dispatch_heavy,high_fleet_density,high_fleet_density,67,congestion_aware_nearest_robot_task,trained_linear_model,heuristic_dispatch,learned_dispatch,20,20,1.0,True,potentially_collapsed
1.1,canonical_dispatch_benchmark_heavy,canonical_dispatch_heavy,high_fleet_density,high_fleet_density,67,congestion_aware_nearest_robot_task,trained_mlp_model,heuristic_dispatch,learned_dispatch,20,20,1.0,True,potentially_collapsed
1.1,canonical_dispatch_benchmark_heavy,canonical_dispatch_heavy,high_fleet_density,high_fleet_density,67,fifo,nearest_robot_task,heuristic_dispatch,heuristic_dispatch,20,20,0.85,False,distinct
1.1,canonical_dispatch_benchmark_heavy,canonical_dispatch_heavy,high_fleet_density,high_fleet_density,67,fifo,trained_graph_dispatch_model,heuristic_dispatch,learned_dispatch,20,20,0.85,False,distinct
1.1,canonical_dispatch_benchmark_heavy,canonical_dispatch_heavy,high_fleet_density,high_fleet_density,67,fifo,trained_linear_model,heuristic_dispatch,learned_dispatch,20,20,0.85,False,distinct
1.1,canonical_dispatch_benchmark_heavy,canonical_dispatch_heavy,high_fleet_density,high_fleet_density,67,fifo,trained_mlp_model,heuristic_dispatch,learned_dispatch,20,20,0.85,False,distinct
1.1,canonical_dispatch_benchmark_heavy,canonical_dispatch_heavy,high_fleet_density,high_fleet_density,67,nearest_robot_task,trained_graph_dispatch_model,heuristic_dispatch,learned_dispatch,20,20,1.0,True,potentially_collapsed
1.1,canonical_dispatch_benchmark_heavy,canonical_dispatch_heavy,high_fleet_density,high_fleet_density,67,nearest_robot_task,trained_linear_model,heuristic_dispatch,learned_dispatch,20,20,1.0,True,potentially_collapsed
1.1,canonical_dispatch_benchmark_heavy,canonical_dispatch_heavy,high_fleet_density,high_fleet_density,67,nearest_robot_task,trained_mlp_model,heuristic_dispatch,learned_dispatch,20,20,1.0,True,potentially_collapsed
1.1,canonical_dispatch_benchmark_heavy,canonical_dispatch_heavy,high_fleet_density,high_fleet_density,67,trained_graph_dispatch_model,trained_linear_model,learned_dispatch,learned_dispatch,20,20,1.0,True,potentially_collapsed
1.1,canonical_dispatch_benchmark_heavy,canonical_dispatch_heavy,high_fleet_density,high_fleet_density,67,trained_graph_dispatch_model,trained_mlp_model,learned_dispatch,learned_dispatch,20,20,1.0,True,potentially_collapsed
1.1,canonical_dispatch_benchmark_heavy,canonical_dispatch_heavy,high_fleet_density,high_fleet_density,67,trained_linear_model,trained_mlp_model,learned_dispatch,learned_dispatch,20,20,1.0,True,potentially_collapsed
1.1,canonical_dispatch_benchmark_heavy,canonical_dispatch_heavy,high_fleet_density,high_fleet_density,71,congestion_aware_nearest_robot_task,fifo,heuristic_dispatch,heuristic_dispatch,11,11,0.6363636363636364,False,distinct
1.1,canonical_dispatch_benchmark_heavy,canonical_dispatch_heavy,high_fleet_density,high_fleet_density,71,congestion_aware_nearest_robot_task,nearest_robot_task,heuristic_dispatch,heuristic_dispatch,11,11,1.0,True,potentially_collapsed
1.1,canonical_dispatch_benchmark_heavy,canonical_dispatch_heavy,high_fleet_density,high_fleet_density,71,congestion_aware_nearest_robot_task,trained_graph_dispatch_model,heuristic_dispatch,learned_dispatch,11,11,1.0,True,potentially_collapsed
1.1,canonical_dispatch_benchmark_heavy,canonical_dispatch_heavy,high_fleet_density,high_fleet_density,71,congestion_aware_nearest_robot_task,trained_linear_model,heuristic_dispatch,learned_dispatch,11,11,1.0,True,potentially_collapsed
1.1,canonical_dispatch_benchmark_heavy,canonical_dispatch_heavy,high_fleet_density,high_fleet_density,71,congestion_aware_nearest_robot_task,trained_mlp_model,heuristic_dispatch,learned_dispatch,11,11,1.0,True,potentially_collapsed
1.1,canonical_dispatch_benchmark_heavy,canonical_dispatch_heavy,high_fleet_density,high_fleet_density,71,fifo,nearest_robot_task,heuristic_dispatch,heuristic_dispatch,11,11,0.6363636363636364,False,distinct
1.1,canonical_dispatch_benchmark_heavy,canonical_dispatch_heavy,high_fleet_density,high_fleet_density,71,fifo,trained_graph_dispatch_model,heuristic_dispatch,learned_dispatch,11,11,0.6363636363636364,False,distinct
1.1,canonical_dispatch_benchmark_heavy,canonical_dispatch_heavy,high_fleet_density,high_fleet_density,71,fifo,trained_linear_model,heuristic_dispatch,learned_dispatch,11,11,0.6363636363636364,False,distinct
1.1,canonical_dispatch_benchmark_heavy,canonical_dispatch_heavy,high_fleet_density,high_fleet_density,71,fifo,trained_mlp_model,heuristic_dispatch,learned_dispatch,11,11,0.6363636363636364,False,distinct
1.1,canonical_dispatch_benchmark_heavy,canonical_dispatch_heavy,high_fleet_density,high_fleet_density,71,nearest_robot_task,trained_graph_dispatch_model,heuristic_dispatch,learned_dispatch,11,11,1.0,True,potentially_collapsed
1.1,canonical_dispatch_benchmark_heavy,canonical_dispatch_heavy,high_fleet_density,high_fleet_density,71,nearest_robot_task,trained_linear_model,heuristic_dispatch,learned_dispatch,11,11,1.0,True,potentially_collapsed
1.1,canonical_dispatch_benchmark_heavy,canonical_dispatch_heavy,high_fleet_density,high_fleet_density,71,nearest_robot_task,trained_mlp_model,heuristic_dispatch,learned_dispatch,11,11,1.0,True,potentially_collapsed
1.1,canonical_dispatch_benchmark_heavy,canonical_dispatch_heavy,high_fleet_density,high_fleet_density,71,trained_graph_dispatch_model,trained_linear_model,learned_dispatch,learned_dispatch,11,11,1.0,True,potentially_collapsed
1.1,canonical_dispatch_benchmark_heavy,canonical_dispatch_heavy,high_fleet_density,high_fleet_density,71,trained_graph_dispatch_model,trained_mlp_model,learned_dispatch,learned_dispatch,11,11,1.0,True,potentially_collapsed
1.1,canonical_dispatch_benchmark_heavy,canonical_dispatch_heavy,high_fleet_density,high_fleet_density,71,trained_linear_model,trained_mlp_model,learned_dispatch,learned_dispatch,11,11,1.0,True,potentially_collapsed
1.1,canonical_dispatch_benchmark_heavy,canonical_dispatch_heavy,high_fleet_density,high_fleet_density,73,congestion_aware_nearest_robot_task,fifo,heuristic_dispatch,heuristic_dispatch,13,13,0.6923076923076923,False,distinct
1.1,canonical_dispatch_benchmark_heavy,canonical_dispatch_heavy,high_fleet_density,high_fleet_density,73,congestion_aware_nearest_robot_task,nearest_robot_task,heuristic_dispatch,heuristic_dispatch,13,13,1.0,True,potentially_collapsed
1.1,canonical_dispatch_benchmark_heavy,canonical_dispatch_heavy,high_fleet_density,high_fleet_density,73,congestion_aware_nearest_robot_task,trained_graph_dispatch_model,heuristic_dispatch,learned_dispatch,13,13,1.0,True,potentially_collapsed
1.1,canonical_dispatch_benchmark_heavy,canonical_dispatch_heavy,high_fleet_density,high_fleet_density,73,congestion_aware_nearest_robot_task,trained_linear_model,heuristic_dispatch,learned_dispatch,13,13,1.0,True,potentially_collapsed
1.1,canonical_dispatch_benchmark_heavy,canonical_dispatch_heavy,high_fleet_density,high_fleet_density,73,congestion_aware_nearest_robot_task,trained_mlp_model,heuristic_dispatch,learned_dispatch,13,13,1.0,True,potentially_collapsed
1.1,canonical_dispatch_benchmark_heavy,canonical_dispatch_heavy,high_fleet_density,high_fleet_density,73,fifo,nearest_robot_task,heuristic_dispatch,heuristic_dispatch,13,13,0.6923076923076923,False,distinct
1.1,canonical_dispatch_benchmark_heavy,canonical_dispatch_heavy,high_fleet_density,high_fleet_density,73,fifo,trained_graph_dispatch_model,heuristic_dispatch,learned_dispatch,13,13,0.6923076923076923,False,distinct
1.1,canonical_dispatch_benchmark_heavy,canonical_dispatch_heavy,high_fleet_density,high_fleet_density,73,fifo,trained_linear_model,heuristic_dispatch,learned_dispatch,13,13,0.6923076923076923,False,distinct
1.1,canonical_dispatch_benchmark_heavy,canonical_dispatch_heavy,high_fleet_density,high_fleet_density,73,fifo,trained_mlp_model,heuristic_dispatch,learned_dispatch,13,13,0.6923076923076923,False,distinct
1.1,canonical_dispatch_benchmark_heavy,canonical_dispatch_heavy,high_fleet_density,high_fleet_density,73,nearest_robot_task,trained_graph_dispatch_model,heuristic_dispatch,learned_dispatch,13,13,1.0,True,potentially_collapsed
1.1,canonical_dispatch_benchmark_heavy,canonical_dispatch_heavy,high_fleet_density,high_fleet_density,73,nearest_robot_task,trained_linear_model,heuristic_dispatch,learned_dispatch,13,13,1.0,True,potentially_collapsed
1.1,canonical_dispatch_benchmark_heavy,canonical_dispatch_heavy,high_fleet_density,high_fleet_density,73,nearest_robot_task,trained_mlp_model,heuristic_dispatch,learned_dispatch,13,13,1.0,True,potentially_collapsed
1.1,canonical_dispatch_benchmark_heavy,canonical_dispatch_heavy,high_fleet_density,high_fleet_density,73,trained_graph_dispatch_model,trained_linear_model,learned_dispatch,learned_dispatch,13,13,1.0,True,potentially_collapsed
1.1,canonical_dispatch_benchmark_heavy,canonical_dispatch_heavy,high_fleet_density,high_fleet_density,73,trained_graph_dispatch_model,trained_mlp_model,learned_dispatch,learned_dispatch,13,13,1.0,True,potentially_collapsed
1.1,canonical_dispatch_benchmark_heavy,canonical_dispatch_heavy,high_fleet_density,high_fleet_density,73,trained_linear_model,trained_mlp_model,learned_dispatch,learned_dispatch,13,13,1.0,True,potentially_collapsed
1.1,canonical_dispatch_benchmark_heavy,canonical_dispatch_heavy,high_fleet_density,high_fleet_density,79,congestion_aware_nearest_robot_task,fifo,heuristic_dispatch,heuristic_dispatch,17,17,0.7647058823529411,False,distinct
1.1,canonical_dispatch_benchmark_heavy,canonical_dispatch_heavy,high_fleet_density,high_fleet_density,79,congestion_aware_nearest_robot_task,nearest_robot_task,heuristic_dispatch,heuristic_dispatch,17,17,1.0,True,potentially_collapsed
1.1,canonical_dispatch_benchmark_heavy,canonical_dispatch_heavy,high_fleet_density,high_fleet_density,79,congestion_aware_nearest_robot_task,trained_graph_dispatch_model,heuristic_dispatch,learned_dispatch,17,17,1.0,True,potentially_collapsed
1.1,canonical_dispatch_benchmark_heavy,canonical_dispatch_heavy,high_fleet_density,high_fleet_density,79,congestion_aware_nearest_robot_task,trained_linear_model,heuristic_dispatch,learned_dispatch,17,17,1.0,True,potentially_collapsed
1.1,canonical_dispatch_benchmark_heavy,canonical_dispatch_heavy,high_fleet_density,high_fleet_density,79,congestion_aware_nearest_robot_task,trained_mlp_model,heuristic_dispatch,learned_dispatch,17,17,1.0,True,potentially_collapsed
1.1,canonical_dispatch_benchmark_heavy,canonical_dispatch_heavy,high_fleet_density,high_fleet_density,79,fifo,nearest_robot_task,heuristic_dispatch,heuristic_dispatch,17,17,0.7647058823529411,False,distinct
1.1,canonical_dispatch_benchmark_heavy,canonical_dispatch_heavy,high_fleet_density,high_fleet_density,79,fifo,trained_graph_dispatch_model,heuristic_dispatch,learned_dispatch,17,17,0.7647058823529411,False,distinct
1.1,canonical_dispatch_benchmark_heavy,canonical_dispatch_heavy,high_fleet_density,high_fleet_density,79,fifo,trained_linear_model,heuristic_dispatch,learned_dispatch,17,17,0.7647058823529411,False,distinct
1.1,canonical_dispatch_benchmark_heavy,canonical_dispatch_heavy,high_fleet_density,high_fleet_density,79,fifo,trained_mlp_model,heuristic_dispatch,learned_dispatch,17,17,0.7647058823529411,False,distinct
1.1,canonical_dispatch_benchmark_heavy,canonical_dispatch_heavy,high_fleet_density,high_fleet_density,79,nearest_robot_task,trained_graph_dispatch_model,heuristic_dispatch,learned_dispatch,17,17,1.0,True,potentially_collapsed
1.1,canonical_dispatch_benchmark_heavy,canonical_dispatch_heavy,high_fleet_density,high_fleet_density,79,nearest_robot_task,trained_linear_model,heuristic_dispatch,learned_dispatch,17,17,1.0,True,potentially_collapsed
1.1,canonical_dispatch_benchmark_heavy,canonical_dispatch_heavy,high_fleet_density,high_fleet_density,79,nearest_robot_task,trained_mlp_model,heuristic_dispatch,learned_dispatch,17,17,1.0,True,potentially_collapsed
1.1,canonical_dispatch_benchmark_heavy,canonical_dispatch_heavy,high_fleet_density,high_fleet_density,79,trained_graph_dispatch_model,trained_linear_model,learned_dispatch,learned_dispatch,17,17,1.0,True,potentially_collapsed
1.1,canonical_dispatch_benchmark_heavy,canonical_dispatch_heavy,high_fleet_density,high_fleet_density,79,trained_graph_dispatch_model,trained_mlp_model,learned_dispatch,learned_dispatch,17,17,1.0,True,potentially_collapsed
1.1,canonical_dispatch_benchmark_heavy,canonical_dispatch_heavy,high_fleet_density,high_fleet_density,79,trained_linear_model,trained_mlp_model,learned_dispatch,learned_dispatch,17,17,1.0,True,potentially_collapsed
1.1,canonical_dispatch_benchmark_heavy,canonical_dispatch_heavy,high_fleet_density,high_fleet_density,83,congestion_aware_nearest_robot_task,fifo,heuristic_dispatch,heuristic_dispatch,10,10,0.7,False,distinct
1.1,canonical_dispatch_benchmark_heavy,canonical_dispatch_heavy,high_fleet_density,high_fleet_density,83,congestion_aware_nearest_robot_task,nearest_robot_task,heuristic_dispatch,heuristic_dispatch,10,10,1.0,True,potentially_collapsed
1.1,canonical_dispatch_benchmark_heavy,canonical_dispatch_heavy,high_fleet_density,high_fleet_density,83,congestion_aware_nearest_robot_task,trained_graph_dispatch_model,heuristic_dispatch,learned_dispatch,10,10,1.0,True,potentially_collapsed
1.1,canonical_dispatch_benchmark_heavy,canonical_dispatch_heavy,high_fleet_density,high_fleet_density,83,congestion_aware_nearest_robot_task,trained_linear_model,heuristic_dispatch,learned_dispatch,10,10,1.0,True,potentially_collapsed
1.1,canonical_dispatch_benchmark_heavy,canonical_dispatch_heavy,high_fleet_density,high_fleet_density,83,congestion_aware_nearest_robot_task,trained_mlp_model,heuristic_dispatch,learned_dispatch,10,10,1.0,True,potentially_collapsed
1.1,canonical_dispatch_benchmark_heavy,canonical_dispatch_heavy,high_fleet_density,high_fleet_density,83,fifo,nearest_robot_task,heuristic_dispatch,heuristic_dispatch,10,10,0.7,False,distinct
1.1,canonical_dispatch_benchmark_heavy,canonical_dispatch_heavy,high_fleet_density,high_fleet_density,83,fifo,trained_graph_dispatch_model,heuristic_dispatch,learned_dispatch,10,10,0.7,False,distinct
1.1,canonical_dispatch_benchmark_heavy,canonical_dispatch_heavy,high_fleet_density,high_fleet_density,83,fifo,trained_linear_model,heuristic_dispatch,learned_dispatch,10,10,0.7,False,distinct
1.1,canonical_dispatch_benchmark_heavy,canonical_dispatch_heavy,high_fleet_density,high_fleet_density,83,fifo,trained_mlp_model,heuristic_dispatch,learned_dispatch,10,10,0.7,False,distinct
1.1,canonical_dispatch_benchmark_heavy,canonical_dispatch_heavy,high_fleet_density,high_fleet_density,83,nearest_robot_task,trained_graph_dispatch_model,heuristic_dispatch,learned_dispatch,10,10,1.0,True,potentially_collapsed
1.1,canonical_dispatch_benchmark_heavy,canonical_dispatch_heavy,high_fleet_density,high_fleet_density,83,nearest_robot_task,trained_linear_model,heuristic_dispatch,learned_dispatch,10,10,1.0,True,potentially_collapsed
1.1,canonical_dispatch_benchmark_heavy,canonical_dispatch_heavy,high_fleet_density,high_fleet_density,83,nearest_robot_task,trained_mlp_model,heuristic_dispatch,learned_dispatch,10,10,1.0,True,potentially_collapsed
1.1,canonical_dispatch_benchmark_heavy,canonical_dispatch_heavy,high_fleet_density,high_fleet_density,83,trained_graph_dispatch_model,trained_linear_model,learned_dispatch,learned_dispatch,10,10,1.0,True,potentially_collapsed
1.1,canonical_dispatch_benchmark_heavy,canonical_dispatch_heavy,high_fleet_density,high_fleet_density,83,trained_graph_dispatch_model,trained_mlp_model,learned_dispatch,learned_dispatch,10,10,1.0,True,potentially_collapsed
1.1,canonical_dispatch_benchmark_heavy,canonical_dispatch_heavy,high_fleet_density,high_fleet_density,83,trained_linear_model,trained_mlp_model,learned_dispatch,learned_dispatch,10,10,1.0,True,potentially_collapsed
1.1,canonical_dispatch_benchmark_heavy,canonical_dispatch_heavy,high_fleet_density,high_fleet_density,89,congestion_aware_nearest_robot_task,fifo,heuristic_dispatch,heuristic_dispatch,12,12,0.75,False,distinct
1.1,canonical_dispatch_benchmark_heavy,canonical_dispatch_heavy,high_fleet_density,high_fleet_density,89,congestion_aware_nearest_robot_task,nearest_robot_task,heuristic_dispatch,heuristic_dispatch,12,12,1.0,True,potentially_collapsed
1.1,canonical_dispatch_benchmark_heavy,canonical_dispatch_heavy,high_fleet_density,high_fleet_density,89,congestion_aware_nearest_robot_task,trained_graph_dispatch_model,heuristic_dispatch,learned_dispatch,12,12,1.0,True,potentially_collapsed
1.1,canonical_dispatch_benchmark_heavy,canonical_dispatch_heavy,high_fleet_density,high_fleet_density,89,congestion_aware_nearest_robot_task,trained_linear_model,heuristic_dispatch,learned_dispatch,12,12,1.0,True,potentially_collapsed
1.1,canonical_dispatch_benchmark_heavy,canonical_dispatch_heavy,high_fleet_density,high_fleet_density,89,congestion_aware_nearest_robot_task,trained_mlp_model,heuristic_dispatch,learned_dispatch,12,12,1.0,True,potentially_collapsed
1.1,canonical_dispatch_benchmark_heavy,canonical_dispatch_heavy,high_fleet_density,high_fleet_density,89,fifo,nearest_robot_task,heuristic_dispatch,heuristic_dispatch,12,12,0.75,False,distinct
1.1,canonical_dispatch_benchmark_heavy,canonical_dispatch_heavy,high_fleet_density,high_fleet_density,89,fifo,trained_graph_dispatch_model,heuristic_dispatch,learned_dispatch,12,12,0.75,False,distinct
1.1,canonical_dispatch_benchmark_heavy,canonical_dispatch_heavy,high_fleet_density,high_fleet_density,89,fifo,trained_linear_model,heuristic_dispatch,learned_dispatch,12,12,0.75,False,distinct
1.1,canonical_dispatch_benchmark_heavy,canonical_dispatch_heavy,high_fleet_density,high_fleet_density,89,fifo,trained_mlp_model,heuristic_dispatch,learned_dispatch,12,12,0.75,False,distinct
1.1,canonical_dispatch_benchmark_heavy,canonical_dispatch_heavy,high_fleet_density,high_fleet_density,89,nearest_robot_task,trained_graph_dispatch_model,heuristic_dispatch,learned_dispatch,12,12,1.0,True,potentially_collapsed
1.1,canonical_dispatch_benchmark_heavy,canonical_dispatch_heavy,high_fleet_density,high_fleet_density,89,nearest_robot_task,trained_linear_model,heuristic_dispatch,learned_dispatch,12,12,1.0,True,potentially_collapsed
1.1,canonical_dispatch_benchmark_heavy,canonical_dispatch_heavy,high_fleet_density,high_fleet_density,89,nearest_robot_task,trained_mlp_model,heuristic_dispatch,learned_dispatch,12,12,1.0,True,potentially_collapsed
1.1,canonical_dispatch_benchmark_heavy,canonical_dispatch_heavy,high_fleet_density,high_fleet_density,89,trained_graph_dispatch_model,trained_linear_model,learned_dispatch,learned_dispatch,12,12,1.0,True,potentially_collapsed
1.1,canonical_dispatch_benchmark_heavy,canonical_dispatch_heavy,high_fleet_density,high_fleet_density,89,trained_graph_dispatch_model,trained_mlp_model,learned_dispatch,learned_dispatch,12,12,1.0,True,potentially_collapsed
1.1,canonical_dispatch_benchmark_heavy,canonical_dispatch_heavy,high_fleet_density,high_fleet_density,89,trained_linear_model,trained_mlp_model,learned_dispatch,learned_dispatch,12,12,1.0,True,potentially_collapsed
1.1,canonical_dispatch_benchmark_heavy,canonical_dispatch_heavy,high_fleet_density,high_fleet_density,97,congestion_aware_nearest_robot_task,fifo,heuristic_dispatch,heuristic_dispatch,17,17,0.47058823529411764,False,distinct
1.1,canonical_dispatch_benchmark_heavy,canonical_dispatch_heavy,high_fleet_density,high_fleet_density,97,congestion_aware_nearest_robot_task,nearest_robot_task,heuristic_dispatch,heuristic_dispatch,17,17,1.0,True,potentially_collapsed
1.1,canonical_dispatch_benchmark_heavy,canonical_dispatch_heavy,high_fleet_density,high_fleet_density,97,congestion_aware_nearest_robot_task,trained_graph_dispatch_model,heuristic_dispatch,learned_dispatch,17,17,1.0,True,potentially_collapsed
1.1,canonical_dispatch_benchmark_heavy,canonical_dispatch_heavy,high_fleet_density,high_fleet_density,97,congestion_aware_nearest_robot_task,trained_linear_model,heuristic_dispatch,learned_dispatch,17,17,1.0,True,potentially_collapsed
1.1,canonical_dispatch_benchmark_heavy,canonical_dispatch_heavy,high_fleet_density,high_fleet_density,97,congestion_aware_nearest_robot_task,trained_mlp_model,heuristic_dispatch,learned_dispatch,17,17,1.0,True,potentially_collapsed
1.1,canonical_dispatch_benchmark_heavy,canonical_dispatch_heavy,high_fleet_density,high_fleet_density,97,fifo,nearest_robot_task,heuristic_dispatch,heuristic_dispatch,17,17,0.47058823529411764,False,distinct
1.1,canonical_dispatch_benchmark_heavy,canonical_dispatch_heavy,high_fleet_density,high_fleet_density,97,fifo,trained_graph_dispatch_model,heuristic_dispatch,learned_dispatch,17,17,0.47058823529411764,False,distinct
1.1,canonical_dispatch_benchmark_heavy,canonical_dispatch_heavy,high_fleet_density,high_fleet_density,97,fifo,trained_linear_model,heuristic_dispatch,learned_dispatch,17,17,0.47058823529411764,False,distinct
1.1,canonical_dispatch_benchmark_heavy,canonical_dispatch_heavy,high_fleet_density,high_fleet_density,97,fifo,trained_mlp_model,heuristic_dispatch,learned_dispatch,17,17,0.47058823529411764,False,distinct
1.1,canonical_dispatch_benchmark_heavy,canonical_dispatch_heavy,high_fleet_density,high_fleet_density,97,nearest_robot_task,trained_graph_dispatch_model,heuristic_dispatch,learned_dispatch,17,17,1.0,True,potentially_collapsed
1.1,canonical_dispatch_benchmark_heavy,canonical_dispatch_heavy,high_fleet_density,high_fleet_density,97,nearest_robot_task,trained_linear_model,heuristic_dispatch,learned_dispatch,17,17,1.0,True,potentially_collapsed
1.1,canonical_dispatch_benchmark_heavy,canonical_dispatch_heavy,high_fleet_density,high_fleet_density,97,nearest_robot_task,trained_mlp_model,heuristic_dispatch,learned_dispatch,17,17,1.0,True,potentially_collapsed
1.1,canonical_dispatch_benchmark_heavy,canonical_dispatch_heavy,high_fleet_density,high_fleet_density,97,trained_graph_dispatch_model,trained_linear_model,learned_dispatch,learned_dispatch,17,17,1.0,True,potentially_collapsed
1.1,canonical_dispatch_benchmark_heavy,canonical_dispatch_heavy,high_fleet_density,high_fleet_density,97,trained_graph_dispatch_model,trained_mlp_model,learned_dispatch,learned_dispatch,17,17,1.0,True,potentially_collapsed
1.1,canonical_dispatch_benchmark_heavy,canonical_dispatch_heavy,high_fleet_density,high_fleet_density,97,trained_linear_model,trained_mlp_model,learned_dispatch,learned_dispatch,17,17,1.0,True,potentially_collapsed
1.1,canonical_dispatch_benchmark_heavy,canonical_dispatch_heavy,high_fleet_density,high_fleet_density,101,congestion_aware_nearest_robot_task,fifo,heuristic_dispatch,heuristic_dispatch,6,6,0.5,False,distinct
1.1,canonical_dispatch_benchmark_heavy,canonical_dispatch_heavy,high_fleet_density,high_fleet_density,101,congestion_aware_nearest_robot_task,nearest_robot_task,heuristic_dispatch,heuristic_dispatch,6,6,1.0,True,potentially_collapsed
1.1,canonical_dispatch_benchmark_heavy,canonical_dispatch_heavy,high_fleet_density,high_fleet_density,101,congestion_aware_nearest_robot_task,trained_graph_dispatch_model,heuristic_dispatch,learned_dispatch,6,6,1.0,True,potentially_collapsed
1.1,canonical_dispatch_benchmark_heavy,canonical_dispatch_heavy,high_fleet_density,high_fleet_density,101,congestion_aware_nearest_robot_task,trained_linear_model,heuristic_dispatch,learned_dispatch,6,6,1.0,True,potentially_collapsed
1.1,canonical_dispatch_benchmark_heavy,canonical_dispatch_heavy,high_fleet_density,high_fleet_density,101,congestion_aware_nearest_robot_task,trained_mlp_model,heuristic_dispatch,learned_dispatch,6,6,1.0,True,potentially_collapsed
1.1,canonical_dispatch_benchmark_heavy,canonical_dispatch_heavy,high_fleet_density,high_fleet_density,101,fifo,nearest_robot_task,heuristic_dispatch,heuristic_dispatch,6,6,0.5,False,distinct
1.1,canonical_dispatch_benchmark_heavy,canonical_dispatch_heavy,high_fleet_density,high_fleet_density,101,fifo,trained_graph_dispatch_model,heuristic_dispatch,learned_dispatch,6,6,0.5,False,distinct
1.1,canonical_dispatch_benchmark_heavy,canonical_dispatch_heavy,high_fleet_density,high_fleet_density,101,fifo,trained_linear_model,heuristic_dispatch,learned_dispatch,6,6,0.5,False,distinct
1.1,canonical_dispatch_benchmark_heavy,canonical_dispatch_heavy,high_fleet_density,high_fleet_density,101,fifo,trained_mlp_model,heuristic_dispatch,learned_dispatch,6,6,0.5,False,distinct
1.1,canonical_dispatch_benchmark_heavy,canonical_dispatch_heavy,high_fleet_density,high_fleet_density,101,nearest_robot_task,trained_graph_dispatch_model,heuristic_dispatch,learned_dispatch,6,6,1.0,True,potentially_collapsed
1.1,canonical_dispatch_benchmark_heavy,canonical_dispatch_heavy,high_fleet_density,high_fleet_density,101,nearest_robot_task,trained_linear_model,heuristic_dispatch,learned_dispatch,6,6,1.0,True,potentially_collapsed
1.1,canonical_dispatch_benchmark_heavy,canonical_dispatch_heavy,high_fleet_density,high_fleet_density,101,nearest_robot_task,trained_mlp_model,heuristic_dispatch,learned_dispatch,6,6,1.0,True,potentially_collapsed
1.1,canonical_dispatch_benchmark_heavy,canonical_dispatch_heavy,high_fleet_density,high_fleet_density,101,trained_graph_dispatch_model,trained_linear_model,learned_dispatch,learned_dispatch,6,6,1.0,True,potentially_collapsed
1.1,canonical_dispatch_benchmark_heavy,canonical_dispatch_heavy,high_fleet_density,high_fleet_density,101,trained_graph_dispatch_model,trained_mlp_model,learned_dispatch,learned_dispatch,6,6,1.0,True,potentially_collapsed
1.1,canonical_dispatch_benchmark_heavy,canonical_dispatch_heavy,high_fleet_density,high_fleet_density,101,trained_linear_model,trained_mlp_model,learned_dispatch,learned_dispatch,6,6,1.0,True,potentially_collapsed
1.1,canonical_dispatch_benchmark_heavy,canonical_dispatch_heavy,high_fleet_density,high_fleet_density,103,congestion_aware_nearest_robot_task,fifo,heuristic_dispatch,heuristic_dispatch,15,15,0.6666666666666666,False,distinct
1.1,canonical_dispatch_benchmark_heavy,canonical_dispatch_heavy,high_fleet_density,high_fleet_density,103,congestion_aware_nearest_robot_task,nearest_robot_task,heuristic_dispatch,heuristic_dispatch,15,15,1.0,True,potentially_collapsed
1.1,canonical_dispatch_benchmark_heavy,canonical_dispatch_heavy,high_fleet_density,high_fleet_density,103,congestion_aware_nearest_robot_task,trained_graph_dispatch_model,heuristic_dispatch,learned_dispatch,15,15,1.0,True,potentially_collapsed
1.1,canonical_dispatch_benchmark_heavy,canonical_dispatch_heavy,high_fleet_density,high_fleet_density,103,congestion_aware_nearest_robot_task,trained_linear_model,heuristic_dispatch,learned_dispatch,15,15,1.0,True,potentially_collapsed
1.1,canonical_dispatch_benchmark_heavy,canonical_dispatch_heavy,high_fleet_density,high_fleet_density,103,congestion_aware_nearest_robot_task,trained_mlp_model,heuristic_dispatch,learned_dispatch,15,15,1.0,True,potentially_collapsed
1.1,canonical_dispatch_benchmark_heavy,canonical_dispatch_heavy,high_fleet_density,high_fleet_density,103,fifo,nearest_robot_task,heuristic_dispatch,heuristic_dispatch,15,15,0.6666666666666666,False,distinct
1.1,canonical_dispatch_benchmark_heavy,canonical_dispatch_heavy,high_fleet_density,high_fleet_density,103,fifo,trained_graph_dispatch_model,heuristic_dispatch,learned_dispatch,15,15,0.6666666666666666,False,distinct
1.1,canonical_dispatch_benchmark_heavy,canonical_dispatch_heavy,high_fleet_density,high_fleet_density,103,fifo,trained_linear_model,heuristic_dispatch,learned_dispatch,15,15,0.6666666666666666,False,distinct
1.1,canonical_dispatch_benchmark_heavy,canonical_dispatch_heavy,high_fleet_density,high_fleet_density,103,fifo,trained_mlp_model,heuristic_dispatch,learned_dispatch,15,15,0.6666666666666666,False,distinct
1.1,canonical_dispatch_benchmark_heavy,canonical_dispatch_heavy,high_fleet_density,high_fleet_density,103,nearest_robot_task,trained_graph_dispatch_model,heuristic_dispatch,learned_dispatch,15,15,1.0,True,potentially_collapsed
1.1,canonical_dispatch_benchmark_heavy,canonical_dispatch_heavy,high_fleet_density,high_fleet_density,103,nearest_robot_task,trained_linear_model,heuristic_dispatch,learned_dispatch,15,15,1.0,True,potentially_collapsed
1.1,canonical_dispatch_benchmark_heavy,canonical_dispatch_heavy,high_fleet_density,high_fleet_density,103,nearest_robot_task,trained_mlp_model,heuristic_dispatch,learned_dispatch,15,15,1.0,True,potentially_collapsed
1.1,canonical_dispatch_benchmark_heavy,canonical_dispatch_heavy,high_fleet_density,high_fleet_density,103,trained_graph_dispatch_model,trained_linear_model,learned_dispatch,learned_dispatch,15,15,1.0,True,potentially_collapsed
1.1,canonical_dispatch_benchmark_heavy,canonical_dispatch_heavy,high_fleet_density,high_fleet_density,103,trained_graph_dispatch_model,trained_mlp_model,learned_dispatch,learned_dispatch,15,15,1.0,True,potentially_collapsed
1.1,canonical_dispatch_benchmark_heavy,canonical_dispatch_heavy,high_fleet_density,high_fleet_density,103,trained_linear_model,trained_mlp_model,learned_dispatch,learned_dispatch,15,15,1.0,True,potentially_collapsed
1.1,canonical_dispatch_benchmark_heavy,canonical_dispatch_heavy,high_fleet_density,high_fleet_density,107,congestion_aware_nearest_robot_task,fifo,heuristic_dispatch,heuristic_dispatch,16,16,0.8125,False,distinct
1.1,canonical_dispatch_benchmark_heavy,canonical_dispatch_heavy,high_fleet_density,high_fleet_density,107,congestion_aware_nearest_robot_task,nearest_robot_task,heuristic_dispatch,heuristic_dispatch,16,16,1.0,True,potentially_collapsed
1.1,canonical_dispatch_benchmark_heavy,canonical_dispatch_heavy,high_fleet_density,high_fleet_density,107,congestion_aware_nearest_robot_task,trained_graph_dispatch_model,heuristic_dispatch,learned_dispatch,16,16,1.0,True,potentially_collapsed
1.1,canonical_dispatch_benchmark_heavy,canonical_dispatch_heavy,high_fleet_density,high_fleet_density,107,congestion_aware_nearest_robot_task,trained_linear_model,heuristic_dispatch,learned_dispatch,16,16,1.0,True,potentially_collapsed
1.1,canonical_dispatch_benchmark_heavy,canonical_dispatch_heavy,high_fleet_density,high_fleet_density,107,congestion_aware_nearest_robot_task,trained_mlp_model,heuristic_dispatch,learned_dispatch,16,16,1.0,True,potentially_collapsed
1.1,canonical_dispatch_benchmark_heavy,canonical_dispatch_heavy,high_fleet_density,high_fleet_density,107,fifo,nearest_robot_task,heuristic_dispatch,heuristic_dispatch,16,16,0.8125,False,distinct
1.1,canonical_dispatch_benchmark_heavy,canonical_dispatch_heavy,high_fleet_density,high_fleet_density,107,fifo,trained_graph_dispatch_model,heuristic_dispatch,learned_dispatch,16,16,0.8125,False,distinct
1.1,canonical_dispatch_benchmark_heavy,canonical_dispatch_heavy,high_fleet_density,high_fleet_density,107,fifo,trained_linear_model,heuristic_dispatch,learned_dispatch,16,16,0.8125,False,distinct
1.1,canonical_dispatch_benchmark_heavy,canonical_dispatch_heavy,high_fleet_density,high_fleet_density,107,fifo,trained_mlp_model,heuristic_dispatch,learned_dispatch,16,16,0.8125,False,distinct
1.1,canonical_dispatch_benchmark_heavy,canonical_dispatch_heavy,high_fleet_density,high_fleet_density,107,nearest_robot_task,trained_graph_dispatch_model,heuristic_dispatch,learned_dispatch,16,16,1.0,True,potentially_collapsed
1.1,canonical_dispatch_benchmark_heavy,canonical_dispatch_heavy,high_fleet_density,high_fleet_density,107,nearest_robot_task,trained_linear_model,heuristic_dispatch,learned_dispatch,16,16,1.0,True,potentially_collapsed
1.1,canonical_dispatch_benchmark_heavy,canonical_dispatch_heavy,high_fleet_density,high_fleet_density,107,nearest_robot_task,trained_mlp_model,heuristic_dispatch,learned_dispatch,16,16,1.0,True,potentially_collapsed
1.1,canonical_dispatch_benchmark_heavy,canonical_dispatch_heavy,high_fleet_density,high_fleet_density,107,trained_graph_dispatch_model,trained_linear_model,learned_dispatch,learned_dispatch,16,16,1.0,True,potentially_collapsed
1.1,canonical_dispatch_benchmark_heavy,canonical_dispatch_heavy,high_fleet_density,high_fleet_density,107,trained_graph_dispatch_model,trained_mlp_model,learned_dispatch,learned_dispatch,16,16,1.0,True,potentially_collapsed
1.1,canonical_dispatch_benchmark_heavy,canonical_dispatch_heavy,high_fleet_density,high_fleet_density,107,trained_linear_model,trained_mlp_model,learned_dispatch,learned_dispatch,16,16,1.0,True,potentially_collapsed
1.1,canonical_dispatch_benchmark_heavy,canonical_dispatch_heavy,open_high_load,open_high_load,7,congestion_aware_nearest_robot_task,fifo,heuristic_dispatch,heuristic_dispatch,23,23,0.9130434782608695,False,distinct
1.1,canonical_dispatch_benchmark_heavy,canonical_dispatch_heavy,open_high_load,open_high_load,7,congestion_aware_nearest_robot_task,nearest_robot_task,heuristic_dispatch,heuristic_dispatch,23,23,1.0,True,potentially_collapsed
1.1,canonical_dispatch_benchmark_heavy,canonical_dispatch_heavy,open_high_load,open_high_load,7,congestion_aware_nearest_robot_task,trained_graph_dispatch_model,heuristic_dispatch,learned_dispatch,23,23,0.5217391304347826,False,distinct
1.1,canonical_dispatch_benchmark_heavy,canonical_dispatch_heavy,open_high_load,open_high_load,7,congestion_aware_nearest_robot_task,trained_linear_model,heuristic_dispatch,learned_dispatch,23,23,1.0,True,potentially_collapsed
1.1,canonical_dispatch_benchmark_heavy,canonical_dispatch_heavy,open_high_load,open_high_load,7,congestion_aware_nearest_robot_task,trained_mlp_model,heuristic_dispatch,learned_dispatch,23,23,0.17391304347826086,False,distinct
1.1,canonical_dispatch_benchmark_heavy,canonical_dispatch_heavy,open_high_load,open_high_load,7,fifo,nearest_robot_task,heuristic_dispatch,heuristic_dispatch,23,23,0.9130434782608695,False,distinct
1.1,canonical_dispatch_benchmark_heavy,canonical_dispatch_heavy,open_high_load,open_high_load,7,fifo,trained_graph_dispatch_model,heuristic_dispatch,learned_dispatch,23,23,0.43478260869565216,False,distinct
1.1,canonical_dispatch_benchmark_heavy,canonical_dispatch_heavy,open_high_load,open_high_load,7,fifo,trained_linear_model,heuristic_dispatch,learned_dispatch,23,23,0.9130434782608695,False,distinct
1.1,canonical_dispatch_benchmark_heavy,canonical_dispatch_heavy,open_high_load,open_high_load,7,fifo,trained_mlp_model,heuristic_dispatch,learned_dispatch,23,23,0.08695652173913043,False,distinct
1.1,canonical_dispatch_benchmark_heavy,canonical_dispatch_heavy,open_high_load,open_high_load,7,nearest_robot_task,trained_graph_dispatch_model,heuristic_dispatch,learned_dispatch,23,23,0.5217391304347826,False,distinct
1.1,canonical_dispatch_benchmark_heavy,canonical_dispatch_heavy,open_high_load,open_high_load,7,nearest_robot_task,trained_linear_model,heuristic_dispatch,learned_dispatch,23,23,1.0,True,potentially_collapsed
1.1,canonical_dispatch_benchmark_heavy,canonical_dispatch_heavy,open_high_load,open_high_load,7,nearest_robot_task,trained_mlp_model,heuristic_dispatch,learned_dispatch,23,23,0.17391304347826086,False,distinct
1.1,canonical_dispatch_benchmark_heavy,canonical_dispatch_heavy,open_high_load,open_high_load,7,trained_graph_dispatch_model,trained_linear_model,learned_dispatch,learned_dispatch,23,23,0.5217391304347826,False,distinct
1.1,canonical_dispatch_benchmark_heavy,canonical_dispatch_heavy,open_high_load,open_high_load,7,trained_graph_dispatch_model,trained_mlp_model,learned_dispatch,learned_dispatch,23,23,0.30434782608695654,False,distinct
1.1,canonical_dispatch_benchmark_heavy,canonical_dispatch_heavy,open_high_load,open_high_load,7,trained_linear_model,trained_mlp_model,learned_dispatch,learned_dispatch,23,23,0.17391304347826086,False,distinct
1.1,canonical_dispatch_benchmark_heavy,canonical_dispatch_heavy,open_high_load,open_high_load,11,congestion_aware_nearest_robot_task,fifo,heuristic_dispatch,heuristic_dispatch,21,21,0.7619047619047619,False,distinct
1.1,canonical_dispatch_benchmark_heavy,canonical_dispatch_heavy,open_high_load,open_high_load,11,congestion_aware_nearest_robot_task,nearest_robot_task,heuristic_dispatch,heuristic_dispatch,21,21,1.0,True,potentially_collapsed
1.1,canonical_dispatch_benchmark_heavy,canonical_dispatch_heavy,open_high_load,open_high_load,11,congestion_aware_nearest_robot_task,trained_graph_dispatch_model,heuristic_dispatch,learned_dispatch,21,21,0.5714285714285714,False,distinct
1.1,canonical_dispatch_benchmark_heavy,canonical_dispatch_heavy,open_high_load,open_high_load,11,congestion_aware_nearest_robot_task,trained_linear_model,heuristic_dispatch,learned_dispatch,21,21,1.0,True,potentially_collapsed
1.1,canonical_dispatch_benchmark_heavy,canonical_dispatch_heavy,open_high_load,open_high_load,11,congestion_aware_nearest_robot_task,trained_mlp_model,heuristic_dispatch,learned_dispatch,21,21,0.3333333333333333,False,distinct
1.1,canonical_dispatch_benchmark_heavy,canonical_dispatch_heavy,open_high_load,open_high_load,11,fifo,nearest_robot_task,heuristic_dispatch,heuristic_dispatch,21,21,0.7619047619047619,False,distinct
1.1,canonical_dispatch_benchmark_heavy,canonical_dispatch_heavy,open_high_load,open_high_load,11,fifo,trained_graph_dispatch_model,heuristic_dispatch,learned_dispatch,21,21,0.38095238095238093,False,distinct
1.1,canonical_dispatch_benchmark_heavy,canonical_dispatch_heavy,open_high_load,open_high_load,11,fifo,trained_linear_model,heuristic_dispatch,learned_dispatch,21,21,0.7619047619047619,False,distinct
1.1,canonical_dispatch_benchmark_heavy,canonical_dispatch_heavy,open_high_load,open_high_load,11,fifo,trained_mlp_model,heuristic_dispatch,learned_dispatch,21,21,0.09523809523809523,False,distinct
1.1,canonical_dispatch_benchmark_heavy,canonical_dispatch_heavy,open_high_load,open_high_load,11,nearest_robot_task,trained_graph_dispatch_model,heuristic_dispatch,learned_dispatch,21,21,0.5714285714285714,False,distinct
1.1,canonical_dispatch_benchmark_heavy,canonical_dispatch_heavy,open_high_load,open_high_load,11,nearest_robot_task,trained_linear_model,heuristic_dispatch,learned_dispatch,21,21,1.0,True,potentially_collapsed
1.1,canonical_dispatch_benchmark_heavy,canonical_dispatch_heavy,open_high_load,open_high_load,11,nearest_robot_task,trained_mlp_model,heuristic_dispatch,learned_dispatch,21,21,0.3333333333333333,False,distinct
1.1,canonical_dispatch_benchmark_heavy,canonical_dispatch_heavy,open_high_load,open_high_load,11,trained_graph_dispatch_model,trained_linear_model,learned_dispatch,learned_dispatch,21,21,0.5714285714285714,False,distinct
1.1,canonical_dispatch_benchmark_heavy,canonical_dispatch_heavy,open_high_load,open_high_load,11,trained_graph_dispatch_model,trained_mlp_model,learned_dispatch,learned_dispatch,21,21,0.23809523809523808,False,distinct
1.1,canonical_dispatch_benchmark_heavy,canonical_dispatch_heavy,open_high_load,open_high_load,11,trained_linear_model,trained_mlp_model,learned_dispatch,learned_dispatch,21,21,0.3333333333333333,False,distinct
1.1,canonical_dispatch_benchmark_heavy,canonical_dispatch_heavy,open_high_load,open_high_load,13,congestion_aware_nearest_robot_task,fifo,heuristic_dispatch,heuristic_dispatch,22,22,0.7727272727272727,False,distinct
1.1,canonical_dispatch_benchmark_heavy,canonical_dispatch_heavy,open_high_load,open_high_load,13,congestion_aware_nearest_robot_task,nearest_robot_task,heuristic_dispatch,heuristic_dispatch,22,22,1.0,True,potentially_collapsed
1.1,canonical_dispatch_benchmark_heavy,canonical_dispatch_heavy,open_high_load,open_high_load,13,congestion_aware_nearest_robot_task,trained_graph_dispatch_model,heuristic_dispatch,learned_dispatch,22,22,0.5,False,distinct
1.1,canonical_dispatch_benchmark_heavy,canonical_dispatch_heavy,open_high_load,open_high_load,13,congestion_aware_nearest_robot_task,trained_linear_model,heuristic_dispatch,learned_dispatch,22,22,1.0,True,potentially_collapsed
1.1,canonical_dispatch_benchmark_heavy,canonical_dispatch_heavy,open_high_load,open_high_load,13,congestion_aware_nearest_robot_task,trained_mlp_model,heuristic_dispatch,learned_dispatch,22,22,0.45454545454545453,False,distinct
1.1,canonical_dispatch_benchmark_heavy,canonical_dispatch_heavy,open_high_load,open_high_load,13,fifo,nearest_robot_task,heuristic_dispatch,heuristic_dispatch,22,22,0.7727272727272727,False,distinct
1.1,canonical_dispatch_benchmark_heavy,canonical_dispatch_heavy,open_high_load,open_high_load,13,fifo,trained_graph_dispatch_model,heuristic_dispatch,learned_dispatch,22,22,0.2727272727272727,False,distinct
1.1,canonical_dispatch_benchmark_heavy,canonical_dispatch_heavy,open_high_load,open_high_load,13,fifo,trained_linear_model,heuristic_dispatch,learned_dispatch,22,22,0.7727272727272727,False,distinct
1.1,canonical_dispatch_benchmark_heavy,canonical_dispatch_heavy,open_high_load,open_high_load,13,fifo,trained_mlp_model,heuristic_dispatch,learned_dispatch,22,22,0.22727272727272727,False,distinct
1.1,canonical_dispatch_benchmark_heavy,canonical_dispatch_heavy,open_high_load,open_high_load,13,nearest_robot_task,trained_graph_dispatch_model,heuristic_dispatch,learned_dispatch,22,22,0.5,False,distinct
1.1,canonical_dispatch_benchmark_heavy,canonical_dispatch_heavy,open_high_load,open_high_load,13,nearest_robot_task,trained_linear_model,heuristic_dispatch,learned_dispatch,22,22,1.0,True,potentially_collapsed
1.1,canonical_dispatch_benchmark_heavy,canonical_dispatch_heavy,open_high_load,open_high_load,13,nearest_robot_task,trained_mlp_model,heuristic_dispatch,learned_dispatch,22,22,0.45454545454545453,False,distinct
1.1,canonical_dispatch_benchmark_heavy,canonical_dispatch_heavy,open_high_load,open_high_load,13,trained_graph_dispatch_model,trained_linear_model,learned_dispatch,learned_dispatch,22,22,0.5,False,distinct
1.1,canonical_dispatch_benchmark_heavy,canonical_dispatch_heavy,open_high_load,open_high_load,13,trained_graph_dispatch_model,trained_mlp_model,learned_dispatch,learned_dispatch,22,22,0.2727272727272727,False,distinct
1.1,canonical_dispatch_benchmark_heavy,canonical_dispatch_heavy,open_high_load,open_high_load,13,trained_linear_model,trained_mlp_model,learned_dispatch,learned_dispatch,22,22,0.45454545454545453,False,distinct
1.1,canonical_dispatch_benchmark_heavy,canonical_dispatch_heavy,open_high_load,open_high_load,17,congestion_aware_nearest_robot_task,fifo,heuristic_dispatch,heuristic_dispatch,30,30,1.0,True,potentially_collapsed
1.1,canonical_dispatch_benchmark_heavy,canonical_dispatch_heavy,open_high_load,open_high_load,17,congestion_aware_nearest_robot_task,nearest_robot_task,heuristic_dispatch,heuristic_dispatch,30,30,1.0,True,potentially_collapsed
1.1,canonical_dispatch_benchmark_heavy,canonical_dispatch_heavy,open_high_load,open_high_load,17,congestion_aware_nearest_robot_task,trained_graph_dispatch_model,heuristic_dispatch,learned_dispatch,30,30,0.4,False,distinct
1.1,canonical_dispatch_benchmark_heavy,canonical_dispatch_heavy,open_high_load,open_high_load,17,congestion_aware_nearest_robot_task,trained_linear_model,heuristic_dispatch,learned_dispatch,30,30,1.0,True,potentially_collapsed
1.1,canonical_dispatch_benchmark_heavy,canonical_dispatch_heavy,open_high_load,open_high_load,17,congestion_aware_nearest_robot_task,trained_mlp_model,heuristic_dispatch,learned_dispatch,30,30,0.26666666666666666,False,distinct
1.1,canonical_dispatch_benchmark_heavy,canonical_dispatch_heavy,open_high_load,open_high_load,17,fifo,nearest_robot_task,heuristic_dispatch,heuristic_dispatch,30,30,1.0,True,potentially_collapsed
1.1,canonical_dispatch_benchmark_heavy,canonical_dispatch_heavy,open_high_load,open_high_load,17,fifo,trained_graph_dispatch_model,heuristic_dispatch,learned_dispatch,30,30,0.4,False,distinct
1.1,canonical_dispatch_benchmark_heavy,canonical_dispatch_heavy,open_high_load,open_high_load,17,fifo,trained_linear_model,heuristic_dispatch,learned_dispatch,30,30,1.0,True,potentially_collapsed
1.1,canonical_dispatch_benchmark_heavy,canonical_dispatch_heavy,open_high_load,open_high_load,17,fifo,trained_mlp_model,heuristic_dispatch,learned_dispatch,30,30,0.26666666666666666,False,distinct
1.1,canonical_dispatch_benchmark_heavy,canonical_dispatch_heavy,open_high_load,open_high_load,17,nearest_robot_task,trained_graph_dispatch_model,heuristic_dispatch,learned_dispatch,30,30,0.4,False,distinct
1.1,canonical_dispatch_benchmark_heavy,canonical_dispatch_heavy,open_high_load,open_high_load,17,nearest_robot_task,trained_linear_model,heuristic_dispatch,learned_dispatch,30,30,1.0,True,potentially_collapsed
1.1,canonical_dispatch_benchmark_heavy,canonical_dispatch_heavy,open_high_load,open_high_load,17,nearest_robot_task,trained_mlp_model,heuristic_dispatch,learned_dispatch,30,30,0.26666666666666666,False,distinct
1.1,canonical_dispatch_benchmark_heavy,canonical_dispatch_heavy,open_high_load,open_high_load,17,trained_graph_dispatch_model,trained_linear_model,learned_dispatch,learned_dispatch,30,30,0.4,False,distinct
1.1,canonical_dispatch_benchmark_heavy,canonical_dispatch_heavy,open_high_load,open_high_load,17,trained_graph_dispatch_model,trained_mlp_model,learned_dispatch,learned_dispatch,30,30,0.5,False,distinct
1.1,canonical_dispatch_benchmark_heavy,canonical_dispatch_heavy,open_high_load,open_high_load,17,trained_linear_model,trained_mlp_model,learned_dispatch,learned_dispatch,30,30,0.26666666666666666,False,distinct
1.1,canonical_dispatch_benchmark_heavy,canonical_dispatch_heavy,open_high_load,open_high_load,19,congestion_aware_nearest_robot_task,fifo,heuristic_dispatch,heuristic_dispatch,16,16,0.75,False,distinct
1.1,canonical_dispatch_benchmark_heavy,canonical_dispatch_heavy,open_high_load,open_high_load,19,congestion_aware_nearest_robot_task,nearest_robot_task,heuristic_dispatch,heuristic_dispatch,16,16,1.0,True,potentially_collapsed
1.1,canonical_dispatch_benchmark_heavy,canonical_dispatch_heavy,open_high_load,open_high_load,19,congestion_aware_nearest_robot_task,trained_graph_dispatch_model,heuristic_dispatch,learned_dispatch,16,16,0.6875,False,distinct
1.1,canonical_dispatch_benchmark_heavy,canonical_dispatch_heavy,open_high_load,open_high_load,19,congestion_aware_nearest_robot_task,trained_linear_model,heuristic_dispatch,learned_dispatch,16,16,1.0,True,potentially_collapsed
1.1,canonical_dispatch_benchmark_heavy,canonical_dispatch_heavy,open_high_load,open_high_load,19,congestion_aware_nearest_robot_task,trained_mlp_model,heuristic_dispatch,learned_dispatch,16,16,0.4375,False,distinct
1.1,canonical_dispatch_benchmark_heavy,canonical_dispatch_heavy,open_high_load,open_high_load,19,fifo,nearest_robot_task,heuristic_dispatch,heuristic_dispatch,16,16,0.75,False,distinct
1.1,canonical_dispatch_benchmark_heavy,canonical_dispatch_heavy,open_high_load,open_high_load,19,fifo,trained_graph_dispatch_model,heuristic_dispatch,learned_dispatch,16,16,0.4375,False,distinct
1.1,canonical_dispatch_benchmark_heavy,canonical_dispatch_heavy,open_high_load,open_high_load,19,fifo,trained_linear_model,heuristic_dispatch,learned_dispatch,16,16,0.75,False,distinct
1.1,canonical_dispatch_benchmark_heavy,canonical_dispatch_heavy,open_high_load,open_high_load,19,fifo,trained_mlp_model,heuristic_dispatch,learned_dispatch,16,16,0.25,False,distinct
1.1,canonical_dispatch_benchmark_heavy,canonical_dispatch_heavy,open_high_load,open_high_load,19,nearest_robot_task,trained_graph_dispatch_model,heuristic_dispatch,learned_dispatch,16,16,0.6875,False,distinct
1.1,canonical_dispatch_benchmark_heavy,canonical_dispatch_heavy,open_high_load,open_high_load,19,nearest_robot_task,trained_linear_model,heuristic_dispatch,learned_dispatch,16,16,1.0,True,potentially_collapsed
1.1,canonical_dispatch_benchmark_heavy,canonical_dispatch_heavy,open_high_load,open_high_load,19,nearest_robot_task,trained_mlp_model,heuristic_dispatch,learned_dispatch,16,16,0.4375,False,distinct
1.1,canonical_dispatch_benchmark_heavy,canonical_dispatch_heavy,open_high_load,open_high_load,19,trained_graph_dispatch_model,trained_linear_model,learned_dispatch,learned_dispatch,16,16,0.6875,False,distinct
1.1,canonical_dispatch_benchmark_heavy,canonical_dispatch_heavy,open_high_load,open_high_load,19,trained_graph_dispatch_model,trained_mlp_model,learned_dispatch,learned_dispatch,16,16,0.3125,False,distinct
1.1,canonical_dispatch_benchmark_heavy,canonical_dispatch_heavy,open_high_load,open_high_load,19,trained_linear_model,trained_mlp_model,learned_dispatch,learned_dispatch,16,16,0.4375,False,distinct
1.1,canonical_dispatch_benchmark_heavy,canonical_dispatch_heavy,open_high_load,open_high_load,23,congestion_aware_nearest_robot_task,fifo,heuristic_dispatch,heuristic_dispatch,19,19,0.7368421052631579,False,distinct
1.1,canonical_dispatch_benchmark_heavy,canonical_dispatch_heavy,open_high_load,open_high_load,23,congestion_aware_nearest_robot_task,nearest_robot_task,heuristic_dispatch,heuristic_dispatch,19,19,1.0,True,potentially_collapsed
1.1,canonical_dispatch_benchmark_heavy,canonical_dispatch_heavy,open_high_load,open_high_load,23,congestion_aware_nearest_robot_task,trained_graph_dispatch_model,heuristic_dispatch,learned_dispatch,19,19,0.7894736842105263,False,distinct
1.1,canonical_dispatch_benchmark_heavy,canonical_dispatch_heavy,open_high_load,open_high_load,23,congestion_aware_nearest_robot_task,trained_linear_model,heuristic_dispatch,learned_dispatch,19,19,1.0,True,potentially_collapsed
1.1,canonical_dispatch_benchmark_heavy,canonical_dispatch_heavy,open_high_load,open_high_load,23,congestion_aware_nearest_robot_task,trained_mlp_model,heuristic_dispatch,learned_dispatch,19,19,0.5263157894736842,False,distinct
1.1,canonical_dispatch_benchmark_heavy,canonical_dispatch_heavy,open_high_load,open_high_load,23,fifo,nearest_robot_task,heuristic_dispatch,heuristic_dispatch,19,19,0.7368421052631579,False,distinct
1.1,canonical_dispatch_benchmark_heavy,canonical_dispatch_heavy,open_high_load,open_high_load,23,fifo,trained_graph_dispatch_model,heuristic_dispatch,learned_dispatch,19,19,0.5263157894736842,False,distinct
1.1,canonical_dispatch_benchmark_heavy,canonical_dispatch_heavy,open_high_load,open_high_load,23,fifo,trained_linear_model,heuristic_dispatch,learned_dispatch,19,19,0.7368421052631579,False,distinct
1.1,canonical_dispatch_benchmark_heavy,canonical_dispatch_heavy,open_high_load,open_high_load,23,fifo,trained_mlp_model,heuristic_dispatch,learned_dispatch,19,19,0.2631578947368421,False,distinct
1.1,canonical_dispatch_benchmark_heavy,canonical_dispatch_heavy,open_high_load,open_high_load,23,nearest_robot_task,trained_graph_dispatch_model,heuristic_dispatch,learned_dispatch,19,19,0.7894736842105263,False,distinct
1.1,canonical_dispatch_benchmark_heavy,canonical_dispatch_heavy,open_high_load,open_high_load,23,nearest_robot_task,trained_linear_model,heuristic_dispatch,learned_dispatch,19,19,1.0,True,potentially_collapsed
1.1,canonical_dispatch_benchmark_heavy,canonical_dispatch_heavy,open_high_load,open_high_load,23,nearest_robot_task,trained_mlp_model,heuristic_dispatch,learned_dispatch,19,19,0.5263157894736842,False,distinct
1.1,canonical_dispatch_benchmark_heavy,canonical_dispatch_heavy,open_high_load,open_high_load,23,trained_graph_dispatch_model,trained_linear_model,learned_dispatch,learned_dispatch,19,19,0.7894736842105263,False,distinct
1.1,canonical_dispatch_benchmark_heavy,canonical_dispatch_heavy,open_high_load,open_high_load,23,trained_graph_dispatch_model,trained_mlp_model,learned_dispatch,learned_dispatch,19,19,0.42105263157894735,False,distinct
1.1,canonical_dispatch_benchmark_heavy,canonical_dispatch_heavy,open_high_load,open_high_load,23,trained_linear_model,trained_mlp_model,learned_dispatch,learned_dispatch,19,19,0.5263157894736842,False,distinct
1.1,canonical_dispatch_benchmark_heavy,canonical_dispatch_heavy,open_high_load,open_high_load,29,congestion_aware_nearest_robot_task,fifo,heuristic_dispatch,heuristic_dispatch,27,27,0.8518518518518519,False,distinct
1.1,canonical_dispatch_benchmark_heavy,canonical_dispatch_heavy,open_high_load,open_high_load,29,congestion_aware_nearest_robot_task,nearest_robot_task,heuristic_dispatch,heuristic_dispatch,27,27,1.0,True,potentially_collapsed
1.1,canonical_dispatch_benchmark_heavy,canonical_dispatch_heavy,open_high_load,open_high_load,29,congestion_aware_nearest_robot_task,trained_graph_dispatch_model,heuristic_dispatch,learned_dispatch,27,27,0.48148148148148145,False,distinct
1.1,canonical_dispatch_benchmark_heavy,canonical_dispatch_heavy,open_high_load,open_high_load,29,congestion_aware_nearest_robot_task,trained_linear_model,heuristic_dispatch,learned_dispatch,27,27,1.0,True,potentially_collapsed
1.1,canonical_dispatch_benchmark_heavy,canonical_dispatch_heavy,open_high_load,open_high_load,29,congestion_aware_nearest_robot_task,trained_mlp_model,heuristic_dispatch,learned_dispatch,27,27,1.0,True,potentially_collapsed
1.1,canonical_dispatch_benchmark_heavy,canonical_dispatch_heavy,open_high_load,open_high_load,29,fifo,nearest_robot_task,heuristic_dispatch,heuristic_dispatch,27,27,0.8518518518518519,False,distinct
1.1,canonical_dispatch_benchmark_heavy,canonical_dispatch_heavy,open_high_load,open_high_load,29,fifo,trained_graph_dispatch_model,heuristic_dispatch,learned_dispatch,27,27,0.37037037037037035,False,distinct
1.1,canonical_dispatch_benchmark_heavy,canonical_dispatch_heavy,open_high_load,open_high_load,29,fifo,trained_linear_model,heuristic_dispatch,learned_dispatch,27,27,0.8518518518518519,False,distinct
1.1,canonical_dispatch_benchmark_heavy,canonical_dispatch_heavy,open_high_load,open_high_load,29,fifo,trained_mlp_model,heuristic_dispatch,learned_dispatch,27,27,0.8518518518518519,False,distinct
1.1,canonical_dispatch_benchmark_heavy,canonical_dispatch_heavy,open_high_load,open_high_load,29,nearest_robot_task,trained_graph_dispatch_model,heuristic_dispatch,learned_dispatch,27,27,0.48148148148148145,False,distinct
1.1,canonical_dispatch_benchmark_heavy,canonical_dispatch_heavy,open_high_load,open_high_load,29,nearest_robot_task,trained_linear_model,heuristic_dispatch,learned_dispatch,27,27,1.0,True,potentially_collapsed
1.1,canonical_dispatch_benchmark_heavy,canonical_dispatch_heavy,open_high_load,open_high_load,29,nearest_robot_task,trained_mlp_model,heuristic_dispatch,learned_dispatch,27,27,1.0,True,potentially_collapsed
1.1,canonical_dispatch_benchmark_heavy,canonical_dispatch_heavy,open_high_load,open_high_load,29,trained_graph_dispatch_model,trained_linear_model,learned_dispatch,learned_dispatch,27,27,0.48148148148148145,False,distinct
1.1,canonical_dispatch_benchmark_heavy,canonical_dispatch_heavy,open_high_load,open_high_load,29,trained_graph_dispatch_model,trained_mlp_model,learned_dispatch,learned_dispatch,27,27,0.48148148148148145,False,distinct
1.1,canonical_dispatch_benchmark_heavy,canonical_dispatch_heavy,open_high_load,open_high_load,29,trained_linear_model,trained_mlp_model,learned_dispatch,learned_dispatch,27,27,1.0,True,potentially_collapsed
1.1,canonical_dispatch_benchmark_heavy,canonical_dispatch_heavy,open_high_load,open_high_load,31,congestion_aware_nearest_robot_task,fifo,heuristic_dispatch,heuristic_dispatch,19,19,0.8421052631578947,False,distinct
1.1,canonical_dispatch_benchmark_heavy,canonical_dispatch_heavy,open_high_load,open_high_load,31,congestion_aware_nearest_robot_task,nearest_robot_task,heuristic_dispatch,heuristic_dispatch,19,19,1.0,True,potentially_collapsed
1.1,canonical_dispatch_benchmark_heavy,canonical_dispatch_heavy,open_high_load,open_high_load,31,congestion_aware_nearest_robot_task,trained_graph_dispatch_model,heuristic_dispatch,learned_dispatch,19,19,0.631578947368421,False,distinct
1.1,canonical_dispatch_benchmark_heavy,canonical_dispatch_heavy,open_high_load,open_high_load,31,congestion_aware_nearest_robot_task,trained_linear_model,heuristic_dispatch,learned_dispatch,19,19,1.0,True,potentially_collapsed
1.1,canonical_dispatch_benchmark_heavy,canonical_dispatch_heavy,open_high_load,open_high_load,31,congestion_aware_nearest_robot_task,trained_mlp_model,heuristic_dispatch,learned_dispatch,19,19,0.21052631578947367,False,distinct
1.1,canonical_dispatch_benchmark_heavy,canonical_dispatch_heavy,open_high_load,open_high_load,31,fifo,nearest_robot_task,heuristic_dispatch,heuristic_dispatch,19,19,0.8421052631578947,False,distinct
1.1,canonical_dispatch_benchmark_heavy,canonical_dispatch_heavy,open_high_load,open_high_load,31,fifo,trained_graph_dispatch_model,heuristic_dispatch,learned_dispatch,19,19,0.47368421052631576,False,distinct
1.1,canonical_dispatch_benchmark_heavy,canonical_dispatch_heavy,open_high_load,open_high_load,31,fifo,trained_linear_model,heuristic_dispatch,learned_dispatch,19,19,0.8421052631578947,False,distinct
1.1,canonical_dispatch_benchmark_heavy,canonical_dispatch_heavy,open_high_load,open_high_load,31,fifo,trained_mlp_model,heuristic_dispatch,learned_dispatch,19,19,0.05263157894736842,False,distinct
1.1,canonical_dispatch_benchmark_heavy,canonical_dispatch_heavy,open_high_load,open_high_load,31,nearest_robot_task,trained_graph_dispatch_model,heuristic_dispatch,learned_dispatch,19,19,0.631578947368421,False,distinct
1.1,canonical_dispatch_benchmark_heavy,canonical_dispatch_heavy,open_high_load,open_high_load,31,nearest_robot_task,trained_linear_model,heuristic_dispatch,learned_dispatch,19,19,1.0,True,potentially_collapsed
1.1,canonical_dispatch_benchmark_heavy,canonical_dispatch_heavy,open_high_load,open_high_load,31,nearest_robot_task,trained_mlp_model,heuristic_dispatch,learned_dispatch,19,19,0.21052631578947367,False,distinct
1.1,canonical_dispatch_benchmark_heavy,canonical_dispatch_heavy,open_high_load,open_high_load,31,trained_graph_dispatch_model,trained_linear_model,learned_dispatch,learned_dispatch,19,19,0.631578947368421,False,distinct
1.1,canonical_dispatch_benchmark_heavy,canonical_dispatch_heavy,open_high_load,open_high_load,31,trained_graph_dispatch_model,trained_mlp_model,learned_dispatch,learned_dispatch,19,19,0.3157894736842105,False,distinct
1.1,canonical_dispatch_benchmark_heavy,canonical_dispatch_heavy,open_high_load,open_high_load,31,trained_linear_model,trained_mlp_model,learned_dispatch,learned_dispatch,19,19,0.21052631578947367,False,distinct
1.1,canonical_dispatch_benchmark_heavy,canonical_dispatch_heavy,open_high_load,open_high_load,37,congestion_aware_nearest_robot_task,fifo,heuristic_dispatch,heuristic_dispatch,20,20,0.9,False,distinct
1.1,canonical_dispatch_benchmark_heavy,canonical_dispatch_heavy,open_high_load,open_high_load,37,congestion_aware_nearest_robot_task,nearest_robot_task,heuristic_dispatch,heuristic_dispatch,20,20,1.0,True,potentially_collapsed
1.1,canonical_dispatch_benchmark_heavy,canonical_dispatch_heavy,open_high_load,open_high_load,37,congestion_aware_nearest_robot_task,trained_graph_dispatch_model,heuristic_dispatch,learned_dispatch,20,20,0.65,False,distinct
1.1,canonical_dispatch_benchmark_heavy,canonical_dispatch_heavy,open_high_load,open_high_load,37,congestion_aware_nearest_robot_task,trained_linear_model,heuristic_dispatch,learned_dispatch,20,20,1.0,True,potentially_collapsed
1.1,canonical_dispatch_benchmark_heavy,canonical_dispatch_heavy,open_high_load,open_high_load,37,congestion_aware_nearest_robot_task,trained_mlp_model,heuristic_dispatch,learned_dispatch,20,20,0.65,False,distinct
1.1,canonical_dispatch_benchmark_heavy,canonical_dispatch_heavy,open_high_load,open_high_load,37,fifo,nearest_robot_task,heuristic_dispatch,heuristic_dispatch,20,20,0.9,False,distinct
1.1,canonical_dispatch_benchmark_heavy,canonical_dispatch_heavy,open_high_load,open_high_load,37,fifo,trained_graph_dispatch_model,heuristic_dispatch,learned_dispatch,20,20,0.55,False,distinct
1.1,canonical_dispatch_benchmark_heavy,canonical_dispatch_heavy,open_high_load,open_high_load,37,fifo,trained_linear_model,heuristic_dispatch,learned_dispatch,20,20,0.9,False,distinct
1.1,canonical_dispatch_benchmark_heavy,canonical_dispatch_heavy,open_high_load,open_high_load,37,fifo,trained_mlp_model,heuristic_dispatch,learned_dispatch,20,20,0.55,False,distinct
1.1,canonical_dispatch_benchmark_heavy,canonical_dispatch_heavy,open_high_load,open_high_load,37,nearest_robot_task,trained_graph_dispatch_model,heuristic_dispatch,learned_dispatch,20,20,0.65,False,distinct
1.1,canonical_dispatch_benchmark_heavy,canonical_dispatch_heavy,open_high_load,open_high_load,37,nearest_robot_task,trained_linear_model,heuristic_dispatch,learned_dispatch,20,20,1.0,True,potentially_collapsed
1.1,canonical_dispatch_benchmark_heavy,canonical_dispatch_heavy,open_high_load,open_high_load,37,nearest_robot_task,trained_mlp_model,heuristic_dispatch,learned_dispatch,20,20,0.65,False,distinct
1.1,canonical_dispatch_benchmark_heavy,canonical_dispatch_heavy,open_high_load,open_high_load,37,trained_graph_dispatch_model,trained_linear_model,learned_dispatch,learned_dispatch,20,20,0.65,False,distinct
1.1,canonical_dispatch_benchmark_heavy,canonical_dispatch_heavy,open_high_load,open_high_load,37,trained_graph_dispatch_model,trained_mlp_model,learned_dispatch,learned_dispatch,20,20,0.85,False,distinct
1.1,canonical_dispatch_benchmark_heavy,canonical_dispatch_heavy,open_high_load,open_high_load,37,trained_linear_model,trained_mlp_model,learned_dispatch,learned_dispatch,20,20,0.65,False,distinct
1.1,canonical_dispatch_benchmark_heavy,canonical_dispatch_heavy,open_high_load,open_high_load,41,congestion_aware_nearest_robot_task,fifo,heuristic_dispatch,heuristic_dispatch,14,14,0.7857142857142857,False,distinct
1.1,canonical_dispatch_benchmark_heavy,canonical_dispatch_heavy,open_high_load,open_high_load,41,congestion_aware_nearest_robot_task,nearest_robot_task,heuristic_dispatch,heuristic_dispatch,14,14,1.0,True,potentially_collapsed
1.1,canonical_dispatch_benchmark_heavy,canonical_dispatch_heavy,open_high_load,open_high_load,41,congestion_aware_nearest_robot_task,trained_graph_dispatch_model,heuristic_dispatch,learned_dispatch,14,14,0.7142857142857143,False,distinct
1.1,canonical_dispatch_benchmark_heavy,canonical_dispatch_heavy,open_high_load,open_high_load,41,congestion_aware_nearest_robot_task,trained_linear_model,heuristic_dispatch,learned_dispatch,14,14,1.0,True,potentially_collapsed
1.1,canonical_dispatch_benchmark_heavy,canonical_dispatch_heavy,open_high_load,open_high_load,41,congestion_aware_nearest_robot_task,trained_mlp_model,heuristic_dispatch,learned_dispatch,14,14,1.0,True,potentially_collapsed
1.1,canonical_dispatch_benchmark_heavy,canonical_dispatch_heavy,open_high_load,open_high_load,41,fifo,nearest_robot_task,heuristic_dispatch,heuristic_dispatch,14,14,0.7857142857142857,False,distinct
1.1,canonical_dispatch_benchmark_heavy,canonical_dispatch_heavy,open_high_load,open_high_load,41,fifo,trained_graph_dispatch_model,heuristic_dispatch,learned_dispatch,14,14,0.5,False,distinct
1.1,canonical_dispatch_benchmark_heavy,canonical_dispatch_heavy,open_high_load,open_high_load,41,fifo,trained_linear_model,heuristic_dispatch,learned_dispatch,14,14,0.7857142857142857,False,distinct
1.1,canonical_dispatch_benchmark_heavy,canonical_dispatch_heavy,open_high_load,open_high_load,41,fifo,trained_mlp_model,heuristic_dispatch,learned_dispatch,14,14,0.7857142857142857,False,distinct
1.1,canonical_dispatch_benchmark_heavy,canonical_dispatch_heavy,open_high_load,open_high_load,41,nearest_robot_task,trained_graph_dispatch_model,heuristic_dispatch,learned_dispatch,14,14,0.7142857142857143,False,distinct
1.1,canonical_dispatch_benchmark_heavy,canonical_dispatch_heavy,open_high_load,open_high_load,41,nearest_robot_task,trained_linear_model,heuristic_dispatch,learned_dispatch,14,14,1.0,True,potentially_collapsed
1.1,canonical_dispatch_benchmark_heavy,canonical_dispatch_heavy,open_high_load,open_high_load,41,nearest_robot_task,trained_mlp_model,heuristic_dispatch,learned_dispatch,14,14,1.0,True,potentially_collapsed
1.1,canonical_dispatch_benchmark_heavy,canonical_dispatch_heavy,open_high_load,open_high_load,41,trained_graph_dispatch_model,trained_linear_model,learned_dispatch,learned_dispatch,14,14,0.7142857142857143,False,distinct
1.1,canonical_dispatch_benchmark_heavy,canonical_dispatch_heavy,open_high_load,open_high_load,41,trained_graph_dispatch_model,trained_mlp_model,learned_dispatch,learned_dispatch,14,14,0.7142857142857143,False,distinct
1.1,canonical_dispatch_benchmark_heavy,canonical_dispatch_heavy,open_high_load,open_high_load,41,trained_linear_model,trained_mlp_model,learned_dispatch,learned_dispatch,14,14,1.0,True,potentially_collapsed
1.1,canonical_dispatch_benchmark_heavy,canonical_dispatch_heavy,open_high_load,open_high_load,43,congestion_aware_nearest_robot_task,fifo,heuristic_dispatch,heuristic_dispatch,22,22,0.8636363636363636,False,distinct
1.1,canonical_dispatch_benchmark_heavy,canonical_dispatch_heavy,open_high_load,open_high_load,43,congestion_aware_nearest_robot_task,nearest_robot_task,heuristic_dispatch,heuristic_dispatch,22,22,1.0,True,potentially_collapsed
1.1,canonical_dispatch_benchmark_heavy,canonical_dispatch_heavy,open_high_load,open_high_load,43,congestion_aware_nearest_robot_task,trained_graph_dispatch_model,heuristic_dispatch,learned_dispatch,22,22,0.5,False,distinct
1.1,canonical_dispatch_benchmark_heavy,canonical_dispatch_heavy,open_high_load,open_high_load,43,congestion_aware_nearest_robot_task,trained_linear_model,heuristic_dispatch,learned_dispatch,22,22,1.0,True,potentially_collapsed
1.1,canonical_dispatch_benchmark_heavy,canonical_dispatch_heavy,open_high_load,open_high_load,43,congestion_aware_nearest_robot_task,trained_mlp_model,heuristic_dispatch,learned_dispatch,22,22,0.9090909090909091,False,distinct
1.1,canonical_dispatch_benchmark_heavy,canonical_dispatch_heavy,open_high_load,open_high_load,43,fifo,nearest_robot_task,heuristic_dispatch,heuristic_dispatch,22,22,0.8636363636363636,False,distinct
1.1,canonical_dispatch_benchmark_heavy,canonical_dispatch_heavy,open_high_load,open_high_load,43,fifo,trained_graph_dispatch_model,heuristic_dispatch,learned_dispatch,22,22,0.36363636363636365,False,distinct
1.1,canonical_dispatch_benchmark_heavy,canonical_dispatch_heavy,open_high_load,open_high_load,43,fifo,trained_linear_model,heuristic_dispatch,learned_dispatch,22,22,0.8636363636363636,False,distinct
1.1,canonical_dispatch_benchmark_heavy,canonical_dispatch_heavy,open_high_load,open_high_load,43,fifo,trained_mlp_model,heuristic_dispatch,learned_dispatch,22,22,0.7727272727272727,False,distinct
1.1,canonical_dispatch_benchmark_heavy,canonical_dispatch_heavy,open_high_load,open_high_load,43,nearest_robot_task,trained_graph_dispatch_model,heuristic_dispatch,learned_dispatch,22,22,0.5,False,distinct
1.1,canonical_dispatch_benchmark_heavy,canonical_dispatch_heavy,open_high_load,open_high_load,43,nearest_robot_task,trained_linear_model,heuristic_dispatch,learned_dispatch,22,22,1.0,True,potentially_collapsed
1.1,canonical_dispatch_benchmark_heavy,canonical_dispatch_heavy,open_high_load,open_high_load,43,nearest_robot_task,trained_mlp_model,heuristic_dispatch,learned_dispatch,22,22,0.9090909090909091,False,distinct
1.1,canonical_dispatch_benchmark_heavy,canonical_dispatch_heavy,open_high_load,open_high_load,43,trained_graph_dispatch_model,trained_linear_model,learned_dispatch,learned_dispatch,22,22,0.5,False,distinct
1.1,canonical_dispatch_benchmark_heavy,canonical_dispatch_heavy,open_high_load,open_high_load,43,trained_graph_dispatch_model,trained_mlp_model,learned_dispatch,learned_dispatch,22,22,0.45454545454545453,False,distinct
1.1,canonical_dispatch_benchmark_heavy,canonical_dispatch_heavy,open_high_load,open_high_load,43,trained_linear_model,trained_mlp_model,learned_dispatch,learned_dispatch,22,22,0.9090909090909091,False,distinct
1.1,canonical_dispatch_benchmark_heavy,canonical_dispatch_heavy,open_high_load,open_high_load,47,congestion_aware_nearest_robot_task,fifo,heuristic_dispatch,heuristic_dispatch,20,20,0.9,False,distinct
1.1,canonical_dispatch_benchmark_heavy,canonical_dispatch_heavy,open_high_load,open_high_load,47,congestion_aware_nearest_robot_task,nearest_robot_task,heuristic_dispatch,heuristic_dispatch,20,20,1.0,True,potentially_collapsed
1.1,canonical_dispatch_benchmark_heavy,canonical_dispatch_heavy,open_high_load,open_high_load,47,congestion_aware_nearest_robot_task,trained_graph_dispatch_model,heuristic_dispatch,learned_dispatch,20,20,0.45,False,distinct
1.1,canonical_dispatch_benchmark_heavy,canonical_dispatch_heavy,open_high_load,open_high_load,47,congestion_aware_nearest_robot_task,trained_linear_model,heuristic_dispatch,learned_dispatch,20,20,1.0,True,potentially_collapsed
1.1,canonical_dispatch_benchmark_heavy,canonical_dispatch_heavy,open_high_load,open_high_load,47,congestion_aware_nearest_robot_task,trained_mlp_model,heuristic_dispatch,learned_dispatch,20,20,0.35,False,distinct
1.1,canonical_dispatch_benchmark_heavy,canonical_dispatch_heavy,open_high_load,open_high_load,47,fifo,nearest_robot_task,heuristic_dispatch,heuristic_dispatch,20,20,0.9,False,distinct
1.1,canonical_dispatch_benchmark_heavy,canonical_dispatch_heavy,open_high_load,open_high_load,47,fifo,trained_graph_dispatch_model,heuristic_dispatch,learned_dispatch,20,20,0.35,False,distinct
1.1,canonical_dispatch_benchmark_heavy,canonical_dispatch_heavy,open_high_load,open_high_load,47,fifo,trained_linear_model,heuristic_dispatch,learned_dispatch,20,20,0.9,False,distinct
1.1,canonical_dispatch_benchmark_heavy,canonical_dispatch_heavy,open_high_load,open_high_load,47,fifo,trained_mlp_model,heuristic_dispatch,learned_dispatch,20,20,0.25,False,distinct
1.1,canonical_dispatch_benchmark_heavy,canonical_dispatch_heavy,open_high_load,open_high_load,47,nearest_robot_task,trained_graph_dispatch_model,heuristic_dispatch,learned_dispatch,20,20,0.45,False,distinct
1.1,canonical_dispatch_benchmark_heavy,canonical_dispatch_heavy,open_high_load,open_high_load,47,nearest_robot_task,trained_linear_model,heuristic_dispatch,learned_dispatch,20,20,1.0,True,potentially_collapsed
1.1,canonical_dispatch_benchmark_heavy,canonical_dispatch_heavy,open_high_load,open_high_load,47,nearest_robot_task,trained_mlp_model,heuristic_dispatch,learned_dispatch,20,20,0.35,False,distinct
1.1,canonical_dispatch_benchmark_heavy,canonical_dispatch_heavy,open_high_load,open_high_load,47,trained_graph_dispatch_model,trained_linear_model,learned_dispatch,learned_dispatch,20,20,0.45,False,distinct
1.1,canonical_dispatch_benchmark_heavy,canonical_dispatch_heavy,open_high_load,open_high_load,47,trained_graph_dispatch_model,trained_mlp_model,learned_dispatch,learned_dispatch,20,20,0.2,False,distinct
1.1,canonical_dispatch_benchmark_heavy,canonical_dispatch_heavy,open_high_load,open_high_load,47,trained_linear_model,trained_mlp_model,learned_dispatch,learned_dispatch,20,20,0.35,False,distinct
1.1,canonical_dispatch_benchmark_heavy,canonical_dispatch_heavy,open_high_load,open_high_load,53,congestion_aware_nearest_robot_task,fifo,heuristic_dispatch,heuristic_dispatch,21,21,0.5714285714285714,False,distinct
1.1,canonical_dispatch_benchmark_heavy,canonical_dispatch_heavy,open_high_load,open_high_load,53,congestion_aware_nearest_robot_task,nearest_robot_task,heuristic_dispatch,heuristic_dispatch,21,21,1.0,True,potentially_collapsed
1.1,canonical_dispatch_benchmark_heavy,canonical_dispatch_heavy,open_high_load,open_high_load,53,congestion_aware_nearest_robot_task,trained_graph_dispatch_model,heuristic_dispatch,learned_dispatch,21,21,0.5238095238095238,False,distinct
1.1,canonical_dispatch_benchmark_heavy,canonical_dispatch_heavy,open_high_load,open_high_load,53,congestion_aware_nearest_robot_task,trained_linear_model,heuristic_dispatch,learned_dispatch,21,21,1.0,True,potentially_collapsed
1.1,canonical_dispatch_benchmark_heavy,canonical_dispatch_heavy,open_high_load,open_high_load,53,congestion_aware_nearest_robot_task,trained_mlp_model,heuristic_dispatch,learned_dispatch,21,21,0.38095238095238093,False,distinct
1.1,canonical_dispatch_benchmark_heavy,canonical_dispatch_heavy,open_high_load,open_high_load,53,fifo,nearest_robot_task,heuristic_dispatch,heuristic_dispatch,21,21,0.5714285714285714,False,distinct
1.1,canonical_dispatch_benchmark_heavy,canonical_dispatch_heavy,open_high_load,open_high_load,53,fifo,trained_graph_dispatch_model,heuristic_dispatch,learned_dispatch,21,21,0.3333333333333333,False,distinct
1.1,canonical_dispatch_benchmark_heavy,canonical_dispatch_heavy,open_high_load,open_high_load,53,fifo,trained_linear_model,heuristic_dispatch,learned_dispatch,21,21,0.5714285714285714,False,distinct
1.1,canonical_dispatch_benchmark_heavy,canonical_dispatch_heavy,open_high_load,open_high_load,53,fifo,trained_mlp_model,heuristic_dispatch,learned_dispatch,21,21,0.047619047619047616,False,distinct
1.1,canonical_dispatch_benchmark_heavy,canonical_dispatch_heavy,open_high_load,open_high_load,53,nearest_robot_task,trained_graph_dispatch_model,heuristic_dispatch,learned_dispatch,21,21,0.5238095238095238,False,distinct
1.1,canonical_dispatch_benchmark_heavy,canonical_dispatch_heavy,open_high_load,open_high_load,53,nearest_robot_task,trained_linear_model,heuristic_dispatch,learned_dispatch,21,21,1.0,True,potentially_collapsed
1.1,canonical_dispatch_benchmark_heavy,canonical_dispatch_heavy,open_high_load,open_high_load,53,nearest_robot_task,trained_mlp_model,heuristic_dispatch,learned_dispatch,21,21,0.38095238095238093,False,distinct
1.1,canonical_dispatch_benchmark_heavy,canonical_dispatch_heavy,open_high_load,open_high_load,53,trained_graph_dispatch_model,trained_linear_model,learned_dispatch,learned_dispatch,21,21,0.5238095238095238,False,distinct
1.1,canonical_dispatch_benchmark_heavy,canonical_dispatch_heavy,open_high_load,open_high_load,53,trained_graph_dispatch_model,trained_mlp_model,learned_dispatch,learned_dispatch,21,21,0.3333333333333333,False,distinct
1.1,canonical_dispatch_benchmark_heavy,canonical_dispatch_heavy,open_high_load,open_high_load,53,trained_linear_model,trained_mlp_model,learned_dispatch,learned_dispatch,21,21,0.38095238095238093,False,distinct
1.1,canonical_dispatch_benchmark_heavy,canonical_dispatch_heavy,open_high_load,open_high_load,59,congestion_aware_nearest_robot_task,fifo,heuristic_dispatch,heuristic_dispatch,26,26,0.8461538461538461,False,distinct
1.1,canonical_dispatch_benchmark_heavy,canonical_dispatch_heavy,open_high_load,open_high_load,59,congestion_aware_nearest_robot_task,nearest_robot_task,heuristic_dispatch,heuristic_dispatch,26,26,1.0,True,potentially_collapsed
1.1,canonical_dispatch_benchmark_heavy,canonical_dispatch_heavy,open_high_load,open_high_load,59,congestion_aware_nearest_robot_task,trained_graph_dispatch_model,heuristic_dispatch,learned_dispatch,26,26,0.38461538461538464,False,distinct
1.1,canonical_dispatch_benchmark_heavy,canonical_dispatch_heavy,open_high_load,open_high_load,59,congestion_aware_nearest_robot_task,trained_linear_model,heuristic_dispatch,learned_dispatch,26,26,1.0,True,potentially_collapsed
1.1,canonical_dispatch_benchmark_heavy,canonical_dispatch_heavy,open_high_load,open_high_load,59,congestion_aware_nearest_robot_task,trained_mlp_model,heuristic_dispatch,learned_dispatch,26,26,0.34615384615384615,False,distinct
1.1,canonical_dispatch_benchmark_heavy,canonical_dispatch_heavy,open_high_load,open_high_load,59,fifo,nearest_robot_task,heuristic_dispatch,heuristic_dispatch,26,26,0.8461538461538461,False,distinct
1.1,canonical_dispatch_benchmark_heavy,canonical_dispatch_heavy,open_high_load,open_high_load,59,fifo,trained_graph_dispatch_model,heuristic_dispatch,learned_dispatch,26,26,0.3076923076923077,False,distinct
1.1,canonical_dispatch_benchmark_heavy,canonical_dispatch_heavy,open_high_load,open_high_load,59,fifo,trained_linear_model,heuristic_dispatch,learned_dispatch,26,26,0.8461538461538461,False,distinct
1.1,canonical_dispatch_benchmark_heavy,canonical_dispatch_heavy,open_high_load,open_high_load,59,fifo,trained_mlp_model,heuristic_dispatch,learned_dispatch,26,26,0.3076923076923077,False,distinct
1.1,canonical_dispatch_benchmark_heavy,canonical_dispatch_heavy,open_high_load,open_high_load,59,nearest_robot_task,trained_graph_dispatch_model,heuristic_dispatch,learned_dispatch,26,26,0.38461538461538464,False,distinct
1.1,canonical_dispatch_benchmark_heavy,canonical_dispatch_heavy,open_high_load,open_high_load,59,nearest_robot_task,trained_linear_model,heuristic_dispatch,learned_dispatch,26,26,1.0,True,potentially_collapsed
1.1,canonical_dispatch_benchmark_heavy,canonical_dispatch_heavy,open_high_load,open_high_load,59,nearest_robot_task,trained_mlp_model,heuristic_dispatch,learned_dispatch,26,26,0.34615384615384615,False,distinct
1.1,canonical_dispatch_benchmark_heavy,canonical_dispatch_heavy,open_high_load,open_high_load,59,trained_graph_dispatch_model,trained_linear_model,learned_dispatch,learned_dispatch,26,26,0.38461538461538464,False,distinct
1.1,canonical_dispatch_benchmark_heavy,canonical_dispatch_heavy,open_high_load,open_high_load,59,trained_graph_dispatch_model,trained_mlp_model,learned_dispatch,learned_dispatch,26,26,0.2692307692307692,False,distinct
1.1,canonical_dispatch_benchmark_heavy,canonical_dispatch_heavy,open_high_load,open_high_load,59,trained_linear_model,trained_mlp_model,learned_dispatch,learned_dispatch,26,26,0.34615384615384615,False,distinct
1.1,canonical_dispatch_benchmark_heavy,canonical_dispatch_heavy,open_high_load,open_high_load,61,congestion_aware_nearest_robot_task,fifo,heuristic_dispatch,heuristic_dispatch,17,17,1.0,True,potentially_collapsed
1.1,canonical_dispatch_benchmark_heavy,canonical_dispatch_heavy,open_high_load,open_high_load,61,congestion_aware_nearest_robot_task,nearest_robot_task,heuristic_dispatch,heuristic_dispatch,17,17,1.0,True,potentially_collapsed
1.1,canonical_dispatch_benchmark_heavy,canonical_dispatch_heavy,open_high_load,open_high_load,61,congestion_aware_nearest_robot_task,trained_graph_dispatch_model,heuristic_dispatch,learned_dispatch,17,17,0.5294117647058824,False,distinct
1.1,canonical_dispatch_benchmark_heavy,canonical_dispatch_heavy,open_high_load,open_high_load,61,congestion_aware_nearest_robot_task,trained_linear_model,heuristic_dispatch,learned_dispatch,17,17,1.0,True,potentially_collapsed
1.1,canonical_dispatch_benchmark_heavy,canonical_dispatch_heavy,open_high_load,open_high_load,61,congestion_aware_nearest_robot_task,trained_mlp_model,heuristic_dispatch,learned_dispatch,17,17,1.0,True,potentially_collapsed
1.1,canonical_dispatch_benchmark_heavy,canonical_dispatch_heavy,open_high_load,open_high_load,61,fifo,nearest_robot_task,heuristic_dispatch,heuristic_dispatch,17,17,1.0,True,potentially_collapsed
1.1,canonical_dispatch_benchmark_heavy,canonical_dispatch_heavy,open_high_load,open_high_load,61,fifo,trained_graph_dispatch_model,heuristic_dispatch,learned_dispatch,17,17,0.5294117647058824,False,distinct
1.1,canonical_dispatch_benchmark_heavy,canonical_dispatch_heavy,open_high_load,open_high_load,61,fifo,trained_linear_model,heuristic_dispatch,learned_dispatch,17,17,1.0,True,potentially_collapsed
1.1,canonical_dispatch_benchmark_heavy,canonical_dispatch_heavy,open_high_load,open_high_load,61,fifo,trained_mlp_model,heuristic_dispatch,learned_dispatch,17,17,1.0,True,potentially_collapsed
1.1,canonical_dispatch_benchmark_heavy,canonical_dispatch_heavy,open_high_load,open_high_load,61,nearest_robot_task,trained_graph_dispatch_model,heuristic_dispatch,learned_dispatch,17,17,0.5294117647058824,False,distinct
1.1,canonical_dispatch_benchmark_heavy,canonical_dispatch_heavy,open_high_load,open_high_load,61,nearest_robot_task,trained_linear_model,heuristic_dispatch,learned_dispatch,17,17,1.0,True,potentially_collapsed
1.1,canonical_dispatch_benchmark_heavy,canonical_dispatch_heavy,open_high_load,open_high_load,61,nearest_robot_task,trained_mlp_model,heuristic_dispatch,learned_dispatch,17,17,1.0,True,potentially_collapsed
1.1,canonical_dispatch_benchmark_heavy,canonical_dispatch_heavy,open_high_load,open_high_load,61,trained_graph_dispatch_model,trained_linear_model,learned_dispatch,learned_dispatch,17,17,0.5294117647058824,False,distinct
1.1,canonical_dispatch_benchmark_heavy,canonical_dispatch_heavy,open_high_load,open_high_load,61,trained_graph_dispatch_model,trained_mlp_model,learned_dispatch,learned_dispatch,17,17,0.5294117647058824,False,distinct
1.1,canonical_dispatch_benchmark_heavy,canonical_dispatch_heavy,open_high_load,open_high_load,61,trained_linear_model,trained_mlp_model,learned_dispatch,learned_dispatch,17,17,1.0,True,potentially_collapsed
1.1,canonical_dispatch_benchmark_heavy,canonical_dispatch_heavy,open_high_load,open_high_load,67,congestion_aware_nearest_robot_task,fifo,heuristic_dispatch,heuristic_dispatch,29,29,1.0,True,potentially_collapsed
1.1,canonical_dispatch_benchmark_heavy,canonical_dispatch_heavy,open_high_load,open_high_load,67,congestion_aware_nearest_robot_task,nearest_robot_task,heuristic_dispatch,heuristic_dispatch,29,29,1.0,True,potentially_collapsed
1.1,canonical_dispatch_benchmark_heavy,canonical_dispatch_heavy,open_high_load,open_high_load,67,congestion_aware_nearest_robot_task,trained_graph_dispatch_model,heuristic_dispatch,learned_dispatch,29,29,0.4827586206896552,False,distinct
1.1,canonical_dispatch_benchmark_heavy,canonical_dispatch_heavy,open_high_load,open_high_load,67,congestion_aware_nearest_robot_task,trained_linear_model,heuristic_dispatch,learned_dispatch,29,29,1.0,True,potentially_collapsed
1.1,canonical_dispatch_benchmark_heavy,canonical_dispatch_heavy,open_high_load,open_high_load,67,congestion_aware_nearest_robot_task,trained_mlp_model,heuristic_dispatch,learned_dispatch,29,29,0.6206896551724138,False,distinct
1.1,canonical_dispatch_benchmark_heavy,canonical_dispatch_heavy,open_high_load,open_high_load,67,fifo,nearest_robot_task,heuristic_dispatch,heuristic_dispatch,29,29,1.0,True,potentially_collapsed
1.1,canonical_dispatch_benchmark_heavy,canonical_dispatch_heavy,open_high_load,open_high_load,67,fifo,trained_graph_dispatch_model,heuristic_dispatch,learned_dispatch,29,29,0.4827586206896552,False,distinct
1.1,canonical_dispatch_benchmark_heavy,canonical_dispatch_heavy,open_high_load,open_high_load,67,fifo,trained_linear_model,heuristic_dispatch,learned_dispatch,29,29,1.0,True,potentially_collapsed
1.1,canonical_dispatch_benchmark_heavy,canonical_dispatch_heavy,open_high_load,open_high_load,67,fifo,trained_mlp_model,heuristic_dispatch,learned_dispatch,29,29,0.6206896551724138,False,distinct
1.1,canonical_dispatch_benchmark_heavy,canonical_dispatch_heavy,open_high_load,open_high_load,67,nearest_robot_task,trained_graph_dispatch_model,heuristic_dispatch,learned_dispatch,29,29,0.4827586206896552,False,distinct
1.1,canonical_dispatch_benchmark_heavy,canonical_dispatch_heavy,open_high_load,open_high_load,67,nearest_robot_task,trained_linear_model,heuristic_dispatch,learned_dispatch,29,29,1.0,True,potentially_collapsed
1.1,canonical_dispatch_benchmark_heavy,canonical_dispatch_heavy,open_high_load,open_high_load,67,nearest_robot_task,trained_mlp_model,heuristic_dispatch,learned_dispatch,29,29,0.6206896551724138,False,distinct
1.1,canonical_dispatch_benchmark_heavy,canonical_dispatch_heavy,open_high_load,open_high_load,67,trained_graph_dispatch_model,trained_linear_model,learned_dispatch,learned_dispatch,29,29,0.4827586206896552,False,distinct
1.1,canonical_dispatch_benchmark_heavy,canonical_dispatch_heavy,open_high_load,open_high_load,67,trained_graph_dispatch_model,trained_mlp_model,learned_dispatch,learned_dispatch,29,29,0.8275862068965517,False,distinct
1.1,canonical_dispatch_benchmark_heavy,canonical_dispatch_heavy,open_high_load,open_high_load,67,trained_linear_model,trained_mlp_model,learned_dispatch,learned_dispatch,29,29,0.6206896551724138,False,distinct
1.1,canonical_dispatch_benchmark_heavy,canonical_dispatch_heavy,open_high_load,open_high_load,71,congestion_aware_nearest_robot_task,fifo,heuristic_dispatch,heuristic_dispatch,19,19,0.8421052631578947,False,distinct
1.1,canonical_dispatch_benchmark_heavy,canonical_dispatch_heavy,open_high_load,open_high_load,71,congestion_aware_nearest_robot_task,nearest_robot_task,heuristic_dispatch,heuristic_dispatch,19,19,1.0,True,potentially_collapsed
1.1,canonical_dispatch_benchmark_heavy,canonical_dispatch_heavy,open_high_load,open_high_load,71,congestion_aware_nearest_robot_task,trained_graph_dispatch_model,heuristic_dispatch,learned_dispatch,19,19,0.47368421052631576,False,distinct
1.1,canonical_dispatch_benchmark_heavy,canonical_dispatch_heavy,open_high_load,open_high_load,71,congestion_aware_nearest_robot_task,trained_linear_model,heuristic_dispatch,learned_dispatch,19,19,1.0,True,potentially_collapsed
1.1,canonical_dispatch_benchmark_heavy,canonical_dispatch_heavy,open_high_load,open_high_load,71,congestion_aware_nearest_robot_task,trained_mlp_model,heuristic_dispatch,learned_dispatch,19,19,0.21052631578947367,False,distinct
1.1,canonical_dispatch_benchmark_heavy,canonical_dispatch_heavy,open_high_load,open_high_load,71,fifo,nearest_robot_task,heuristic_dispatch,heuristic_dispatch,19,19,0.8421052631578947,False,distinct
1.1,canonical_dispatch_benchmark_heavy,canonical_dispatch_heavy,open_high_load,open_high_load,71,fifo,trained_graph_dispatch_model,heuristic_dispatch,learned_dispatch,19,19,0.3157894736842105,False,distinct
1.1,canonical_dispatch_benchmark_heavy,canonical_dispatch_heavy,open_high_load,open_high_load,71,fifo,trained_linear_model,heuristic_dispatch,learned_dispatch,19,19,0.8421052631578947,False,distinct
1.1,canonical_dispatch_benchmark_heavy,canonical_dispatch_heavy,open_high_load,open_high_load,71,fifo,trained_mlp_model,heuristic_dispatch,learned_dispatch,19,19,0.05263157894736842,False,distinct
1.1,canonical_dispatch_benchmark_heavy,canonical_dispatch_heavy,open_high_load,open_high_load,71,nearest_robot_task,trained_graph_dispatch_model,heuristic_dispatch,learned_dispatch,19,19,0.47368421052631576,False,distinct
1.1,canonical_dispatch_benchmark_heavy,canonical_dispatch_heavy,open_high_load,open_high_load,71,nearest_robot_task,trained_linear_model,heuristic_dispatch,learned_dispatch,19,19,1.0,True,potentially_collapsed
1.1,canonical_dispatch_benchmark_heavy,canonical_dispatch_heavy,open_high_load,open_high_load,71,nearest_robot_task,trained_mlp_model,heuristic_dispatch,learned_dispatch,19,19,0.21052631578947367,False,distinct
1.1,canonical_dispatch_benchmark_heavy,canonical_dispatch_heavy,open_high_load,open_high_load,71,trained_graph_dispatch_model,trained_linear_model,learned_dispatch,learned_dispatch,19,19,0.47368421052631576,False,distinct
1.1,canonical_dispatch_benchmark_heavy,canonical_dispatch_heavy,open_high_load,open_high_load,71,trained_graph_dispatch_model,trained_mlp_model,learned_dispatch,learned_dispatch,19,19,0.3157894736842105,False,distinct
1.1,canonical_dispatch_benchmark_heavy,canonical_dispatch_heavy,open_high_load,open_high_load,71,trained_linear_model,trained_mlp_model,learned_dispatch,learned_dispatch,19,19,0.21052631578947367,False,distinct
1.1,canonical_dispatch_benchmark_heavy,canonical_dispatch_heavy,open_high_load,open_high_load,73,congestion_aware_nearest_robot_task,fifo,heuristic_dispatch,heuristic_dispatch,20,20,0.75,False,distinct
1.1,canonical_dispatch_benchmark_heavy,canonical_dispatch_heavy,open_high_load,open_high_load,73,congestion_aware_nearest_robot_task,nearest_robot_task,heuristic_dispatch,heuristic_dispatch,20,20,1.0,True,potentially_collapsed
1.1,canonical_dispatch_benchmark_heavy,canonical_dispatch_heavy,open_high_load,open_high_load,73,congestion_aware_nearest_robot_task,trained_graph_dispatch_model,heuristic_dispatch,learned_dispatch,20,20,0.6,False,distinct
1.1,canonical_dispatch_benchmark_heavy,canonical_dispatch_heavy,open_high_load,open_high_load,73,congestion_aware_nearest_robot_task,trained_linear_model,heuristic_dispatch,learned_dispatch,20,20,1.0,True,potentially_collapsed
1.1,canonical_dispatch_benchmark_heavy,canonical_dispatch_heavy,open_high_load,open_high_load,73,congestion_aware_nearest_robot_task,trained_mlp_model,heuristic_dispatch,learned_dispatch,20,20,0.65,False,distinct
1.1,canonical_dispatch_benchmark_heavy,canonical_dispatch_heavy,open_high_load,open_high_load,73,fifo,nearest_robot_task,heuristic_dispatch,heuristic_dispatch,20,20,0.75,False,distinct
1.1,canonical_dispatch_benchmark_heavy,canonical_dispatch_heavy,open_high_load,open_high_load,73,fifo,trained_graph_dispatch_model,heuristic_dispatch,learned_dispatch,20,20,0.35,False,distinct
1.1,canonical_dispatch_benchmark_heavy,canonical_dispatch_heavy,open_high_load,open_high_load,73,fifo,trained_linear_model,heuristic_dispatch,learned_dispatch,20,20,0.75,False,distinct
1.1,canonical_dispatch_benchmark_heavy,canonical_dispatch_heavy,open_high_load,open_high_load,73,fifo,trained_mlp_model,heuristic_dispatch,learned_dispatch,20,20,0.4,False,distinct
1.1,canonical_dispatch_benchmark_heavy,canonical_dispatch_heavy,open_high_load,open_high_load,73,nearest_robot_task,trained_graph_dispatch_model,heuristic_dispatch,learned_dispatch,20,20,0.6,False,distinct
1.1,canonical_dispatch_benchmark_heavy,canonical_dispatch_heavy,open_high_load,open_high_load,73,nearest_robot_task,trained_linear_model,heuristic_dispatch,learned_dispatch,20,20,1.0,True,potentially_collapsed
1.1,canonical_dispatch_benchmark_heavy,canonical_dispatch_heavy,open_high_load,open_high_load,73,nearest_robot_task,trained_mlp_model,heuristic_dispatch,learned_dispatch,20,20,0.65,False,distinct
1.1,canonical_dispatch_benchmark_heavy,canonical_dispatch_heavy,open_high_load,open_high_load,73,trained_graph_dispatch_model,trained_linear_model,learned_dispatch,learned_dispatch,20,20,0.6,False,distinct
1.1,canonical_dispatch_benchmark_heavy,canonical_dispatch_heavy,open_high_load,open_high_load,73,trained_graph_dispatch_model,trained_mlp_model,learned_dispatch,learned_dispatch,20,20,0.5,False,distinct
1.1,canonical_dispatch_benchmark_heavy,canonical_dispatch_heavy,open_high_load,open_high_load,73,trained_linear_model,trained_mlp_model,learned_dispatch,learned_dispatch,20,20,0.65,False,distinct
1.1,canonical_dispatch_benchmark_heavy,canonical_dispatch_heavy,open_high_load,open_high_load,79,congestion_aware_nearest_robot_task,fifo,heuristic_dispatch,heuristic_dispatch,25,25,0.64,False,distinct
1.1,canonical_dispatch_benchmark_heavy,canonical_dispatch_heavy,open_high_load,open_high_load,79,congestion_aware_nearest_robot_task,nearest_robot_task,heuristic_dispatch,heuristic_dispatch,25,25,1.0,True,potentially_collapsed
1.1,canonical_dispatch_benchmark_heavy,canonical_dispatch_heavy,open_high_load,open_high_load,79,congestion_aware_nearest_robot_task,trained_graph_dispatch_model,heuristic_dispatch,learned_dispatch,25,25,0.56,False,distinct
1.1,canonical_dispatch_benchmark_heavy,canonical_dispatch_heavy,open_high_load,open_high_load,79,congestion_aware_nearest_robot_task,trained_linear_model,heuristic_dispatch,learned_dispatch,25,25,1.0,True,potentially_collapsed
1.1,canonical_dispatch_benchmark_heavy,canonical_dispatch_heavy,open_high_load,open_high_load,79,congestion_aware_nearest_robot_task,trained_mlp_model,heuristic_dispatch,learned_dispatch,25,25,0.56,False,distinct
1.1,canonical_dispatch_benchmark_heavy,canonical_dispatch_heavy,open_high_load,open_high_load,79,fifo,nearest_robot_task,heuristic_dispatch,heuristic_dispatch,25,25,0.64,False,distinct
1.1,canonical_dispatch_benchmark_heavy,canonical_dispatch_heavy,open_high_load,open_high_load,79,fifo,trained_graph_dispatch_model,heuristic_dispatch,learned_dispatch,25,25,0.32,False,distinct
1.1,canonical_dispatch_benchmark_heavy,canonical_dispatch_heavy,open_high_load,open_high_load,79,fifo,trained_linear_model,heuristic_dispatch,learned_dispatch,25,25,0.64,False,distinct
1.1,canonical_dispatch_benchmark_heavy,canonical_dispatch_heavy,open_high_load,open_high_load,79,fifo,trained_mlp_model,heuristic_dispatch,learned_dispatch,25,25,0.32,False,distinct
1.1,canonical_dispatch_benchmark_heavy,canonical_dispatch_heavy,open_high_load,open_high_load,79,nearest_robot_task,trained_graph_dispatch_model,heuristic_dispatch,learned_dispatch,25,25,0.56,False,distinct
1.1,canonical_dispatch_benchmark_heavy,canonical_dispatch_heavy,open_high_load,open_high_load,79,nearest_robot_task,trained_linear_model,heuristic_dispatch,learned_dispatch,25,25,1.0,True,potentially_collapsed
1.1,canonical_dispatch_benchmark_heavy,canonical_dispatch_heavy,open_high_load,open_high_load,79,nearest_robot_task,trained_mlp_model,heuristic_dispatch,learned_dispatch,25,25,0.56,False,distinct
1.1,canonical_dispatch_benchmark_heavy,canonical_dispatch_heavy,open_high_load,open_high_load,79,trained_graph_dispatch_model,trained_linear_model,learned_dispatch,learned_dispatch,25,25,0.56,False,distinct
1.1,canonical_dispatch_benchmark_heavy,canonical_dispatch_heavy,open_high_load,open_high_load,79,trained_graph_dispatch_model,trained_mlp_model,learned_dispatch,learned_dispatch,25,25,0.64,False,distinct
1.1,canonical_dispatch_benchmark_heavy,canonical_dispatch_heavy,open_high_load,open_high_load,79,trained_linear_model,trained_mlp_model,learned_dispatch,learned_dispatch,25,25,0.56,False,distinct
1.1,canonical_dispatch_benchmark_heavy,canonical_dispatch_heavy,open_high_load,open_high_load,83,congestion_aware_nearest_robot_task,fifo,heuristic_dispatch,heuristic_dispatch,19,19,0.7894736842105263,False,distinct
1.1,canonical_dispatch_benchmark_heavy,canonical_dispatch_heavy,open_high_load,open_high_load,83,congestion_aware_nearest_robot_task,nearest_robot_task,heuristic_dispatch,heuristic_dispatch,19,19,1.0,True,potentially_collapsed
1.1,canonical_dispatch_benchmark_heavy,canonical_dispatch_heavy,open_high_load,open_high_load,83,congestion_aware_nearest_robot_task,trained_graph_dispatch_model,heuristic_dispatch,learned_dispatch,19,19,0.5263157894736842,False,distinct
1.1,canonical_dispatch_benchmark_heavy,canonical_dispatch_heavy,open_high_load,open_high_load,83,congestion_aware_nearest_robot_task,trained_linear_model,heuristic_dispatch,learned_dispatch,19,19,1.0,True,potentially_collapsed
1.1,canonical_dispatch_benchmark_heavy,canonical_dispatch_heavy,open_high_load,open_high_load,83,congestion_aware_nearest_robot_task,trained_mlp_model,heuristic_dispatch,learned_dispatch,19,19,0.8947368421052632,False,distinct
1.1,canonical_dispatch_benchmark_heavy,canonical_dispatch_heavy,open_high_load,open_high_load,83,fifo,nearest_robot_task,heuristic_dispatch,heuristic_dispatch,19,19,0.7894736842105263,False,distinct
1.1,canonical_dispatch_benchmark_heavy,canonical_dispatch_heavy,open_high_load,open_high_load,83,fifo,trained_graph_dispatch_model,heuristic_dispatch,learned_dispatch,19,19,0.3684210526315789,False,distinct
1.1,canonical_dispatch_benchmark_heavy,canonical_dispatch_heavy,open_high_load,open_high_load,83,fifo,trained_linear_model,heuristic_dispatch,learned_dispatch,19,19,0.7894736842105263,False,distinct
1.1,canonical_dispatch_benchmark_heavy,canonical_dispatch_heavy,open_high_load,open_high_load,83,fifo,trained_mlp_model,heuristic_dispatch,learned_dispatch,19,19,0.6842105263157895,False,distinct
1.1,canonical_dispatch_benchmark_heavy,canonical_dispatch_heavy,open_high_load,open_high_load,83,nearest_robot_task,trained_graph_dispatch_model,heuristic_dispatch,learned_dispatch,19,19,0.5263157894736842,False,distinct
1.1,canonical_dispatch_benchmark_heavy,canonical_dispatch_heavy,open_high_load,open_high_load,83,nearest_robot_task,trained_linear_model,heuristic_dispatch,learned_dispatch,19,19,1.0,True,potentially_collapsed
1.1,canonical_dispatch_benchmark_heavy,canonical_dispatch_heavy,open_high_load,open_high_load,83,nearest_robot_task,trained_mlp_model,heuristic_dispatch,learned_dispatch,19,19,0.8947368421052632,False,distinct
1.1,canonical_dispatch_benchmark_heavy,canonical_dispatch_heavy,open_high_load,open_high_load,83,trained_graph_dispatch_model,trained_linear_model,learned_dispatch,learned_dispatch,19,19,0.5263157894736842,False,distinct
1.1,canonical_dispatch_benchmark_heavy,canonical_dispatch_heavy,open_high_load,open_high_load,83,trained_graph_dispatch_model,trained_mlp_model,learned_dispatch,learned_dispatch,19,19,0.5789473684210527,False,distinct
1.1,canonical_dispatch_benchmark_heavy,canonical_dispatch_heavy,open_high_load,open_high_load,83,trained_linear_model,trained_mlp_model,learned_dispatch,learned_dispatch,19,19,0.8947368421052632,False,distinct
1.1,canonical_dispatch_benchmark_heavy,canonical_dispatch_heavy,open_high_load,open_high_load,89,congestion_aware_nearest_robot_task,fifo,heuristic_dispatch,heuristic_dispatch,17,17,0.8235294117647058,False,distinct
1.1,canonical_dispatch_benchmark_heavy,canonical_dispatch_heavy,open_high_load,open_high_load,89,congestion_aware_nearest_robot_task,nearest_robot_task,heuristic_dispatch,heuristic_dispatch,17,17,1.0,True,potentially_collapsed
1.1,canonical_dispatch_benchmark_heavy,canonical_dispatch_heavy,open_high_load,open_high_load,89,congestion_aware_nearest_robot_task,trained_graph_dispatch_model,heuristic_dispatch,learned_dispatch,17,17,0.47058823529411764,False,distinct
1.1,canonical_dispatch_benchmark_heavy,canonical_dispatch_heavy,open_high_load,open_high_load,89,congestion_aware_nearest_robot_task,trained_linear_model,heuristic_dispatch,learned_dispatch,17,17,1.0,True,potentially_collapsed
1.1,canonical_dispatch_benchmark_heavy,canonical_dispatch_heavy,open_high_load,open_high_load,89,congestion_aware_nearest_robot_task,trained_mlp_model,heuristic_dispatch,learned_dispatch,17,17,0.23529411764705882,False,distinct
1.1,canonical_dispatch_benchmark_heavy,canonical_dispatch_heavy,open_high_load,open_high_load,89,fifo,nearest_robot_task,heuristic_dispatch,heuristic_dispatch,17,17,0.8235294117647058,False,distinct
1.1,canonical_dispatch_benchmark_heavy,canonical_dispatch_heavy,open_high_load,open_high_load,89,fifo,trained_graph_dispatch_model,heuristic_dispatch,learned_dispatch,17,17,0.29411764705882354,False,distinct
1.1,canonical_dispatch_benchmark_heavy,canonical_dispatch_heavy,open_high_load,open_high_load,89,fifo,trained_linear_model,heuristic_dispatch,learned_dispatch,17,17,0.8235294117647058,False,distinct
1.1,canonical_dispatch_benchmark_heavy,canonical_dispatch_heavy,open_high_load,open_high_load,89,fifo,trained_mlp_model,heuristic_dispatch,learned_dispatch,17,17,0.058823529411764705,False,distinct
1.1,canonical_dispatch_benchmark_heavy,canonical_dispatch_heavy,open_high_load,open_high_load,89,nearest_robot_task,trained_graph_dispatch_model,heuristic_dispatch,learned_dispatch,17,17,0.47058823529411764,False,distinct
1.1,canonical_dispatch_benchmark_heavy,canonical_dispatch_heavy,open_high_load,open_high_load,89,nearest_robot_task,trained_linear_model,heuristic_dispatch,learned_dispatch,17,17,1.0,True,potentially_collapsed
1.1,canonical_dispatch_benchmark_heavy,canonical_dispatch_heavy,open_high_load,open_high_load,89,nearest_robot_task,trained_mlp_model,heuristic_dispatch,learned_dispatch,17,17,0.23529411764705882,False,distinct
1.1,canonical_dispatch_benchmark_heavy,canonical_dispatch_heavy,open_high_load,open_high_load,89,trained_graph_dispatch_model,trained_linear_model,learned_dispatch,learned_dispatch,17,17,0.47058823529411764,False,distinct
1.1,canonical_dispatch_benchmark_heavy,canonical_dispatch_heavy,open_high_load,open_high_load,89,trained_graph_dispatch_model,trained_mlp_model,learned_dispatch,learned_dispatch,17,17,0.29411764705882354,False,distinct
1.1,canonical_dispatch_benchmark_heavy,canonical_dispatch_heavy,open_high_load,open_high_load,89,trained_linear_model,trained_mlp_model,learned_dispatch,learned_dispatch,17,17,0.23529411764705882,False,distinct
1.1,canonical_dispatch_benchmark_heavy,canonical_dispatch_heavy,open_high_load,open_high_load,97,congestion_aware_nearest_robot_task,fifo,heuristic_dispatch,heuristic_dispatch,25,25,0.6,False,distinct
1.1,canonical_dispatch_benchmark_heavy,canonical_dispatch_heavy,open_high_load,open_high_load,97,congestion_aware_nearest_robot_task,nearest_robot_task,heuristic_dispatch,heuristic_dispatch,25,25,1.0,True,potentially_collapsed
1.1,canonical_dispatch_benchmark_heavy,canonical_dispatch_heavy,open_high_load,open_high_load,97,congestion_aware_nearest_robot_task,trained_graph_dispatch_model,heuristic_dispatch,learned_dispatch,25,25,0.36,False,distinct
1.1,canonical_dispatch_benchmark_heavy,canonical_dispatch_heavy,open_high_load,open_high_load,97,congestion_aware_nearest_robot_task,trained_linear_model,heuristic_dispatch,learned_dispatch,25,25,0.56,False,distinct
1.1,canonical_dispatch_benchmark_heavy,canonical_dispatch_heavy,open_high_load,open_high_load,97,congestion_aware_nearest_robot_task,trained_mlp_model,heuristic_dispatch,learned_dispatch,25,25,0.56,False,distinct
1.1,canonical_dispatch_benchmark_heavy,canonical_dispatch_heavy,open_high_load,open_high_load,97,fifo,nearest_robot_task,heuristic_dispatch,heuristic_dispatch,25,25,0.6,False,distinct
1.1,canonical_dispatch_benchmark_heavy,canonical_dispatch_heavy,open_high_load,open_high_load,97,fifo,trained_graph_dispatch_model,heuristic_dispatch,learned_dispatch,25,25,0.36,False,distinct
1.1,canonical_dispatch_benchmark_heavy,canonical_dispatch_heavy,open_high_load,open_high_load,97,fifo,trained_linear_model,heuristic_dispatch,learned_dispatch,25,25,0.16,False,distinct
1.1,canonical_dispatch_benchmark_heavy,canonical_dispatch_heavy,open_high_load,open_high_load,97,fifo,trained_mlp_model,heuristic_dispatch,learned_dispatch,25,25,0.16,False,distinct
1.1,canonical_dispatch_benchmark_heavy,canonical_dispatch_heavy,open_high_load,open_high_load,97,nearest_robot_task,trained_graph_dispatch_model,heuristic_dispatch,learned_dispatch,25,25,0.36,False,distinct
1.1,canonical_dispatch_benchmark_heavy,canonical_dispatch_heavy,open_high_load,open_high_load,97,nearest_robot_task,trained_linear_model,heuristic_dispatch,learned_dispatch,25,25,0.56,False,distinct
1.1,canonical_dispatch_benchmark_heavy,canonical_dispatch_heavy,open_high_load,open_high_load,97,nearest_robot_task,trained_mlp_model,heuristic_dispatch,learned_dispatch,25,25,0.56,False,distinct
1.1,canonical_dispatch_benchmark_heavy,canonical_dispatch_heavy,open_high_load,open_high_load,97,trained_graph_dispatch_model,trained_linear_model,learned_dispatch,learned_dispatch,25,25,0.2,False,distinct
1.1,canonical_dispatch_benchmark_heavy,canonical_dispatch_heavy,open_high_load,open_high_load,97,trained_graph_dispatch_model,trained_mlp_model,learned_dispatch,learned_dispatch,25,25,0.44,False,distinct
1.1,canonical_dispatch_benchmark_heavy,canonical_dispatch_heavy,open_high_load,open_high_load,97,trained_linear_model,trained_mlp_model,learned_dispatch,learned_dispatch,25,25,0.56,False,distinct
1.1,canonical_dispatch_benchmark_heavy,canonical_dispatch_heavy,open_high_load,open_high_load,101,congestion_aware_nearest_robot_task,fifo,heuristic_dispatch,heuristic_dispatch,12,12,0.8333333333333334,False,distinct
1.1,canonical_dispatch_benchmark_heavy,canonical_dispatch_heavy,open_high_load,open_high_load,101,congestion_aware_nearest_robot_task,nearest_robot_task,heuristic_dispatch,heuristic_dispatch,12,12,1.0,True,potentially_collapsed
1.1,canonical_dispatch_benchmark_heavy,canonical_dispatch_heavy,open_high_load,open_high_load,101,congestion_aware_nearest_robot_task,trained_graph_dispatch_model,heuristic_dispatch,learned_dispatch,12,12,0.6666666666666666,False,distinct
1.1,canonical_dispatch_benchmark_heavy,canonical_dispatch_heavy,open_high_load,open_high_load,101,congestion_aware_nearest_robot_task,trained_linear_model,heuristic_dispatch,learned_dispatch,12,12,1.0,True,potentially_collapsed
1.1,canonical_dispatch_benchmark_heavy,canonical_dispatch_heavy,open_high_load,open_high_load,101,congestion_aware_nearest_robot_task,trained_mlp_model,heuristic_dispatch,learned_dispatch,12,12,0.3333333333333333,False,distinct
1.1,canonical_dispatch_benchmark_heavy,canonical_dispatch_heavy,open_high_load,open_high_load,101,fifo,nearest_robot_task,heuristic_dispatch,heuristic_dispatch,12,12,0.8333333333333334,False,distinct
1.1,canonical_dispatch_benchmark_heavy,canonical_dispatch_heavy,open_high_load,open_high_load,101,fifo,trained_graph_dispatch_model,heuristic_dispatch,learned_dispatch,12,12,0.5,False,distinct
1.1,canonical_dispatch_benchmark_heavy,canonical_dispatch_heavy,open_high_load,open_high_load,101,fifo,trained_linear_model,heuristic_dispatch,learned_dispatch,12,12,0.8333333333333334,False,distinct
1.1,canonical_dispatch_benchmark_heavy,canonical_dispatch_heavy,open_high_load,open_high_load,101,fifo,trained_mlp_model,heuristic_dispatch,learned_dispatch,12,12,0.16666666666666666,False,distinct
1.1,canonical_dispatch_benchmark_heavy,canonical_dispatch_heavy,open_high_load,open_high_load,101,nearest_robot_task,trained_graph_dispatch_model,heuristic_dispatch,learned_dispatch,12,12,0.6666666666666666,False,distinct
1.1,canonical_dispatch_benchmark_heavy,canonical_dispatch_heavy,open_high_load,open_high_load,101,nearest_robot_task,trained_linear_model,heuristic_dispatch,learned_dispatch,12,12,1.0,True,potentially_collapsed
1.1,canonical_dispatch_benchmark_heavy,canonical_dispatch_heavy,open_high_load,open_high_load,101,nearest_robot_task,trained_mlp_model,heuristic_dispatch,learned_dispatch,12,12,0.3333333333333333,False,distinct
1.1,canonical_dispatch_benchmark_heavy,canonical_dispatch_heavy,open_high_load,open_high_load,101,trained_graph_dispatch_model,trained_linear_model,learned_dispatch,learned_dispatch,12,12,0.6666666666666666,False,distinct
1.1,canonical_dispatch_benchmark_heavy,canonical_dispatch_heavy,open_high_load,open_high_load,101,trained_graph_dispatch_model,trained_mlp_model,learned_dispatch,learned_dispatch,12,12,0.3333333333333333,False,distinct
1.1,canonical_dispatch_benchmark_heavy,canonical_dispatch_heavy,open_high_load,open_high_load,101,trained_linear_model,trained_mlp_model,learned_dispatch,learned_dispatch,12,12,0.3333333333333333,False,distinct
1.1,canonical_dispatch_benchmark_heavy,canonical_dispatch_heavy,open_high_load,open_high_load,103,congestion_aware_nearest_robot_task,fifo,heuristic_dispatch,heuristic_dispatch,24,24,0.875,False,distinct
1.1,canonical_dispatch_benchmark_heavy,canonical_dispatch_heavy,open_high_load,open_high_load,103,congestion_aware_nearest_robot_task,nearest_robot_task,heuristic_dispatch,heuristic_dispatch,24,24,1.0,True,potentially_collapsed
1.1,canonical_dispatch_benchmark_heavy,canonical_dispatch_heavy,open_high_load,open_high_load,103,congestion_aware_nearest_robot_task,trained_graph_dispatch_model,heuristic_dispatch,learned_dispatch,24,24,0.4166666666666667,False,distinct
1.1,canonical_dispatch_benchmark_heavy,canonical_dispatch_heavy,open_high_load,open_high_load,103,congestion_aware_nearest_robot_task,trained_linear_model,heuristic_dispatch,learned_dispatch,24,24,1.0,True,potentially_collapsed
1.1,canonical_dispatch_benchmark_heavy,canonical_dispatch_heavy,open_high_load,open_high_load,103,congestion_aware_nearest_robot_task,trained_mlp_model,heuristic_dispatch,learned_dispatch,24,24,0.5833333333333334,False,distinct
1.1,canonical_dispatch_benchmark_heavy,canonical_dispatch_heavy,open_high_load,open_high_load,103,fifo,nearest_robot_task,heuristic_dispatch,heuristic_dispatch,24,24,0.875,False,distinct
1.1,canonical_dispatch_benchmark_heavy,canonical_dispatch_heavy,open_high_load,open_high_load,103,fifo,trained_graph_dispatch_model,heuristic_dispatch,learned_dispatch,24,24,0.2916666666666667,False,distinct
1.1,canonical_dispatch_benchmark_heavy,canonical_dispatch_heavy,open_high_load,open_high_load,103,fifo,trained_linear_model,heuristic_dispatch,learned_dispatch,24,24,0.875,False,distinct
1.1,canonical_dispatch_benchmark_heavy,canonical_dispatch_heavy,open_high_load,open_high_load,103,fifo,trained_mlp_model,heuristic_dispatch,learned_dispatch,24,24,0.4583333333333333,False,distinct
1.1,canonical_dispatch_benchmark_heavy,canonical_dispatch_heavy,open_high_load,open_high_load,103,nearest_robot_task,trained_graph_dispatch_model,heuristic_dispatch,learned_dispatch,24,24,0.4166666666666667,False,distinct
1.1,canonical_dispatch_benchmark_heavy,canonical_dispatch_heavy,open_high_load,open_high_load,103,nearest_robot_task,trained_linear_model,heuristic_dispatch,learned_dispatch,24,24,1.0,True,potentially_collapsed
1.1,canonical_dispatch_benchmark_heavy,canonical_dispatch_heavy,open_high_load,open_high_load,103,nearest_robot_task,trained_mlp_model,heuristic_dispatch,learned_dispatch,24,24,0.5833333333333334,False,distinct
1.1,canonical_dispatch_benchmark_heavy,canonical_dispatch_heavy,open_high_load,open_high_load,103,trained_graph_dispatch_model,trained_linear_model,learned_dispatch,learned_dispatch,24,24,0.4166666666666667,False,distinct
1.1,canonical_dispatch_benchmark_heavy,canonical_dispatch_heavy,open_high_load,open_high_load,103,trained_graph_dispatch_model,trained_mlp_model,learned_dispatch,learned_dispatch,24,24,0.375,False,distinct
1.1,canonical_dispatch_benchmark_heavy,canonical_dispatch_heavy,open_high_load,open_high_load,103,trained_linear_model,trained_mlp_model,learned_dispatch,learned_dispatch,24,24,0.5833333333333334,False,distinct
1.1,canonical_dispatch_benchmark_heavy,canonical_dispatch_heavy,open_high_load,open_high_load,107,congestion_aware_nearest_robot_task,fifo,heuristic_dispatch,heuristic_dispatch,28,28,0.7142857142857143,False,distinct
1.1,canonical_dispatch_benchmark_heavy,canonical_dispatch_heavy,open_high_load,open_high_load,107,congestion_aware_nearest_robot_task,nearest_robot_task,heuristic_dispatch,heuristic_dispatch,28,28,1.0,True,potentially_collapsed
1.1,canonical_dispatch_benchmark_heavy,canonical_dispatch_heavy,open_high_load,open_high_load,107,congestion_aware_nearest_robot_task,trained_graph_dispatch_model,heuristic_dispatch,learned_dispatch,28,28,0.5,False,distinct
1.1,canonical_dispatch_benchmark_heavy,canonical_dispatch_heavy,open_high_load,open_high_load,107,congestion_aware_nearest_robot_task,trained_linear_model,heuristic_dispatch,learned_dispatch,28,28,0.8214285714285714,False,distinct
1.1,canonical_dispatch_benchmark_heavy,canonical_dispatch_heavy,open_high_load,open_high_load,107,congestion_aware_nearest_robot_task,trained_mlp_model,heuristic_dispatch,learned_dispatch,28,28,0.7142857142857143,False,distinct
1.1,canonical_dispatch_benchmark_heavy,canonical_dispatch_heavy,open_high_load,open_high_load,107,fifo,nearest_robot_task,heuristic_dispatch,heuristic_dispatch,28,28,0.7142857142857143,False,distinct
1.1,canonical_dispatch_benchmark_heavy,canonical_dispatch_heavy,open_high_load,open_high_load,107,fifo,trained_graph_dispatch_model,heuristic_dispatch,learned_dispatch,28,28,0.25,False,distinct
1.1,canonical_dispatch_benchmark_heavy,canonical_dispatch_heavy,open_high_load,open_high_load,107,fifo,trained_linear_model,heuristic_dispatch,learned_dispatch,28,28,0.5357142857142857,False,distinct
1.1,canonical_dispatch_benchmark_heavy,canonical_dispatch_heavy,open_high_load,open_high_load,107,fifo,trained_mlp_model,heuristic_dispatch,learned_dispatch,28,28,0.4642857142857143,False,distinct
1.1,canonical_dispatch_benchmark_heavy,canonical_dispatch_heavy,open_high_load,open_high_load,107,nearest_robot_task,trained_graph_dispatch_model,heuristic_dispatch,learned_dispatch,28,28,0.5,False,distinct
1.1,canonical_dispatch_benchmark_heavy,canonical_dispatch_heavy,open_high_load,open_high_load,107,nearest_robot_task,trained_linear_model,heuristic_dispatch,learned_dispatch,28,28,0.8214285714285714,False,distinct
1.1,canonical_dispatch_benchmark_heavy,canonical_dispatch_heavy,open_high_load,open_high_load,107,nearest_robot_task,trained_mlp_model,heuristic_dispatch,learned_dispatch,28,28,0.7142857142857143,False,distinct
1.1,canonical_dispatch_benchmark_heavy,canonical_dispatch_heavy,open_high_load,open_high_load,107,trained_graph_dispatch_model,trained_linear_model,learned_dispatch,learned_dispatch,28,28,0.5714285714285714,False,distinct
1.1,canonical_dispatch_benchmark_heavy,canonical_dispatch_heavy,open_high_load,open_high_load,107,trained_graph_dispatch_model,trained_mlp_model,learned_dispatch,learned_dispatch,28,28,0.6071428571428571,False,distinct
1.1,canonical_dispatch_benchmark_heavy,canonical_dispatch_heavy,open_high_load,open_high_load,107,trained_linear_model,trained_mlp_model,learned_dispatch,learned_dispatch,28,28,0.6785714285714286,False,distinct
