metric_schema_version,benchmark_name,scenario_family,scenario_id,scenario_name,seed,left_policy,right_policy,left_policy_family,right_policy_family,decision_count_left,decision_count_right,identical_decision_rate,identical_trace,audit_status
1.1,canonical_integrated_benchmark_heavy,canonical_integrated_heavy,integrated_free_space,integrated_free_space,7,optimal_mapf_coordinator,prioritized_sipp_coordinator,planner_integrated,planner_integrated,2492,2492,0.7178972712680578,False,distinct
1.1,canonical_integrated_benchmark_heavy,canonical_integrated_heavy,integrated_free_space,integrated_free_space,7,optimal_mapf_coordinator,random_macro,planner_integrated,random_integrated,2492,2492,0.7114767255216693,False,distinct
1.1,canonical_integrated_benchmark_heavy,canonical_integrated_heavy,integrated_free_space,integrated_free_space,7,optimal_mapf_coordinator,trained_end_to_end_macro_ppo,planner_integrated,learned_integrated,2492,2492,0.7178972712680578,False,distinct
1.1,canonical_integrated_benchmark_heavy,canonical_integrated_heavy,integrated_free_space,integrated_free_space,7,prioritized_sipp_coordinator,random_macro,planner_integrated,random_integrated,2492,2492,0.9213483146067416,False,distinct
1.1,canonical_integrated_benchmark_heavy,canonical_integrated_heavy,integrated_free_space,integrated_free_space,7,prioritized_sipp_coordinator,trained_end_to_end_macro_ppo,planner_integrated,learned_integrated,2492,2492,1.0,True,potentially_collapsed
1.1,canonical_integrated_benchmark_heavy,canonical_integrated_heavy,integrated_free_space,integrated_free_space,7,random_macro,trained_end_to_end_macro_ppo,random_integrated,learned_integrated,2492,2492,0.9213483146067416,False,distinct
1.1,canonical_integrated_benchmark_heavy,canonical_integrated_heavy,integrated_free_space,integrated_free_space,11,optimal_mapf_coordinator,prioritized_sipp_coordinator,planner_integrated,planner_integrated,2440,2440,0.7680327868852459,False,distinct
1.1,canonical_integrated_benchmark_heavy,canonical_integrated_heavy,integrated_free_space,integrated_free_space,11,optimal_mapf_coordinator,random_macro,planner_integrated,random_integrated,2440,2440,0.785655737704918,False,distinct
1.1,canonical_integrated_benchmark_heavy,canonical_integrated_heavy,integrated_free_space,integrated_free_space,11,optimal_mapf_coordinator,trained_end_to_end_macro_ppo,planner_integrated,learned_integrated,2440,2440,0.7680327868852459,False,distinct
1.1,canonical_integrated_benchmark_heavy,canonical_integrated_heavy,integrated_free_space,integrated_free_space,11,prioritized_sipp_coordinator,random_macro,planner_integrated,random_integrated,2440,2440,0.8229508196721311,False,distinct
1.1,canonical_integrated_benchmark_heavy,canonical_integrated_heavy,integrated_free_space,integrated_free_space,11,prioritized_sipp_coordinator,trained_end_to_end_macro_ppo,planner_integrated,learned_integrated,2440,2440,1.0,True,potentially_collapsed
1.1,canonical_integrated_benchmark_heavy,canonical_integrated_heavy,integrated_free_space,integrated_free_space,11,random_macro,trained_end_to_end_macro_ppo,random_integrated,learned_integrated,2440,2440,0.8229508196721311,False,distinct
1.1,canonical_integrated_benchmark_heavy,canonical_integrated_heavy,integrated_free_space,integrated_free_space,13,optimal_mapf_coordinator,prioritized_sipp_coordinator,planner_integrated,planner_integrated,2640,2640,0.7560606060606061,False,distinct
1.1,canonical_integrated_benchmark_heavy,canonical_integrated_heavy,integrated_free_space,integrated_free_space,13,optimal_mapf_coordinator,random_macro,planner_integrated,random_integrated,2640,2640,0.843560606060606,False,distinct
1.1,canonical_integrated_benchmark_heavy,canonical_integrated_heavy,integrated_free_space,integrated_free_space,13,optimal_mapf_coordinator,trained_end_to_end_macro_ppo,planner_integrated,learned_integrated,2640,2640,0.7560606060606061,False,distinct
1.1,canonical_integrated_benchmark_heavy,canonical_integrated_heavy,integrated_free_space,integrated_free_space,13,prioritized_sipp_coordinator,random_macro,planner_integrated,random_integrated,2640,2640,0.8348484848484848,False,distinct
1.1,canonical_integrated_benchmark_heavy,canonical_integrated_heavy,integrated_free_space,integrated_free_space,13,prioritized_sipp_coordinator,trained_end_to_end_macro_ppo,planner_integrated,learned_integrated,2640,2640,1.0,True,potentially_collapsed
1.1,canonical_integrated_benchmark_heavy,canonical_integrated_heavy,integrated_free_space,integrated_free_space,13,random_macro,trained_end_to_end_macro_ppo,random_integrated,learned_integrated,2640,2640,0.8348484848484848,False,distinct
1.1,canonical_integrated_benchmark_heavy,canonical_integrated_heavy,integrated_free_space,integrated_free_space,17,optimal_mapf_coordinator,prioritized_sipp_coordinator,planner_integrated,planner_integrated,2564,2564,0.749219968798752,False,distinct
1.1,canonical_integrated_benchmark_heavy,canonical_integrated_heavy,integrated_free_space,integrated_free_space,17,optimal_mapf_coordinator,random_macro,planner_integrated,random_integrated,2564,2564,0.7679407176287052,False,distinct
1.1,canonical_integrated_benchmark_heavy,canonical_integrated_heavy,integrated_free_space,integrated_free_space,17,optimal_mapf_coordinator,trained_end_to_end_macro_ppo,planner_integrated,learned_integrated,2564,2564,0.749219968798752,False,distinct
1.1,canonical_integrated_benchmark_heavy,canonical_integrated_heavy,integrated_free_space,integrated_free_space,17,prioritized_sipp_coordinator,random_macro,planner_integrated,random_integrated,2564,2564,0.8954758190327613,False,distinct
1.1,canonical_integrated_benchmark_heavy,canonical_integrated_heavy,integrated_free_space,integrated_free_space,17,prioritized_sipp_coordinator,trained_end_to_end_macro_ppo,planner_integrated,learned_integrated,2564,2564,1.0,True,potentially_collapsed
1.1,canonical_integrated_benchmark_heavy,canonical_integrated_heavy,integrated_free_space,integrated_free_space,17,random_macro,trained_end_to_end_macro_ppo,random_integrated,learned_integrated,2564,2564,0.8954758190327613,False,distinct
1.1,canonical_integrated_benchmark_heavy,canonical_integrated_heavy,integrated_free_space,integrated_free_space,19,optimal_mapf_coordinator,prioritized_sipp_coordinator,planner_integrated,planner_integrated,2672,2672,0.8413173652694611,False,distinct
1.1,canonical_integrated_benchmark_heavy,canonical_integrated_heavy,integrated_free_space,integrated_free_space,19,optimal_mapf_coordinator,random_macro,planner_integrated,random_integrated,2672,2672,0.8267215568862275,False,distinct
1.1,canonical_integrated_benchmark_heavy,canonical_integrated_heavy,integrated_free_space,integrated_free_space,19,optimal_mapf_coordinator,trained_end_to_end_macro_ppo,planner_integrated,learned_integrated,2672,2672,0.8413173652694611,False,distinct
1.1,canonical_integrated_benchmark_heavy,canonical_integrated_heavy,integrated_free_space,integrated_free_space,19,prioritized_sipp_coordinator,random_macro,planner_integrated,random_integrated,2672,2672,0.8798652694610778,False,distinct
1.1,canonical_integrated_benchmark_heavy,canonical_integrated_heavy,integrated_free_space,integrated_free_space,19,prioritized_sipp_coordinator,trained_end_to_end_macro_ppo,planner_integrated,learned_integrated,2672,2672,1.0,True,potentially_collapsed
1.1,canonical_integrated_benchmark_heavy,canonical_integrated_heavy,integrated_free_space,integrated_free_space,19,random_macro,trained_end_to_end_macro_ppo,random_integrated,learned_integrated,2672,2672,0.8798652694610778,False,distinct
1.1,canonical_integrated_benchmark_heavy,canonical_integrated_heavy,integrated_free_space,integrated_free_space,23,optimal_mapf_coordinator,prioritized_sipp_coordinator,planner_integrated,planner_integrated,2216,2216,0.7540613718411552,False,distinct
1.1,canonical_integrated_benchmark_heavy,canonical_integrated_heavy,integrated_free_space,integrated_free_space,23,optimal_mapf_coordinator,random_macro,planner_integrated,random_integrated,2216,2216,0.7806859205776173,False,distinct
1.1,canonical_integrated_benchmark_heavy,canonical_integrated_heavy,integrated_free_space,integrated_free_space,23,optimal_mapf_coordinator,trained_end_to_end_macro_ppo,planner_integrated,learned_integrated,2216,2216,0.7540613718411552,False,distinct
1.1,canonical_integrated_benchmark_heavy,canonical_integrated_heavy,integrated_free_space,integrated_free_space,23,prioritized_sipp_coordinator,random_macro,planner_integrated,random_integrated,2216,2216,0.8271660649819494,False,distinct
1.1,canonical_integrated_benchmark_heavy,canonical_integrated_heavy,integrated_free_space,integrated_free_space,23,prioritized_sipp_coordinator,trained_end_to_end_macro_ppo,planner_integrated,learned_integrated,2216,2216,1.0,True,potentially_collapsed
1.1,canonical_integrated_benchmark_heavy,canonical_integrated_heavy,integrated_free_space,integrated_free_space,23,random_macro,trained_end_to_end_macro_ppo,random_integrated,learned_integrated,2216,2216,0.8271660649819494,False,distinct
1.1,canonical_integrated_benchmark_heavy,canonical_integrated_heavy,integrated_free_space,integrated_free_space,29,optimal_mapf_coordinator,prioritized_sipp_coordinator,planner_integrated,planner_integrated,2396,2396,0.6815525876460768,False,distinct
1.1,canonical_integrated_benchmark_heavy,canonical_integrated_heavy,integrated_free_space,integrated_free_space,29,optimal_mapf_coordinator,random_macro,planner_integrated,random_integrated,2396,2396,0.7249582637729549,False,distinct
1.1,canonical_integrated_benchmark_heavy,canonical_integrated_heavy,integrated_free_space,integrated_free_space,29,optimal_mapf_coordinator,trained_end_to_end_macro_ppo,planner_integrated,learned_integrated,2396,2396,0.6815525876460768,False,distinct
1.1,canonical_integrated_benchmark_heavy,canonical_integrated_heavy,integrated_free_space,integrated_free_space,29,prioritized_sipp_coordinator,random_macro,planner_integrated,random_integrated,2396,2396,0.7737896494156928,False,distinct
1.1,canonical_integrated_benchmark_heavy,canonical_integrated_heavy,integrated_free_space,integrated_free_space,29,prioritized_sipp_coordinator,trained_end_to_end_macro_ppo,planner_integrated,learned_integrated,2396,2396,1.0,True,potentially_collapsed
1.1,canonical_integrated_benchmark_heavy,canonical_integrated_heavy,integrated_free_space,integrated_free_space,29,random_macro,trained_end_to_end_macro_ppo,random_integrated,learned_integrated,2396,2396,0.7737896494156928,False,distinct
1.1,canonical_integrated_benchmark_heavy,canonical_integrated_heavy,integrated_free_space,integrated_free_space,31,optimal_mapf_coordinator,prioritized_sipp_coordinator,planner_integrated,planner_integrated,2724,2724,0.7823054331864905,False,distinct
1.1,canonical_integrated_benchmark_heavy,canonical_integrated_heavy,integrated_free_space,integrated_free_space,31,optimal_mapf_coordinator,random_macro,planner_integrated,random_integrated,2724,2724,0.801762114537445,False,distinct
1.1,canonical_integrated_benchmark_heavy,canonical_integrated_heavy,integrated_free_space,integrated_free_space,31,optimal_mapf_coordinator,trained_end_to_end_macro_ppo,planner_integrated,learned_integrated,2724,2724,0.7823054331864905,False,distinct
1.1,canonical_integrated_benchmark_heavy,canonical_integrated_heavy,integrated_free_space,integrated_free_space,31,prioritized_sipp_coordinator,random_macro,planner_integrated,random_integrated,2724,2724,0.8329662261380323,False,distinct
1.1,canonical_integrated_benchmark_heavy,canonical_integrated_heavy,integrated_free_space,integrated_free_space,31,prioritized_sipp_coordinator,trained_end_to_end_macro_ppo,planner_integrated,learned_integrated,2724,2724,1.0,True,potentially_collapsed
1.1,canonical_integrated_benchmark_heavy,canonical_integrated_heavy,integrated_free_space,integrated_free_space,31,random_macro,trained_end_to_end_macro_ppo,random_integrated,learned_integrated,2724,2724,0.8329662261380323,False,distinct
1.1,canonical_integrated_benchmark_heavy,canonical_integrated_heavy,integrated_free_space,integrated_free_space,37,optimal_mapf_coordinator,prioritized_sipp_coordinator,planner_integrated,planner_integrated,2580,2580,0.8058139534883721,False,distinct
1.1,canonical_integrated_benchmark_heavy,canonical_integrated_heavy,integrated_free_space,integrated_free_space,37,optimal_mapf_coordinator,random_macro,planner_integrated,random_integrated,2580,2576,0.8156055900621118,False,distinct
1.1,canonical_integrated_benchmark_heavy,canonical_integrated_heavy,integrated_free_space,integrated_free_space,37,optimal_mapf_coordinator,trained_end_to_end_macro_ppo,planner_integrated,learned_integrated,2580,2580,0.8058139534883721,False,distinct
1.1,canonical_integrated_benchmark_heavy,canonical_integrated_heavy,integrated_free_space,integrated_free_space,37,prioritized_sipp_coordinator,random_macro,planner_integrated,random_integrated,2580,2576,0.8827639751552795,False,distinct
1.1,canonical_integrated_benchmark_heavy,canonical_integrated_heavy,integrated_free_space,integrated_free_space,37,prioritized_sipp_coordinator,trained_end_to_end_macro_ppo,planner_integrated,learned_integrated,2580,2580,1.0,True,potentially_collapsed
1.1,canonical_integrated_benchmark_heavy,canonical_integrated_heavy,integrated_free_space,integrated_free_space,37,random_macro,trained_end_to_end_macro_ppo,random_integrated,learned_integrated,2576,2580,0.8827639751552795,False,distinct
1.1,canonical_integrated_benchmark_heavy,canonical_integrated_heavy,integrated_free_space,integrated_free_space,41,optimal_mapf_coordinator,prioritized_sipp_coordinator,planner_integrated,planner_integrated,2440,2440,0.8004098360655738,False,distinct
1.1,canonical_integrated_benchmark_heavy,canonical_integrated_heavy,integrated_free_space,integrated_free_space,41,optimal_mapf_coordinator,random_macro,planner_integrated,random_integrated,2440,2440,0.85,False,distinct
1.1,canonical_integrated_benchmark_heavy,canonical_integrated_heavy,integrated_free_space,integrated_free_space,41,optimal_mapf_coordinator,trained_end_to_end_macro_ppo,planner_integrated,learned_integrated,2440,2440,0.8004098360655738,False,distinct
1.1,canonical_integrated_benchmark_heavy,canonical_integrated_heavy,integrated_free_space,integrated_free_space,41,prioritized_sipp_coordinator,random_macro,planner_integrated,random_integrated,2440,2440,0.8713114754098361,False,distinct
1.1,canonical_integrated_benchmark_heavy,canonical_integrated_heavy,integrated_free_space,integrated_free_space,41,prioritized_sipp_coordinator,trained_end_to_end_macro_ppo,planner_integrated,learned_integrated,2440,2440,1.0,True,potentially_collapsed
1.1,canonical_integrated_benchmark_heavy,canonical_integrated_heavy,integrated_free_space,integrated_free_space,41,random_macro,trained_end_to_end_macro_ppo,random_integrated,learned_integrated,2440,2440,0.8713114754098361,False,distinct
1.1,canonical_integrated_benchmark_heavy,canonical_integrated_heavy,integrated_free_space,integrated_free_space,43,optimal_mapf_coordinator,prioritized_sipp_coordinator,planner_integrated,planner_integrated,2720,2720,0.78125,False,distinct
1.1,canonical_integrated_benchmark_heavy,canonical_integrated_heavy,integrated_free_space,integrated_free_space,43,optimal_mapf_coordinator,random_macro,planner_integrated,random_integrated,2720,2720,0.7816176470588235,False,distinct
1.1,canonical_integrated_benchmark_heavy,canonical_integrated_heavy,integrated_free_space,integrated_free_space,43,optimal_mapf_coordinator,trained_end_to_end_macro_ppo,planner_integrated,learned_integrated,2720,2720,0.78125,False,distinct
1.1,canonical_integrated_benchmark_heavy,canonical_integrated_heavy,integrated_free_space,integrated_free_space,43,prioritized_sipp_coordinator,random_macro,planner_integrated,random_integrated,2720,2720,0.9128676470588235,False,distinct
1.1,canonical_integrated_benchmark_heavy,canonical_integrated_heavy,integrated_free_space,integrated_free_space,43,prioritized_sipp_coordinator,trained_end_to_end_macro_ppo,planner_integrated,learned_integrated,2720,2720,1.0,True,potentially_collapsed
1.1,canonical_integrated_benchmark_heavy,canonical_integrated_heavy,integrated_free_space,integrated_free_space,43,random_macro,trained_end_to_end_macro_ppo,random_integrated,learned_integrated,2720,2720,0.9128676470588235,False,distinct
1.1,canonical_integrated_benchmark_heavy,canonical_integrated_heavy,integrated_free_space,integrated_free_space,47,optimal_mapf_coordinator,prioritized_sipp_coordinator,planner_integrated,planner_integrated,2472,2472,0.7564724919093851,False,distinct
1.1,canonical_integrated_benchmark_heavy,canonical_integrated_heavy,integrated_free_space,integrated_free_space,47,optimal_mapf_coordinator,random_macro,planner_integrated,random_integrated,2472,2472,0.7580906148867314,False,distinct
1.1,canonical_integrated_benchmark_heavy,canonical_integrated_heavy,integrated_free_space,integrated_free_space,47,optimal_mapf_coordinator,trained_end_to_end_macro_ppo,planner_integrated,learned_integrated,2472,2472,0.7564724919093851,False,distinct
1.1,canonical_integrated_benchmark_heavy,canonical_integrated_heavy,integrated_free_space,integrated_free_space,47,prioritized_sipp_coordinator,random_macro,planner_integrated,random_integrated,2472,2472,0.834546925566343,False,distinct
1.1,canonical_integrated_benchmark_heavy,canonical_integrated_heavy,integrated_free_space,integrated_free_space,47,prioritized_sipp_coordinator,trained_end_to_end_macro_ppo,planner_integrated,learned_integrated,2472,2472,1.0,True,potentially_collapsed
1.1,canonical_integrated_benchmark_heavy,canonical_integrated_heavy,integrated_free_space,integrated_free_space,47,random_macro,trained_end_to_end_macro_ppo,random_integrated,learned_integrated,2472,2472,0.834546925566343,False,distinct
1.1,canonical_integrated_benchmark_heavy,canonical_integrated_heavy,integrated_free_space,integrated_free_space,53,optimal_mapf_coordinator,prioritized_sipp_coordinator,planner_integrated,planner_integrated,2700,2700,0.7774074074074074,False,distinct
1.1,canonical_integrated_benchmark_heavy,canonical_integrated_heavy,integrated_free_space,integrated_free_space,53,optimal_mapf_coordinator,random_macro,planner_integrated,random_integrated,2700,2700,0.7818518518518518,False,distinct
1.1,canonical_integrated_benchmark_heavy,canonical_integrated_heavy,integrated_free_space,integrated_free_space,53,optimal_mapf_coordinator,trained_end_to_end_macro_ppo,planner_integrated,learned_integrated,2700,2700,0.7774074074074074,False,distinct
1.1,canonical_integrated_benchmark_heavy,canonical_integrated_heavy,integrated_free_space,integrated_free_space,53,prioritized_sipp_coordinator,random_macro,planner_integrated,random_integrated,2700,2700,0.8885185185185185,False,distinct
1.1,canonical_integrated_benchmark_heavy,canonical_integrated_heavy,integrated_free_space,integrated_free_space,53,prioritized_sipp_coordinator,trained_end_to_end_macro_ppo,planner_integrated,learned_integrated,2700,2700,1.0,True,potentially_collapsed
1.1,canonical_integrated_benchmark_heavy,canonical_integrated_heavy,integrated_free_space,integrated_free_space,53,random_macro,trained_end_to_end_macro_ppo,random_integrated,learned_integrated,2700,2700,0.8885185185185185,False,distinct
1.1,canonical_integrated_benchmark_heavy,canonical_integrated_heavy,integrated_free_space,integrated_free_space,59,optimal_mapf_coordinator,prioritized_sipp_coordinator,planner_integrated,planner_integrated,1900,1900,0.5347368421052632,False,distinct
1.1,canonical_integrated_benchmark_heavy,canonical_integrated_heavy,integrated_free_space,integrated_free_space,59,optimal_mapf_coordinator,random_macro,planner_integrated,random_integrated,1900,1900,0.5557894736842105,False,distinct
1.1,canonical_integrated_benchmark_heavy,canonical_integrated_heavy,integrated_free_space,integrated_free_space,59,optimal_mapf_coordinator,trained_end_to_end_macro_ppo,planner_integrated,learned_integrated,1900,1900,0.5347368421052632,False,distinct
1.1,canonical_integrated_benchmark_heavy,canonical_integrated_heavy,integrated_free_space,integrated_free_space,59,prioritized_sipp_coordinator,random_macro,planner_integrated,random_integrated,1900,1900,0.7863157894736842,False,distinct
1.1,canonical_integrated_benchmark_heavy,canonical_integrated_heavy,integrated_free_space,integrated_free_space,59,prioritized_sipp_coordinator,trained_end_to_end_macro_ppo,planner_integrated,learned_integrated,1900,1900,1.0,True,potentially_collapsed
1.1,canonical_integrated_benchmark_heavy,canonical_integrated_heavy,integrated_free_space,integrated_free_space,59,random_macro,trained_end_to_end_macro_ppo,random_integrated,learned_integrated,1900,1900,0.7863157894736842,False,distinct
1.1,canonical_integrated_benchmark_heavy,canonical_integrated_heavy,integrated_free_space,integrated_free_space,61,optimal_mapf_coordinator,prioritized_sipp_coordinator,planner_integrated,planner_integrated,2644,2644,0.7363842662632375,False,distinct
1.1,canonical_integrated_benchmark_heavy,canonical_integrated_heavy,integrated_free_space,integrated_free_space,61,optimal_mapf_coordinator,random_macro,planner_integrated,random_integrated,2644,2644,0.7723146747352496,False,distinct
1.1,canonical_integrated_benchmark_heavy,canonical_integrated_heavy,integrated_free_space,integrated_free_space,61,optimal_mapf_coordinator,trained_end_to_end_macro_ppo,planner_integrated,learned_integrated,2644,2644,0.7363842662632375,False,distinct
1.1,canonical_integrated_benchmark_heavy,canonical_integrated_heavy,integrated_free_space,integrated_free_space,61,prioritized_sipp_coordinator,random_macro,planner_integrated,random_integrated,2644,2644,0.796142208774584,False,distinct
1.1,canonical_integrated_benchmark_heavy,canonical_integrated_heavy,integrated_free_space,integrated_free_space,61,prioritized_sipp_coordinator,trained_end_to_end_macro_ppo,planner_integrated,learned_integrated,2644,2644,1.0,True,potentially_collapsed
1.1,canonical_integrated_benchmark_heavy,canonical_integrated_heavy,integrated_free_space,integrated_free_space,61,random_macro,trained_end_to_end_macro_ppo,random_integrated,learned_integrated,2644,2644,0.796142208774584,False,distinct
1.1,canonical_integrated_benchmark_heavy,canonical_integrated_heavy,integrated_free_space,integrated_free_space,67,optimal_mapf_coordinator,prioritized_sipp_coordinator,planner_integrated,planner_integrated,2644,2644,0.6887291981845688,False,distinct
1.1,canonical_integrated_benchmark_heavy,canonical_integrated_heavy,integrated_free_space,integrated_free_space,67,optimal_mapf_coordinator,random_macro,planner_integrated,random_integrated,2644,2644,0.697428139183056,False,distinct
1.1,canonical_integrated_benchmark_heavy,canonical_integrated_heavy,integrated_free_space,integrated_free_space,67,optimal_mapf_coordinator,trained_end_to_end_macro_ppo,planner_integrated,learned_integrated,2644,2644,0.6887291981845688,False,distinct
1.1,canonical_integrated_benchmark_heavy,canonical_integrated_heavy,integrated_free_space,integrated_free_space,67,prioritized_sipp_coordinator,random_macro,planner_integrated,random_integrated,2644,2644,0.7991679273827534,False,distinct
1.1,canonical_integrated_benchmark_heavy,canonical_integrated_heavy,integrated_free_space,integrated_free_space,67,prioritized_sipp_coordinator,trained_end_to_end_macro_ppo,planner_integrated,learned_integrated,2644,2644,1.0,True,potentially_collapsed
1.1,canonical_integrated_benchmark_heavy,canonical_integrated_heavy,integrated_free_space,integrated_free_space,67,random_macro,trained_end_to_end_macro_ppo,random_integrated,learned_integrated,2644,2644,0.7991679273827534,False,distinct
1.1,canonical_integrated_benchmark_heavy,canonical_integrated_heavy,integrated_free_space,integrated_free_space,71,optimal_mapf_coordinator,prioritized_sipp_coordinator,planner_integrated,planner_integrated,1968,1968,0.6859756097560976,False,distinct
1.1,canonical_integrated_benchmark_heavy,canonical_integrated_heavy,integrated_free_space,integrated_free_space,71,optimal_mapf_coordinator,random_macro,planner_integrated,random_integrated,1968,1968,0.728150406504065,False,distinct
1.1,canonical_integrated_benchmark_heavy,canonical_integrated_heavy,integrated_free_space,integrated_free_space,71,optimal_mapf_coordinator,trained_end_to_end_macro_ppo,planner_integrated,learned_integrated,1968,1968,0.6859756097560976,False,distinct
1.1,canonical_integrated_benchmark_heavy,canonical_integrated_heavy,integrated_free_space,integrated_free_space,71,prioritized_sipp_coordinator,random_macro,planner_integrated,random_integrated,1968,1968,0.8130081300813008,False,distinct
1.1,canonical_integrated_benchmark_heavy,canonical_integrated_heavy,integrated_free_space,integrated_free_space,71,prioritized_sipp_coordinator,trained_end_to_end_macro_ppo,planner_integrated,learned_integrated,1968,1968,1.0,True,potentially_collapsed
1.1,canonical_integrated_benchmark_heavy,canonical_integrated_heavy,integrated_free_space,integrated_free_space,71,random_macro,trained_end_to_end_macro_ppo,random_integrated,learned_integrated,1968,1968,0.8130081300813008,False,distinct
1.1,canonical_integrated_benchmark_heavy,canonical_integrated_heavy,integrated_free_space,integrated_free_space,73,optimal_mapf_coordinator,prioritized_sipp_coordinator,planner_integrated,planner_integrated,2600,2600,0.7715384615384615,False,distinct
1.1,canonical_integrated_benchmark_heavy,canonical_integrated_heavy,integrated_free_space,integrated_free_space,73,optimal_mapf_coordinator,random_macro,planner_integrated,random_integrated,2600,2600,0.7888461538461539,False,distinct
1.1,canonical_integrated_benchmark_heavy,canonical_integrated_heavy,integrated_free_space,integrated_free_space,73,optimal_mapf_coordinator,trained_end_to_end_macro_ppo,planner_integrated,learned_integrated,2600,2600,0.7715384615384615,False,distinct
1.1,canonical_integrated_benchmark_heavy,canonical_integrated_heavy,integrated_free_space,integrated_free_space,73,prioritized_sipp_coordinator,random_macro,planner_integrated,random_integrated,2600,2600,0.8669230769230769,False,distinct
1.1,canonical_integrated_benchmark_heavy,canonical_integrated_heavy,integrated_free_space,integrated_free_space,73,prioritized_sipp_coordinator,trained_end_to_end_macro_ppo,planner_integrated,learned_integrated,2600,2600,1.0,True,potentially_collapsed
1.1,canonical_integrated_benchmark_heavy,canonical_integrated_heavy,integrated_free_space,integrated_free_space,73,random_macro,trained_end_to_end_macro_ppo,random_integrated,learned_integrated,2600,2600,0.8669230769230769,False,distinct
1.1,canonical_integrated_benchmark_heavy,canonical_integrated_heavy,integrated_free_space,integrated_free_space,79,optimal_mapf_coordinator,prioritized_sipp_coordinator,planner_integrated,planner_integrated,2476,2476,0.6627625201938611,False,distinct
1.1,canonical_integrated_benchmark_heavy,canonical_integrated_heavy,integrated_free_space,integrated_free_space,79,optimal_mapf_coordinator,random_macro,planner_integrated,random_integrated,2476,2520,0.8045234248788369,False,distinct
1.1,canonical_integrated_benchmark_heavy,canonical_integrated_heavy,integrated_free_space,integrated_free_space,79,optimal_mapf_coordinator,trained_end_to_end_macro_ppo,planner_integrated,learned_integrated,2476,2476,0.6627625201938611,False,distinct
1.1,canonical_integrated_benchmark_heavy,canonical_integrated_heavy,integrated_free_space,integrated_free_space,79,prioritized_sipp_coordinator,random_macro,planner_integrated,random_integrated,2476,2520,0.7451534733441034,False,distinct
1.1,canonical_integrated_benchmark_heavy,canonical_integrated_heavy,integrated_free_space,integrated_free_space,79,prioritized_sipp_coordinator,trained_end_to_end_macro_ppo,planner_integrated,learned_integrated,2476,2476,1.0,True,potentially_collapsed
1.1,canonical_integrated_benchmark_heavy,canonical_integrated_heavy,integrated_free_space,integrated_free_space,79,random_macro,trained_end_to_end_macro_ppo,random_integrated,learned_integrated,2520,2476,0.7451534733441034,False,distinct
1.1,canonical_integrated_benchmark_heavy,canonical_integrated_heavy,integrated_free_space,integrated_free_space,83,optimal_mapf_coordinator,prioritized_sipp_coordinator,planner_integrated,planner_integrated,2748,2724,0.8043318649045521,False,distinct
1.1,canonical_integrated_benchmark_heavy,canonical_integrated_heavy,integrated_free_space,integrated_free_space,83,optimal_mapf_coordinator,random_macro,planner_integrated,random_integrated,2748,2724,0.8069016152716594,False,distinct
1.1,canonical_integrated_benchmark_heavy,canonical_integrated_heavy,integrated_free_space,integrated_free_space,83,optimal_mapf_coordinator,trained_end_to_end_macro_ppo,planner_integrated,learned_integrated,2748,2724,0.8043318649045521,False,distinct
1.1,canonical_integrated_benchmark_heavy,canonical_integrated_heavy,integrated_free_space,integrated_free_space,83,prioritized_sipp_coordinator,random_macro,planner_integrated,random_integrated,2724,2724,0.9133627019089574,False,distinct
1.1,canonical_integrated_benchmark_heavy,canonical_integrated_heavy,integrated_free_space,integrated_free_space,83,prioritized_sipp_coordinator,trained_end_to_end_macro_ppo,planner_integrated,learned_integrated,2724,2724,1.0,True,potentially_collapsed
1.1,canonical_integrated_benchmark_heavy,canonical_integrated_heavy,integrated_free_space,integrated_free_space,83,random_macro,trained_end_to_end_macro_ppo,random_integrated,learned_integrated,2724,2724,0.9133627019089574,False,distinct
1.1,canonical_integrated_benchmark_heavy,canonical_integrated_heavy,integrated_free_space,integrated_free_space,89,optimal_mapf_coordinator,prioritized_sipp_coordinator,planner_integrated,planner_integrated,2628,2628,0.791095890410959,False,distinct
1.1,canonical_integrated_benchmark_heavy,canonical_integrated_heavy,integrated_free_space,integrated_free_space,89,optimal_mapf_coordinator,random_macro,planner_integrated,random_integrated,2628,2628,0.8047945205479452,False,distinct
1.1,canonical_integrated_benchmark_heavy,canonical_integrated_heavy,integrated_free_space,integrated_free_space,89,optimal_mapf_coordinator,trained_end_to_end_macro_ppo,planner_integrated,learned_integrated,2628,2628,0.791095890410959,False,distinct
1.1,canonical_integrated_benchmark_heavy,canonical_integrated_heavy,integrated_free_space,integrated_free_space,89,prioritized_sipp_coordinator,random_macro,planner_integrated,random_integrated,2628,2628,0.8713850837138508,False,distinct
1.1,canonical_integrated_benchmark_heavy,canonical_integrated_heavy,integrated_free_space,integrated_free_space,89,prioritized_sipp_coordinator,trained_end_to_end_macro_ppo,planner_integrated,learned_integrated,2628,2628,1.0,True,potentially_collapsed
1.1,canonical_integrated_benchmark_heavy,canonical_integrated_heavy,integrated_free_space,integrated_free_space,89,random_macro,trained_end_to_end_macro_ppo,random_integrated,learned_integrated,2628,2628,0.8713850837138508,False,distinct
1.1,canonical_integrated_benchmark_heavy,canonical_integrated_heavy,integrated_free_space,integrated_free_space,97,optimal_mapf_coordinator,prioritized_sipp_coordinator,planner_integrated,planner_integrated,2720,2720,0.6415441176470589,False,distinct
1.1,canonical_integrated_benchmark_heavy,canonical_integrated_heavy,integrated_free_space,integrated_free_space,97,optimal_mapf_coordinator,random_macro,planner_integrated,random_integrated,2720,2720,0.7235294117647059,False,distinct
1.1,canonical_integrated_benchmark_heavy,canonical_integrated_heavy,integrated_free_space,integrated_free_space,97,optimal_mapf_coordinator,trained_end_to_end_macro_ppo,planner_integrated,learned_integrated,2720,2720,0.6415441176470589,False,distinct
1.1,canonical_integrated_benchmark_heavy,canonical_integrated_heavy,integrated_free_space,integrated_free_space,97,prioritized_sipp_coordinator,random_macro,planner_integrated,random_integrated,2720,2720,0.7720588235294118,False,distinct
1.1,canonical_integrated_benchmark_heavy,canonical_integrated_heavy,integrated_free_space,integrated_free_space,97,prioritized_sipp_coordinator,trained_end_to_end_macro_ppo,planner_integrated,learned_integrated,2720,2720,1.0,True,potentially_collapsed
1.1,canonical_integrated_benchmark_heavy,canonical_integrated_heavy,integrated_free_space,integrated_free_space,97,random_macro,trained_end_to_end_macro_ppo,random_integrated,learned_integrated,2720,2720,0.7720588235294118,False,distinct
1.1,canonical_integrated_benchmark_heavy,canonical_integrated_heavy,integrated_free_space,integrated_free_space,101,optimal_mapf_coordinator,prioritized_sipp_coordinator,planner_integrated,planner_integrated,2184,2184,0.8502747252747253,False,distinct
1.1,canonical_integrated_benchmark_heavy,canonical_integrated_heavy,integrated_free_space,integrated_free_space,101,optimal_mapf_coordinator,random_macro,planner_integrated,random_integrated,2184,2152,0.8596654275092936,False,distinct
1.1,canonical_integrated_benchmark_heavy,canonical_integrated_heavy,integrated_free_space,integrated_free_space,101,optimal_mapf_coordinator,trained_end_to_end_macro_ppo,planner_integrated,learned_integrated,2184,2184,0.8502747252747253,False,distinct
1.1,canonical_integrated_benchmark_heavy,canonical_integrated_heavy,integrated_free_space,integrated_free_space,101,prioritized_sipp_coordinator,random_macro,planner_integrated,random_integrated,2184,2152,0.8926579925650557,False,distinct
1.1,canonical_integrated_benchmark_heavy,canonical_integrated_heavy,integrated_free_space,integrated_free_space,101,prioritized_sipp_coordinator,trained_end_to_end_macro_ppo,planner_integrated,learned_integrated,2184,2184,1.0,True,potentially_collapsed
1.1,canonical_integrated_benchmark_heavy,canonical_integrated_heavy,integrated_free_space,integrated_free_space,101,random_macro,trained_end_to_end_macro_ppo,random_integrated,learned_integrated,2152,2184,0.8926579925650557,False,distinct
1.1,canonical_integrated_benchmark_heavy,canonical_integrated_heavy,integrated_free_space,integrated_free_space,103,optimal_mapf_coordinator,prioritized_sipp_coordinator,planner_integrated,planner_integrated,2712,2712,0.7441002949852508,False,distinct
1.1,canonical_integrated_benchmark_heavy,canonical_integrated_heavy,integrated_free_space,integrated_free_space,103,optimal_mapf_coordinator,random_macro,planner_integrated,random_integrated,2712,2712,0.7809734513274337,False,distinct
1.1,canonical_integrated_benchmark_heavy,canonical_integrated_heavy,integrated_free_space,integrated_free_space,103,optimal_mapf_coordinator,trained_end_to_end_macro_ppo,planner_integrated,learned_integrated,2712,2712,0.7441002949852508,False,distinct
1.1,canonical_integrated_benchmark_heavy,canonical_integrated_heavy,integrated_free_space,integrated_free_space,103,prioritized_sipp_coordinator,random_macro,planner_integrated,random_integrated,2712,2712,0.8325958702064897,False,distinct
1.1,canonical_integrated_benchmark_heavy,canonical_integrated_heavy,integrated_free_space,integrated_free_space,103,prioritized_sipp_coordinator,trained_end_to_end_macro_ppo,planner_integrated,learned_integrated,2712,2712,1.0,True,potentially_collapsed
1.1,canonical_integrated_benchmark_heavy,canonical_integrated_heavy,integrated_free_space,integrated_free_space,103,random_macro,trained_end_to_end_macro_ppo,random_integrated,learned_integrated,2712,2712,0.8325958702064897,False,distinct
1.1,canonical_integrated_benchmark_heavy,canonical_integrated_heavy,integrated_free_space,integrated_free_space,107,optimal_mapf_coordinator,prioritized_sipp_coordinator,planner_integrated,planner_integrated,2664,2664,0.6719219219219219,False,distinct
1.1,canonical_integrated_benchmark_heavy,canonical_integrated_heavy,integrated_free_space,integrated_free_space,107,optimal_mapf_coordinator,random_macro,planner_integrated,random_integrated,2664,2664,0.6970720720720721,False,distinct
1.1,canonical_integrated_benchmark_heavy,canonical_integrated_heavy,integrated_free_space,integrated_free_space,107,optimal_mapf_coordinator,trained_end_to_end_macro_ppo,planner_integrated,learned_integrated,2664,2664,0.6719219219219219,False,distinct
1.1,canonical_integrated_benchmark_heavy,canonical_integrated_heavy,integrated_free_space,integrated_free_space,107,prioritized_sipp_coordinator,random_macro,planner_integrated,random_integrated,2664,2664,0.8637387387387387,False,distinct
1.1,canonical_integrated_benchmark_heavy,canonical_integrated_heavy,integrated_free_space,integrated_free_space,107,prioritized_sipp_coordinator,trained_end_to_end_macro_ppo,planner_integrated,learned_integrated,2664,2664,1.0,True,potentially_collapsed
1.1,canonical_integrated_benchmark_heavy,canonical_integrated_heavy,integrated_free_space,integrated_free_space,107,random_macro,trained_end_to_end_macro_ppo,random_integrated,learned_integrated,2664,2664,0.8637387387387387,False,distinct
1.1,canonical_integrated_benchmark_heavy,canonical_integrated_heavy,integrated_high_fleet_density_heavy,integrated_high_fleet_density_heavy,7,optimal_mapf_coordinator,prioritized_sipp_coordinator,planner_integrated,planner_integrated,59120,59120,0.5064952638700947,False,distinct
1.1,canonical_integrated_benchmark_heavy,canonical_integrated_heavy,integrated_high_fleet_density_heavy,integrated_high_fleet_density_heavy,7,optimal_mapf_coordinator,random_macro,planner_integrated,random_integrated,59120,59056,0.5153413709021946,False,distinct
1.1,canonical_integrated_benchmark_heavy,canonical_integrated_heavy,integrated_high_fleet_density_heavy,integrated_high_fleet_density_heavy,7,optimal_mapf_coordinator,trained_end_to_end_macro_ppo,planner_integrated,learned_integrated,59120,59072,0.5077024647887324,False,distinct
1.1,canonical_integrated_benchmark_heavy,canonical_integrated_heavy,integrated_high_fleet_density_heavy,integrated_high_fleet_density_heavy,7,prioritized_sipp_coordinator,random_macro,planner_integrated,random_integrated,59120,59056,0.72871511785424,False,distinct
1.1,canonical_integrated_benchmark_heavy,canonical_integrated_heavy,integrated_high_fleet_density_heavy,integrated_high_fleet_density_heavy,7,prioritized_sipp_coordinator,trained_end_to_end_macro_ppo,planner_integrated,learned_integrated,59120,59072,0.9467768147345612,False,distinct
1.1,canonical_integrated_benchmark_heavy,canonical_integrated_heavy,integrated_high_fleet_density_heavy,integrated_high_fleet_density_heavy,7,random_macro,trained_end_to_end_macro_ppo,random_integrated,learned_integrated,59056,59072,0.7323726632348957,False,distinct
1.1,canonical_integrated_benchmark_heavy,canonical_integrated_heavy,integrated_high_fleet_density_heavy,integrated_high_fleet_density_heavy,11,optimal_mapf_coordinator,prioritized_sipp_coordinator,planner_integrated,planner_integrated,59120,59120,0.47148173207036537,False,distinct
1.1,canonical_integrated_benchmark_heavy,canonical_integrated_heavy,integrated_high_fleet_density_heavy,integrated_high_fleet_density_heavy,11,optimal_mapf_coordinator,random_macro,planner_integrated,random_integrated,59120,59056,0.47659848279599026,False,distinct
1.1,canonical_integrated_benchmark_heavy,canonical_integrated_heavy,integrated_high_fleet_density_heavy,integrated_high_fleet_density_heavy,11,optimal_mapf_coordinator,trained_end_to_end_macro_ppo,planner_integrated,learned_integrated,59120,59120,0.47269959404600814,False,distinct
1.1,canonical_integrated_benchmark_heavy,canonical_integrated_heavy,integrated_high_fleet_density_heavy,integrated_high_fleet_density_heavy,11,prioritized_sipp_coordinator,random_macro,planner_integrated,random_integrated,59120,59056,0.7132382823083175,False,distinct
1.1,canonical_integrated_benchmark_heavy,canonical_integrated_heavy,integrated_high_fleet_density_heavy,integrated_high_fleet_density_heavy,11,prioritized_sipp_coordinator,trained_end_to_end_macro_ppo,planner_integrated,learned_integrated,59120,59120,0.9006427604871448,False,distinct
1.1,canonical_integrated_benchmark_heavy,canonical_integrated_heavy,integrated_high_fleet_density_heavy,integrated_high_fleet_density_heavy,11,random_macro,trained_end_to_end_macro_ppo,random_integrated,learned_integrated,59056,59120,0.7079212950419941,False,distinct
1.1,canonical_integrated_benchmark_heavy,canonical_integrated_heavy,integrated_high_fleet_density_heavy,integrated_high_fleet_density_heavy,13,optimal_mapf_coordinator,prioritized_sipp_coordinator,planner_integrated,planner_integrated,59120,59120,0.5018267929634641,False,distinct
1.1,canonical_integrated_benchmark_heavy,canonical_integrated_heavy,integrated_high_fleet_density_heavy,integrated_high_fleet_density_heavy,13,optimal_mapf_coordinator,random_macro,planner_integrated,random_integrated,59120,59104,0.5068015701136979,False,distinct
1.1,canonical_integrated_benchmark_heavy,canonical_integrated_heavy,integrated_high_fleet_density_heavy,integrated_high_fleet_density_heavy,13,optimal_mapf_coordinator,trained_end_to_end_macro_ppo,planner_integrated,learned_integrated,59120,59120,0.5034336941813261,False,distinct
1.1,canonical_integrated_benchmark_heavy,canonical_integrated_heavy,integrated_high_fleet_density_heavy,integrated_high_fleet_density_heavy,13,prioritized_sipp_coordinator,random_macro,planner_integrated,random_integrated,59120,59104,0.7035056848944234,False,distinct
1.1,canonical_integrated_benchmark_heavy,canonical_integrated_heavy,integrated_high_fleet_density_heavy,integrated_high_fleet_density_heavy,13,prioritized_sipp_coordinator,trained_end_to_end_macro_ppo,planner_integrated,learned_integrated,59120,59120,0.8670162381596752,False,distinct
1.1,canonical_integrated_benchmark_heavy,canonical_integrated_heavy,integrated_high_fleet_density_heavy,integrated_high_fleet_density_heavy,13,random_macro,trained_end_to_end_macro_ppo,random_integrated,learned_integrated,59104,59120,0.7101549810503519,False,distinct
1.1,canonical_integrated_benchmark_heavy,canonical_integrated_heavy,integrated_high_fleet_density_heavy,integrated_high_fleet_density_heavy,17,optimal_mapf_coordinator,prioritized_sipp_coordinator,planner_integrated,planner_integrated,57728,57728,0.4284056263858093,False,distinct
1.1,canonical_integrated_benchmark_heavy,canonical_integrated_heavy,integrated_high_fleet_density_heavy,integrated_high_fleet_density_heavy,17,optimal_mapf_coordinator,random_macro,planner_integrated,random_integrated,57728,57712,0.4340171887995564,False,distinct
1.1,canonical_integrated_benchmark_heavy,canonical_integrated_heavy,integrated_high_fleet_density_heavy,integrated_high_fleet_density_heavy,17,optimal_mapf_coordinator,trained_end_to_end_macro_ppo,planner_integrated,learned_integrated,57728,57712,0.42926947601885224,False,distinct
1.1,canonical_integrated_benchmark_heavy,canonical_integrated_heavy,integrated_high_fleet_density_heavy,integrated_high_fleet_density_heavy,17,prioritized_sipp_coordinator,random_macro,planner_integrated,random_integrated,57728,57712,0.664090657055725,False,distinct
1.1,canonical_integrated_benchmark_heavy,canonical_integrated_heavy,integrated_high_fleet_density_heavy,integrated_high_fleet_density_heavy,17,prioritized_sipp_coordinator,trained_end_to_end_macro_ppo,planner_integrated,learned_integrated,57728,57712,0.9160486553922927,False,distinct
1.1,canonical_integrated_benchmark_heavy,canonical_integrated_heavy,integrated_high_fleet_density_heavy,integrated_high_fleet_density_heavy,17,random_macro,trained_end_to_end_macro_ppo,random_integrated,learned_integrated,57712,57712,0.6698087052952593,False,distinct
1.1,canonical_integrated_benchmark_heavy,canonical_integrated_heavy,integrated_high_fleet_density_heavy,integrated_high_fleet_density_heavy,19,optimal_mapf_coordinator,prioritized_sipp_coordinator,planner_integrated,planner_integrated,58848,58848,0.5383530451332246,False,distinct
1.1,canonical_integrated_benchmark_heavy,canonical_integrated_heavy,integrated_high_fleet_density_heavy,integrated_high_fleet_density_heavy,19,optimal_mapf_coordinator,random_macro,planner_integrated,random_integrated,58848,58848,0.536449836867863,False,distinct
1.1,canonical_integrated_benchmark_heavy,canonical_integrated_heavy,integrated_high_fleet_density_heavy,integrated_high_fleet_density_heavy,19,optimal_mapf_coordinator,trained_end_to_end_macro_ppo,planner_integrated,learned_integrated,58848,58848,0.5380301794453507,False,distinct
1.1,canonical_integrated_benchmark_heavy,canonical_integrated_heavy,integrated_high_fleet_density_heavy,integrated_high_fleet_density_heavy,19,prioritized_sipp_coordinator,random_macro,planner_integrated,random_integrated,58848,58848,0.7495921696574225,False,distinct
1.1,canonical_integrated_benchmark_heavy,canonical_integrated_heavy,integrated_high_fleet_density_heavy,integrated_high_fleet_density_heavy,19,prioritized_sipp_coordinator,trained_end_to_end_macro_ppo,planner_integrated,learned_integrated,58848,58848,0.947576808047852,False,distinct
1.1,canonical_integrated_benchmark_heavy,canonical_integrated_heavy,integrated_high_fleet_density_heavy,integrated_high_fleet_density_heavy,19,random_macro,trained_end_to_end_macro_ppo,random_integrated,learned_integrated,58848,58848,0.7476379825992387,False,distinct
1.1,canonical_integrated_benchmark_heavy,canonical_integrated_heavy,integrated_high_fleet_density_heavy,integrated_high_fleet_density_heavy,23,optimal_mapf_coordinator,prioritized_sipp_coordinator,planner_integrated,planner_integrated,58368,58368,0.5484169407894737,False,distinct
1.1,canonical_integrated_benchmark_heavy,canonical_integrated_heavy,integrated_high_fleet_density_heavy,integrated_high_fleet_density_heavy,23,optimal_mapf_coordinator,random_macro,planner_integrated,random_integrated,58368,58368,0.5543277138157895,False,distinct
1.1,canonical_integrated_benchmark_heavy,canonical_integrated_heavy,integrated_high_fleet_density_heavy,integrated_high_fleet_density_heavy,23,optimal_mapf_coordinator,trained_end_to_end_macro_ppo,planner_integrated,learned_integrated,58368,58368,0.5488795230263158,False,distinct
1.1,canonical_integrated_benchmark_heavy,canonical_integrated_heavy,integrated_high_fleet_density_heavy,integrated_high_fleet_density_heavy,23,prioritized_sipp_coordinator,random_macro,planner_integrated,random_integrated,58368,58368,0.7431126644736842,False,distinct
1.1,canonical_integrated_benchmark_heavy,canonical_integrated_heavy,integrated_high_fleet_density_heavy,integrated_high_fleet_density_heavy,23,prioritized_sipp_coordinator,trained_end_to_end_macro_ppo,planner_integrated,learned_integrated,58368,58368,0.9679790296052632,False,distinct
1.1,canonical_integrated_benchmark_heavy,canonical_integrated_heavy,integrated_high_fleet_density_heavy,integrated_high_fleet_density_heavy,23,random_macro,trained_end_to_end_macro_ppo,random_integrated,learned_integrated,58368,58368,0.7416906524122807,False,distinct
1.1,canonical_integrated_benchmark_heavy,canonical_integrated_heavy,integrated_high_fleet_density_heavy,integrated_high_fleet_density_heavy,29,optimal_mapf_coordinator,prioritized_sipp_coordinator,planner_integrated,planner_integrated,58944,58944,0.4260823832790445,False,distinct
1.1,canonical_integrated_benchmark_heavy,canonical_integrated_heavy,integrated_high_fleet_density_heavy,integrated_high_fleet_density_heavy,29,optimal_mapf_coordinator,random_macro,planner_integrated,random_integrated,58944,58944,0.4293906080347448,False,distinct
1.1,canonical_integrated_benchmark_heavy,canonical_integrated_heavy,integrated_high_fleet_density_heavy,integrated_high_fleet_density_heavy,29,optimal_mapf_coordinator,trained_end_to_end_macro_ppo,planner_integrated,learned_integrated,58944,58944,0.42920399022801303,False,distinct
1.1,canonical_integrated_benchmark_heavy,canonical_integrated_heavy,integrated_high_fleet_density_heavy,integrated_high_fleet_density_heavy,29,prioritized_sipp_coordinator,random_macro,planner_integrated,random_integrated,58944,58944,0.6722312703583062,False,distinct
1.1,canonical_integrated_benchmark_heavy,canonical_integrated_heavy,integrated_high_fleet_density_heavy,integrated_high_fleet_density_heavy,29,prioritized_sipp_coordinator,trained_end_to_end_macro_ppo,planner_integrated,learned_integrated,58944,58944,0.8991585233441911,False,distinct
1.1,canonical_integrated_benchmark_heavy,canonical_integrated_heavy,integrated_high_fleet_density_heavy,integrated_high_fleet_density_heavy,29,random_macro,trained_end_to_end_macro_ppo,random_integrated,learned_integrated,58944,58944,0.6728589847991314,False,distinct
1.1,canonical_integrated_benchmark_heavy,canonical_integrated_heavy,integrated_high_fleet_density_heavy,integrated_high_fleet_density_heavy,31,optimal_mapf_coordinator,prioritized_sipp_coordinator,planner_integrated,planner_integrated,58192,58192,0.4570903216937036,False,distinct
1.1,canonical_integrated_benchmark_heavy,canonical_integrated_heavy,integrated_high_fleet_density_heavy,integrated_high_fleet_density_heavy,31,optimal_mapf_coordinator,random_macro,planner_integrated,random_integrated,58192,58240,0.4599773164696178,False,distinct
1.1,canonical_integrated_benchmark_heavy,canonical_integrated_heavy,integrated_high_fleet_density_heavy,integrated_high_fleet_density_heavy,31,optimal_mapf_coordinator,trained_end_to_end_macro_ppo,planner_integrated,learned_integrated,58192,58208,0.4565919714050041,False,distinct
1.1,canonical_integrated_benchmark_heavy,canonical_integrated_heavy,integrated_high_fleet_density_heavy,integrated_high_fleet_density_heavy,31,prioritized_sipp_coordinator,random_macro,planner_integrated,random_integrated,58192,58240,0.6851972779763541,False,distinct
1.1,canonical_integrated_benchmark_heavy,canonical_integrated_heavy,integrated_high_fleet_density_heavy,integrated_high_fleet_density_heavy,31,prioritized_sipp_coordinator,trained_end_to_end_macro_ppo,planner_integrated,learned_integrated,58192,58208,0.9385826230409678,False,distinct
1.1,canonical_integrated_benchmark_heavy,canonical_integrated_heavy,integrated_high_fleet_density_heavy,integrated_high_fleet_density_heavy,31,random_macro,trained_end_to_end_macro_ppo,random_integrated,learned_integrated,58240,58208,0.6864692138537658,False,distinct
1.1,canonical_integrated_benchmark_heavy,canonical_integrated_heavy,integrated_high_fleet_density_heavy,integrated_high_fleet_density_heavy,37,optimal_mapf_coordinator,prioritized_sipp_coordinator,planner_integrated,planner_integrated,58112,58112,0.44958012114537443,False,distinct
1.1,canonical_integrated_benchmark_heavy,canonical_integrated_heavy,integrated_high_fleet_density_heavy,integrated_high_fleet_density_heavy,37,optimal_mapf_coordinator,random_macro,planner_integrated,random_integrated,58112,58080,0.4559917355371901,False,distinct
1.1,canonical_integrated_benchmark_heavy,canonical_integrated_heavy,integrated_high_fleet_density_heavy,integrated_high_fleet_density_heavy,37,optimal_mapf_coordinator,trained_end_to_end_macro_ppo,planner_integrated,learned_integrated,58112,58096,0.45020311209033326,False,distinct
1.1,canonical_integrated_benchmark_heavy,canonical_integrated_heavy,integrated_high_fleet_density_heavy,integrated_high_fleet_density_heavy,37,prioritized_sipp_coordinator,random_macro,planner_integrated,random_integrated,58112,58080,0.7053546831955922,False,distinct
1.1,canonical_integrated_benchmark_heavy,canonical_integrated_heavy,integrated_high_fleet_density_heavy,integrated_high_fleet_density_heavy,37,prioritized_sipp_coordinator,trained_end_to_end_macro_ppo,planner_integrated,learned_integrated,58112,58096,0.9505645827595703,False,distinct
1.1,canonical_integrated_benchmark_heavy,canonical_integrated_heavy,integrated_high_fleet_density_heavy,integrated_high_fleet_density_heavy,37,random_macro,trained_end_to_end_macro_ppo,random_integrated,learned_integrated,58080,58096,0.6944387052341597,False,distinct
1.1,canonical_integrated_benchmark_heavy,canonical_integrated_heavy,integrated_high_fleet_density_heavy,integrated_high_fleet_density_heavy,41,optimal_mapf_coordinator,prioritized_sipp_coordinator,planner_integrated,planner_integrated,58672,58688,0.48564903190619035,False,distinct
1.1,canonical_integrated_benchmark_heavy,canonical_integrated_heavy,integrated_high_fleet_density_heavy,integrated_high_fleet_density_heavy,41,optimal_mapf_coordinator,random_macro,planner_integrated,random_integrated,58672,58672,0.4893475593127897,False,distinct
1.1,canonical_integrated_benchmark_heavy,canonical_integrated_heavy,integrated_high_fleet_density_heavy,integrated_high_fleet_density_heavy,41,optimal_mapf_coordinator,trained_end_to_end_macro_ppo,planner_integrated,learned_integrated,58672,58672,0.4863478320152713,False,distinct
1.1,canonical_integrated_benchmark_heavy,canonical_integrated_heavy,integrated_high_fleet_density_heavy,integrated_high_fleet_density_heavy,41,prioritized_sipp_coordinator,random_macro,planner_integrated,random_integrated,58688,58672,0.6930051813471503,False,distinct
1.1,canonical_integrated_benchmark_heavy,canonical_integrated_heavy,integrated_high_fleet_density_heavy,integrated_high_fleet_density_heavy,41,prioritized_sipp_coordinator,trained_end_to_end_macro_ppo,planner_integrated,learned_integrated,58688,58672,0.8779997272975184,False,distinct
1.1,canonical_integrated_benchmark_heavy,canonical_integrated_heavy,integrated_high_fleet_density_heavy,integrated_high_fleet_density_heavy,41,random_macro,trained_end_to_end_macro_ppo,random_integrated,learned_integrated,58672,58672,0.687943141532588,False,distinct
1.1,canonical_integrated_benchmark_heavy,canonical_integrated_heavy,integrated_high_fleet_density_heavy,integrated_high_fleet_density_heavy,43,optimal_mapf_coordinator,prioritized_sipp_coordinator,planner_integrated,planner_integrated,58640,58640,0.5229706684856753,False,distinct
1.1,canonical_integrated_benchmark_heavy,canonical_integrated_heavy,integrated_high_fleet_density_heavy,integrated_high_fleet_density_heavy,43,optimal_mapf_coordinator,random_macro,planner_integrated,random_integrated,58640,58640,0.5304740791268758,False,distinct
1.1,canonical_integrated_benchmark_heavy,canonical_integrated_heavy,integrated_high_fleet_density_heavy,integrated_high_fleet_density_heavy,43,optimal_mapf_coordinator,trained_end_to_end_macro_ppo,planner_integrated,learned_integrated,58640,58640,0.522868349249659,False,distinct
1.1,canonical_integrated_benchmark_heavy,canonical_integrated_heavy,integrated_high_fleet_density_heavy,integrated_high_fleet_density_heavy,43,prioritized_sipp_coordinator,random_macro,planner_integrated,random_integrated,58640,58640,0.7535641200545703,False,distinct
1.1,canonical_integrated_benchmark_heavy,canonical_integrated_heavy,integrated_high_fleet_density_heavy,integrated_high_fleet_density_heavy,43,prioritized_sipp_coordinator,trained_end_to_end_macro_ppo,planner_integrated,learned_integrated,58640,58640,0.950818553888131,False,distinct
1.1,canonical_integrated_benchmark_heavy,canonical_integrated_heavy,integrated_high_fleet_density_heavy,integrated_high_fleet_density_heavy,43,random_macro,trained_end_to_end_macro_ppo,random_integrated,learned_integrated,58640,58640,0.7485163710777626,False,distinct
1.1,canonical_integrated_benchmark_heavy,canonical_integrated_heavy,integrated_high_fleet_density_heavy,integrated_high_fleet_density_heavy,47,optimal_mapf_coordinator,prioritized_sipp_coordinator,planner_integrated,planner_integrated,58000,58000,0.47760344827586204,False,distinct
1.1,canonical_integrated_benchmark_heavy,canonical_integrated_heavy,integrated_high_fleet_density_heavy,integrated_high_fleet_density_heavy,47,optimal_mapf_coordinator,random_macro,planner_integrated,random_integrated,58000,58000,0.4868103448275862,False,distinct
1.1,canonical_integrated_benchmark_heavy,canonical_integrated_heavy,integrated_high_fleet_density_heavy,integrated_high_fleet_density_heavy,47,optimal_mapf_coordinator,trained_end_to_end_macro_ppo,planner_integrated,learned_integrated,58000,58000,0.47720689655172416,False,distinct
1.1,canonical_integrated_benchmark_heavy,canonical_integrated_heavy,integrated_high_fleet_density_heavy,integrated_high_fleet_density_heavy,47,prioritized_sipp_coordinator,random_macro,planner_integrated,random_integrated,58000,58000,0.7250689655172414,False,distinct
1.1,canonical_integrated_benchmark_heavy,canonical_integrated_heavy,integrated_high_fleet_density_heavy,integrated_high_fleet_density_heavy,47,prioritized_sipp_coordinator,trained_end_to_end_macro_ppo,planner_integrated,learned_integrated,58000,58000,0.9351896551724138,False,distinct
1.1,canonical_integrated_benchmark_heavy,canonical_integrated_heavy,integrated_high_fleet_density_heavy,integrated_high_fleet_density_heavy,47,random_macro,trained_end_to_end_macro_ppo,random_integrated,learned_integrated,58000,58000,0.7274310344827586,False,distinct
1.1,canonical_integrated_benchmark_heavy,canonical_integrated_heavy,integrated_high_fleet_density_heavy,integrated_high_fleet_density_heavy,53,optimal_mapf_coordinator,prioritized_sipp_coordinator,planner_integrated,planner_integrated,58048,58048,0.4676819184123484,False,distinct
1.1,canonical_integrated_benchmark_heavy,canonical_integrated_heavy,integrated_high_fleet_density_heavy,integrated_high_fleet_density_heavy,53,optimal_mapf_coordinator,random_macro,planner_integrated,random_integrated,58048,58000,0.47498275862068967,False,distinct
1.1,canonical_integrated_benchmark_heavy,canonical_integrated_heavy,integrated_high_fleet_density_heavy,integrated_high_fleet_density_heavy,53,optimal_mapf_coordinator,trained_end_to_end_macro_ppo,planner_integrated,learned_integrated,58048,58032,0.4693789633305762,False,distinct
1.1,canonical_integrated_benchmark_heavy,canonical_integrated_heavy,integrated_high_fleet_density_heavy,integrated_high_fleet_density_heavy,53,prioritized_sipp_coordinator,random_macro,planner_integrated,random_integrated,58048,58000,0.7037241379310345,False,distinct
1.1,canonical_integrated_benchmark_heavy,canonical_integrated_heavy,integrated_high_fleet_density_heavy,integrated_high_fleet_density_heavy,53,prioritized_sipp_coordinator,trained_end_to_end_macro_ppo,planner_integrated,learned_integrated,58048,58032,0.871088365039978,False,distinct
1.1,canonical_integrated_benchmark_heavy,canonical_integrated_heavy,integrated_high_fleet_density_heavy,integrated_high_fleet_density_heavy,53,random_macro,trained_end_to_end_macro_ppo,random_integrated,learned_integrated,58000,58032,0.6914482758620689,False,distinct
1.1,canonical_integrated_benchmark_heavy,canonical_integrated_heavy,integrated_high_fleet_density_heavy,integrated_high_fleet_density_heavy,59,optimal_mapf_coordinator,prioritized_sipp_coordinator,planner_integrated,planner_integrated,58592,58592,0.4724535772801748,False,distinct
1.1,canonical_integrated_benchmark_heavy,canonical_integrated_heavy,integrated_high_fleet_density_heavy,integrated_high_fleet_density_heavy,59,optimal_mapf_coordinator,random_macro,planner_integrated,random_integrated,58592,58592,0.4738360185690879,False,distinct
1.1,canonical_integrated_benchmark_heavy,canonical_integrated_heavy,integrated_high_fleet_density_heavy,integrated_high_fleet_density_heavy,59,optimal_mapf_coordinator,trained_end_to_end_macro_ppo,planner_integrated,learned_integrated,58592,58592,0.4727949208083015,False,distinct
1.1,canonical_integrated_benchmark_heavy,canonical_integrated_heavy,integrated_high_fleet_density_heavy,integrated_high_fleet_density_heavy,59,prioritized_sipp_coordinator,random_macro,planner_integrated,random_integrated,58592,58592,0.6977061714909886,False,distinct
1.1,canonical_integrated_benchmark_heavy,canonical_integrated_heavy,integrated_high_fleet_density_heavy,integrated_high_fleet_density_heavy,59,prioritized_sipp_coordinator,trained_end_to_end_macro_ppo,planner_integrated,learned_integrated,58592,58592,0.9017101310759148,False,distinct
1.1,canonical_integrated_benchmark_heavy,canonical_integrated_heavy,integrated_high_fleet_density_heavy,integrated_high_fleet_density_heavy,59,random_macro,trained_end_to_end_macro_ppo,random_integrated,learned_integrated,58592,58592,0.710352949208083,False,distinct
1.1,canonical_integrated_benchmark_heavy,canonical_integrated_heavy,integrated_high_fleet_density_heavy,integrated_high_fleet_density_heavy,61,optimal_mapf_coordinator,prioritized_sipp_coordinator,planner_integrated,planner_integrated,58816,58816,0.4865852829162133,False,distinct
1.1,canonical_integrated_benchmark_heavy,canonical_integrated_heavy,integrated_high_fleet_density_heavy,integrated_high_fleet_density_heavy,61,optimal_mapf_coordinator,random_macro,planner_integrated,random_integrated,58816,58784,0.49273611867174744,False,distinct
1.1,canonical_integrated_benchmark_heavy,canonical_integrated_heavy,integrated_high_fleet_density_heavy,integrated_high_fleet_density_heavy,61,optimal_mapf_coordinator,trained_end_to_end_macro_ppo,planner_integrated,learned_integrated,58816,58816,0.48735038084874865,False,distinct
1.1,canonical_integrated_benchmark_heavy,canonical_integrated_heavy,integrated_high_fleet_density_heavy,integrated_high_fleet_density_heavy,61,prioritized_sipp_coordinator,random_macro,planner_integrated,random_integrated,58816,58784,0.7235302123026673,False,distinct
1.1,canonical_integrated_benchmark_heavy,canonical_integrated_heavy,integrated_high_fleet_density_heavy,integrated_high_fleet_density_heavy,61,prioritized_sipp_coordinator,trained_end_to_end_macro_ppo,planner_integrated,learned_integrated,58816,58816,0.9625102013057671,False,distinct
1.1,canonical_integrated_benchmark_heavy,canonical_integrated_heavy,integrated_high_fleet_density_heavy,integrated_high_fleet_density_heavy,61,random_macro,trained_end_to_end_macro_ppo,random_integrated,learned_integrated,58784,58816,0.7176952912357104,False,distinct
1.1,canonical_integrated_benchmark_heavy,canonical_integrated_heavy,integrated_high_fleet_density_heavy,integrated_high_fleet_density_heavy,67,optimal_mapf_coordinator,prioritized_sipp_coordinator,planner_integrated,planner_integrated,58592,58592,0.4868241398143091,False,distinct
1.1,canonical_integrated_benchmark_heavy,canonical_integrated_heavy,integrated_high_fleet_density_heavy,integrated_high_fleet_density_heavy,67,optimal_mapf_coordinator,random_macro,planner_integrated,random_integrated,58592,58592,0.491193336974331,False,distinct
1.1,canonical_integrated_benchmark_heavy,canonical_integrated_heavy,integrated_high_fleet_density_heavy,integrated_high_fleet_density_heavy,67,optimal_mapf_coordinator,trained_end_to_end_macro_ppo,planner_integrated,learned_integrated,58592,58592,0.4889234025122884,False,distinct
1.1,canonical_integrated_benchmark_heavy,canonical_integrated_heavy,integrated_high_fleet_density_heavy,integrated_high_fleet_density_heavy,67,prioritized_sipp_coordinator,random_macro,planner_integrated,random_integrated,58592,58592,0.7141759967231022,False,distinct
1.1,canonical_integrated_benchmark_heavy,canonical_integrated_heavy,integrated_high_fleet_density_heavy,integrated_high_fleet_density_heavy,67,prioritized_sipp_coordinator,trained_end_to_end_macro_ppo,planner_integrated,learned_integrated,58592,58592,0.8911455488803932,False,distinct
1.1,canonical_integrated_benchmark_heavy,canonical_integrated_heavy,integrated_high_fleet_density_heavy,integrated_high_fleet_density_heavy,67,random_macro,trained_end_to_end_macro_ppo,random_integrated,learned_integrated,58592,58592,0.7318234571272528,False,distinct
1.1,canonical_integrated_benchmark_heavy,canonical_integrated_heavy,integrated_high_fleet_density_heavy,integrated_high_fleet_density_heavy,71,optimal_mapf_coordinator,prioritized_sipp_coordinator,planner_integrated,planner_integrated,58880,58880,0.45730298913043477,False,distinct
1.1,canonical_integrated_benchmark_heavy,canonical_integrated_heavy,integrated_high_fleet_density_heavy,integrated_high_fleet_density_heavy,71,optimal_mapf_coordinator,random_macro,planner_integrated,random_integrated,58880,58880,0.4551970108695652,False,distinct
1.1,canonical_integrated_benchmark_heavy,canonical_integrated_heavy,integrated_high_fleet_density_heavy,integrated_high_fleet_density_heavy,71,optimal_mapf_coordinator,trained_end_to_end_macro_ppo,planner_integrated,learned_integrated,58880,58880,0.4535665760869565,False,distinct
1.1,canonical_integrated_benchmark_heavy,canonical_integrated_heavy,integrated_high_fleet_density_heavy,integrated_high_fleet_density_heavy,71,prioritized_sipp_coordinator,random_macro,planner_integrated,random_integrated,58880,58880,0.6968070652173913,False,distinct
1.1,canonical_integrated_benchmark_heavy,canonical_integrated_heavy,integrated_high_fleet_density_heavy,integrated_high_fleet_density_heavy,71,prioritized_sipp_coordinator,trained_end_to_end_macro_ppo,planner_integrated,learned_integrated,58880,58880,0.9037364130434783,False,distinct
1.1,canonical_integrated_benchmark_heavy,canonical_integrated_heavy,integrated_high_fleet_density_heavy,integrated_high_fleet_density_heavy,71,random_macro,trained_end_to_end_macro_ppo,random_integrated,learned_integrated,58880,58880,0.6981317934782608,False,distinct
1.1,canonical_integrated_benchmark_heavy,canonical_integrated_heavy,integrated_high_fleet_density_heavy,integrated_high_fleet_density_heavy,73,optimal_mapf_coordinator,prioritized_sipp_coordinator,planner_integrated,planner_integrated,57888,57936,0.4620646766169154,False,distinct
1.1,canonical_integrated_benchmark_heavy,canonical_integrated_heavy,integrated_high_fleet_density_heavy,integrated_high_fleet_density_heavy,73,optimal_mapf_coordinator,random_macro,planner_integrated,random_integrated,57888,57888,0.46814538419016033,False,distinct
1.1,canonical_integrated_benchmark_heavy,canonical_integrated_heavy,integrated_high_fleet_density_heavy,integrated_high_fleet_density_heavy,73,optimal_mapf_coordinator,trained_end_to_end_macro_ppo,planner_integrated,learned_integrated,57888,57936,0.462893864013267,False,distinct
1.1,canonical_integrated_benchmark_heavy,canonical_integrated_heavy,integrated_high_fleet_density_heavy,integrated_high_fleet_density_heavy,73,prioritized_sipp_coordinator,random_macro,planner_integrated,random_integrated,57936,57888,0.6831985903814262,False,distinct
1.1,canonical_integrated_benchmark_heavy,canonical_integrated_heavy,integrated_high_fleet_density_heavy,integrated_high_fleet_density_heavy,73,prioritized_sipp_coordinator,trained_end_to_end_macro_ppo,planner_integrated,learned_integrated,57936,57936,0.9262462027064347,False,distinct
1.1,canonical_integrated_benchmark_heavy,canonical_integrated_heavy,integrated_high_fleet_density_heavy,integrated_high_fleet_density_heavy,73,random_macro,trained_end_to_end_macro_ppo,random_integrated,learned_integrated,57888,57936,0.69143864013267,False,distinct
1.1,canonical_integrated_benchmark_heavy,canonical_integrated_heavy,integrated_high_fleet_density_heavy,integrated_high_fleet_density_heavy,79,optimal_mapf_coordinator,prioritized_sipp_coordinator,planner_integrated,planner_integrated,57216,57248,0.4395448825503356,False,distinct
1.1,canonical_integrated_benchmark_heavy,canonical_integrated_heavy,integrated_high_fleet_density_heavy,integrated_high_fleet_density_heavy,79,optimal_mapf_coordinator,random_macro,planner_integrated,random_integrated,57216,57248,0.4437395134228188,False,distinct
1.1,canonical_integrated_benchmark_heavy,canonical_integrated_heavy,integrated_high_fleet_density_heavy,integrated_high_fleet_density_heavy,79,optimal_mapf_coordinator,trained_end_to_end_macro_ppo,planner_integrated,learned_integrated,57216,57184,0.43648573027420257,False,distinct
1.1,canonical_integrated_benchmark_heavy,canonical_integrated_heavy,integrated_high_fleet_density_heavy,integrated_high_fleet_density_heavy,79,prioritized_sipp_coordinator,random_macro,planner_integrated,random_integrated,57248,57248,0.6776306595863612,False,distinct
1.1,canonical_integrated_benchmark_heavy,canonical_integrated_heavy,integrated_high_fleet_density_heavy,integrated_high_fleet_density_heavy,79,prioritized_sipp_coordinator,trained_end_to_end_macro_ppo,planner_integrated,learned_integrated,57248,57184,0.9074391438164522,False,distinct
1.1,canonical_integrated_benchmark_heavy,canonical_integrated_heavy,integrated_high_fleet_density_heavy,integrated_high_fleet_density_heavy,79,random_macro,trained_end_to_end_macro_ppo,random_integrated,learned_integrated,57248,57184,0.6786338836038053,False,distinct
1.1,canonical_integrated_benchmark_heavy,canonical_integrated_heavy,integrated_high_fleet_density_heavy,integrated_high_fleet_density_heavy,83,optimal_mapf_coordinator,prioritized_sipp_coordinator,planner_integrated,planner_integrated,57168,57168,0.4926357402742793,False,distinct
1.1,canonical_integrated_benchmark_heavy,canonical_integrated_heavy,integrated_high_fleet_density_heavy,integrated_high_fleet_density_heavy,83,optimal_mapf_coordinator,random_macro,planner_integrated,random_integrated,57168,57168,0.4945074167366359,False,distinct
1.1,canonical_integrated_benchmark_heavy,canonical_integrated_heavy,integrated_high_fleet_density_heavy,integrated_high_fleet_density_heavy,83,optimal_mapf_coordinator,trained_end_to_end_macro_ppo,planner_integrated,learned_integrated,57168,57168,0.49114889448642596,False,distinct
1.1,canonical_integrated_benchmark_heavy,canonical_integrated_heavy,integrated_high_fleet_density_heavy,integrated_high_fleet_density_heavy,83,prioritized_sipp_coordinator,random_macro,planner_integrated,random_integrated,57168,57168,0.7106773019871256,False,distinct
1.1,canonical_integrated_benchmark_heavy,canonical_integrated_heavy,integrated_high_fleet_density_heavy,integrated_high_fleet_density_heavy,83,prioritized_sipp_coordinator,trained_end_to_end_macro_ppo,planner_integrated,learned_integrated,57168,57168,0.9563042261404981,False,distinct
1.1,canonical_integrated_benchmark_heavy,canonical_integrated_heavy,integrated_high_fleet_density_heavy,integrated_high_fleet_density_heavy,83,random_macro,trained_end_to_end_macro_ppo,random_integrated,learned_integrated,57168,57168,0.711376994122586,False,distinct
1.1,canonical_integrated_benchmark_heavy,canonical_integrated_heavy,integrated_high_fleet_density_heavy,integrated_high_fleet_density_heavy,89,optimal_mapf_coordinator,prioritized_sipp_coordinator,planner_integrated,planner_integrated,58832,58832,0.4410864835463693,False,distinct
1.1,canonical_integrated_benchmark_heavy,canonical_integrated_heavy,integrated_high_fleet_density_heavy,integrated_high_fleet_density_heavy,89,optimal_mapf_coordinator,random_macro,planner_integrated,random_integrated,58832,58816,0.46317328618063114,False,distinct
1.1,canonical_integrated_benchmark_heavy,canonical_integrated_heavy,integrated_high_fleet_density_heavy,integrated_high_fleet_density_heavy,89,optimal_mapf_coordinator,trained_end_to_end_macro_ppo,planner_integrated,learned_integrated,58832,58768,0.4409202286958889,False,distinct
1.1,canonical_integrated_benchmark_heavy,canonical_integrated_heavy,integrated_high_fleet_density_heavy,integrated_high_fleet_density_heavy,89,prioritized_sipp_coordinator,random_macro,planner_integrated,random_integrated,58832,58816,0.6919205658324266,False,distinct
1.1,canonical_integrated_benchmark_heavy,canonical_integrated_heavy,integrated_high_fleet_density_heavy,integrated_high_fleet_density_heavy,89,prioritized_sipp_coordinator,trained_end_to_end_macro_ppo,planner_integrated,learned_integrated,58832,58768,0.9110230057173972,False,distinct
1.1,canonical_integrated_benchmark_heavy,canonical_integrated_heavy,integrated_high_fleet_density_heavy,integrated_high_fleet_density_heavy,89,random_macro,trained_end_to_end_macro_ppo,random_integrated,learned_integrated,58816,58768,0.6983392322352301,False,distinct
1.1,canonical_integrated_benchmark_heavy,canonical_integrated_heavy,integrated_high_fleet_density_heavy,integrated_high_fleet_density_heavy,97,optimal_mapf_coordinator,prioritized_sipp_coordinator,planner_integrated,planner_integrated,57600,57600,0.5044791666666667,False,distinct
1.1,canonical_integrated_benchmark_heavy,canonical_integrated_heavy,integrated_high_fleet_density_heavy,integrated_high_fleet_density_heavy,97,optimal_mapf_coordinator,random_macro,planner_integrated,random_integrated,57600,57520,0.5134909596662031,False,distinct
1.1,canonical_integrated_benchmark_heavy,canonical_integrated_heavy,integrated_high_fleet_density_heavy,integrated_high_fleet_density_heavy,97,optimal_mapf_coordinator,trained_end_to_end_macro_ppo,planner_integrated,learned_integrated,57600,57584,0.5056265629341484,False,distinct
1.1,canonical_integrated_benchmark_heavy,canonical_integrated_heavy,integrated_high_fleet_density_heavy,integrated_high_fleet_density_heavy,97,prioritized_sipp_coordinator,random_macro,planner_integrated,random_integrated,57600,57520,0.7196974965229486,False,distinct
1.1,canonical_integrated_benchmark_heavy,canonical_integrated_heavy,integrated_high_fleet_density_heavy,integrated_high_fleet_density_heavy,97,prioritized_sipp_coordinator,trained_end_to_end_macro_ppo,planner_integrated,learned_integrated,57600,57584,0.9483363434287302,False,distinct
1.1,canonical_integrated_benchmark_heavy,canonical_integrated_heavy,integrated_high_fleet_density_heavy,integrated_high_fleet_density_heavy,97,random_macro,trained_end_to_end_macro_ppo,random_integrated,learned_integrated,57520,57584,0.7256432545201669,False,distinct
1.1,canonical_integrated_benchmark_heavy,canonical_integrated_heavy,integrated_high_fleet_density_heavy,integrated_high_fleet_density_heavy,101,optimal_mapf_coordinator,prioritized_sipp_coordinator,planner_integrated,planner_integrated,59120,59120,0.4915087956698241,False,distinct
1.1,canonical_integrated_benchmark_heavy,canonical_integrated_heavy,integrated_high_fleet_density_heavy,integrated_high_fleet_density_heavy,101,optimal_mapf_coordinator,random_macro,planner_integrated,random_integrated,59120,59120,0.49910351826792965,False,distinct
1.1,canonical_integrated_benchmark_heavy,canonical_integrated_heavy,integrated_high_fleet_density_heavy,integrated_high_fleet_density_heavy,101,optimal_mapf_coordinator,trained_end_to_end_macro_ppo,planner_integrated,learned_integrated,59120,59120,0.4933017591339648,False,distinct
1.1,canonical_integrated_benchmark_heavy,canonical_integrated_heavy,integrated_high_fleet_density_heavy,integrated_high_fleet_density_heavy,101,prioritized_sipp_coordinator,random_macro,planner_integrated,random_integrated,59120,59120,0.730446549391069,False,distinct
1.1,canonical_integrated_benchmark_heavy,canonical_integrated_heavy,integrated_high_fleet_density_heavy,integrated_high_fleet_density_heavy,101,prioritized_sipp_coordinator,trained_end_to_end_macro_ppo,planner_integrated,learned_integrated,59120,59120,0.9490020297699594,False,distinct
1.1,canonical_integrated_benchmark_heavy,canonical_integrated_heavy,integrated_high_fleet_density_heavy,integrated_high_fleet_density_heavy,101,random_macro,trained_end_to_end_macro_ppo,random_integrated,learned_integrated,59120,59120,0.7300067658998647,False,distinct
1.1,canonical_integrated_benchmark_heavy,canonical_integrated_heavy,integrated_high_fleet_density_heavy,integrated_high_fleet_density_heavy,103,optimal_mapf_coordinator,prioritized_sipp_coordinator,planner_integrated,planner_integrated,59072,59072,0.4296282502708559,False,distinct
1.1,canonical_integrated_benchmark_heavy,canonical_integrated_heavy,integrated_high_fleet_density_heavy,integrated_high_fleet_density_heavy,103,optimal_mapf_coordinator,random_macro,planner_integrated,random_integrated,59072,59072,0.4357902221018418,False,distinct
1.1,canonical_integrated_benchmark_heavy,canonical_integrated_heavy,integrated_high_fleet_density_heavy,integrated_high_fleet_density_heavy,103,optimal_mapf_coordinator,trained_end_to_end_macro_ppo,planner_integrated,learned_integrated,59072,59072,0.4274275460455038,False,distinct
1.1,canonical_integrated_benchmark_heavy,canonical_integrated_heavy,integrated_high_fleet_density_heavy,integrated_high_fleet_density_heavy,103,prioritized_sipp_coordinator,random_macro,planner_integrated,random_integrated,59072,59072,0.6822690953412784,False,distinct
1.1,canonical_integrated_benchmark_heavy,canonical_integrated_heavy,integrated_high_fleet_density_heavy,integrated_high_fleet_density_heavy,103,prioritized_sipp_coordinator,trained_end_to_end_macro_ppo,planner_integrated,learned_integrated,59072,59072,0.9340804442036836,False,distinct
1.1,canonical_integrated_benchmark_heavy,canonical_integrated_heavy,integrated_high_fleet_density_heavy,integrated_high_fleet_density_heavy,103,random_macro,trained_end_to_end_macro_ppo,random_integrated,learned_integrated,59072,59072,0.6823706663055255,False,distinct
1.1,canonical_integrated_benchmark_heavy,canonical_integrated_heavy,integrated_high_fleet_density_heavy,integrated_high_fleet_density_heavy,107,optimal_mapf_coordinator,prioritized_sipp_coordinator,planner_integrated,planner_integrated,58016,58016,0.4655612244897959,False,distinct
1.1,canonical_integrated_benchmark_heavy,canonical_integrated_heavy,integrated_high_fleet_density_heavy,integrated_high_fleet_density_heavy,107,optimal_mapf_coordinator,random_macro,planner_integrated,random_integrated,58016,58016,0.4740416436845008,False,distinct
1.1,canonical_integrated_benchmark_heavy,canonical_integrated_heavy,integrated_high_fleet_density_heavy,integrated_high_fleet_density_heavy,107,optimal_mapf_coordinator,trained_end_to_end_macro_ppo,planner_integrated,learned_integrated,58016,58016,0.468250137892995,False,distinct
1.1,canonical_integrated_benchmark_heavy,canonical_integrated_heavy,integrated_high_fleet_density_heavy,integrated_high_fleet_density_heavy,107,prioritized_sipp_coordinator,random_macro,planner_integrated,random_integrated,58016,58016,0.6914127137341423,False,distinct
1.1,canonical_integrated_benchmark_heavy,canonical_integrated_heavy,integrated_high_fleet_density_heavy,integrated_high_fleet_density_heavy,107,prioritized_sipp_coordinator,trained_end_to_end_macro_ppo,planner_integrated,learned_integrated,58016,58016,0.9049744897959183,False,distinct
1.1,canonical_integrated_benchmark_heavy,canonical_integrated_heavy,integrated_high_fleet_density_heavy,integrated_high_fleet_density_heavy,107,random_macro,trained_end_to_end_macro_ppo,random_integrated,learned_integrated,58016,58016,0.6996862934362934,False,distinct
1.1,canonical_integrated_benchmark_heavy,canonical_integrated_heavy,integrated_narrow_bottleneck,integrated_narrow_bottleneck,7,optimal_mapf_coordinator,prioritized_sipp_coordinator,planner_integrated,planner_integrated,2145,2145,0.7090909090909091,False,distinct
1.1,canonical_integrated_benchmark_heavy,canonical_integrated_heavy,integrated_narrow_bottleneck,integrated_narrow_bottleneck,7,optimal_mapf_coordinator,random_macro,planner_integrated,random_integrated,2145,2145,0.6573426573426573,False,distinct
1.1,canonical_integrated_benchmark_heavy,canonical_integrated_heavy,integrated_narrow_bottleneck,integrated_narrow_bottleneck,7,optimal_mapf_coordinator,trained_end_to_end_macro_ppo,planner_integrated,learned_integrated,2145,2145,0.7090909090909091,False,distinct
1.1,canonical_integrated_benchmark_heavy,canonical_integrated_heavy,integrated_narrow_bottleneck,integrated_narrow_bottleneck,7,prioritized_sipp_coordinator,random_macro,planner_integrated,random_integrated,2145,2145,0.7794871794871795,False,distinct
1.1,canonical_integrated_benchmark_heavy,canonical_integrated_heavy,integrated_narrow_bottleneck,integrated_narrow_bottleneck,7,prioritized_sipp_coordinator,trained_end_to_end_macro_ppo,planner_integrated,learned_integrated,2145,2145,1.0,True,potentially_collapsed
1.1,canonical_integrated_benchmark_heavy,canonical_integrated_heavy,integrated_narrow_bottleneck,integrated_narrow_bottleneck,7,random_macro,trained_end_to_end_macro_ppo,random_integrated,learned_integrated,2145,2145,0.7794871794871795,False,distinct
1.1,canonical_integrated_benchmark_heavy,canonical_integrated_heavy,integrated_narrow_bottleneck,integrated_narrow_bottleneck,11,optimal_mapf_coordinator,prioritized_sipp_coordinator,planner_integrated,planner_integrated,2142,2142,0.6890756302521008,False,distinct
1.1,canonical_integrated_benchmark_heavy,canonical_integrated_heavy,integrated_narrow_bottleneck,integrated_narrow_bottleneck,11,optimal_mapf_coordinator,random_macro,planner_integrated,random_integrated,2142,2142,0.6942110177404295,False,distinct
1.1,canonical_integrated_benchmark_heavy,canonical_integrated_heavy,integrated_narrow_bottleneck,integrated_narrow_bottleneck,11,optimal_mapf_coordinator,trained_end_to_end_macro_ppo,planner_integrated,learned_integrated,2142,2142,0.6890756302521008,False,distinct
1.1,canonical_integrated_benchmark_heavy,canonical_integrated_heavy,integrated_narrow_bottleneck,integrated_narrow_bottleneck,11,prioritized_sipp_coordinator,random_macro,planner_integrated,random_integrated,2142,2142,0.8277310924369747,False,distinct
1.1,canonical_integrated_benchmark_heavy,canonical_integrated_heavy,integrated_narrow_bottleneck,integrated_narrow_bottleneck,11,prioritized_sipp_coordinator,trained_end_to_end_macro_ppo,planner_integrated,learned_integrated,2142,2142,1.0,True,potentially_collapsed
1.1,canonical_integrated_benchmark_heavy,canonical_integrated_heavy,integrated_narrow_bottleneck,integrated_narrow_bottleneck,11,random_macro,trained_end_to_end_macro_ppo,random_integrated,learned_integrated,2142,2142,0.8277310924369747,False,distinct
1.1,canonical_integrated_benchmark_heavy,canonical_integrated_heavy,integrated_narrow_bottleneck,integrated_narrow_bottleneck,13,optimal_mapf_coordinator,prioritized_sipp_coordinator,planner_integrated,planner_integrated,1716,1716,0.7237762237762237,False,distinct
1.1,canonical_integrated_benchmark_heavy,canonical_integrated_heavy,integrated_narrow_bottleneck,integrated_narrow_bottleneck,13,optimal_mapf_coordinator,random_macro,planner_integrated,random_integrated,1716,1716,0.6975524475524476,False,distinct
1.1,canonical_integrated_benchmark_heavy,canonical_integrated_heavy,integrated_narrow_bottleneck,integrated_narrow_bottleneck,13,optimal_mapf_coordinator,trained_end_to_end_macro_ppo,planner_integrated,learned_integrated,1716,1716,0.7237762237762237,False,distinct
1.1,canonical_integrated_benchmark_heavy,canonical_integrated_heavy,integrated_narrow_bottleneck,integrated_narrow_bottleneck,13,prioritized_sipp_coordinator,random_macro,planner_integrated,random_integrated,1716,1716,0.7937062937062938,False,distinct
1.1,canonical_integrated_benchmark_heavy,canonical_integrated_heavy,integrated_narrow_bottleneck,integrated_narrow_bottleneck,13,prioritized_sipp_coordinator,trained_end_to_end_macro_ppo,planner_integrated,learned_integrated,1716,1716,1.0,True,potentially_collapsed
1.1,canonical_integrated_benchmark_heavy,canonical_integrated_heavy,integrated_narrow_bottleneck,integrated_narrow_bottleneck,13,random_macro,trained_end_to_end_macro_ppo,random_integrated,learned_integrated,1716,1716,0.7937062937062938,False,distinct
1.1,canonical_integrated_benchmark_heavy,canonical_integrated_heavy,integrated_narrow_bottleneck,integrated_narrow_bottleneck,17,optimal_mapf_coordinator,prioritized_sipp_coordinator,planner_integrated,planner_integrated,2088,2088,0.7131226053639846,False,distinct
1.1,canonical_integrated_benchmark_heavy,canonical_integrated_heavy,integrated_narrow_bottleneck,integrated_narrow_bottleneck,17,optimal_mapf_coordinator,random_macro,planner_integrated,random_integrated,2088,2088,0.6772030651340997,False,distinct
1.1,canonical_integrated_benchmark_heavy,canonical_integrated_heavy,integrated_narrow_bottleneck,integrated_narrow_bottleneck,17,optimal_mapf_coordinator,trained_end_to_end_macro_ppo,planner_integrated,learned_integrated,2088,2088,0.7131226053639846,False,distinct
1.1,canonical_integrated_benchmark_heavy,canonical_integrated_heavy,integrated_narrow_bottleneck,integrated_narrow_bottleneck,17,prioritized_sipp_coordinator,random_macro,planner_integrated,random_integrated,2088,2088,0.7897509578544061,False,distinct
1.1,canonical_integrated_benchmark_heavy,canonical_integrated_heavy,integrated_narrow_bottleneck,integrated_narrow_bottleneck,17,prioritized_sipp_coordinator,trained_end_to_end_macro_ppo,planner_integrated,learned_integrated,2088,2088,1.0,True,potentially_collapsed
1.1,canonical_integrated_benchmark_heavy,canonical_integrated_heavy,integrated_narrow_bottleneck,integrated_narrow_bottleneck,17,random_macro,trained_end_to_end_macro_ppo,random_integrated,learned_integrated,2088,2088,0.7897509578544061,False,distinct
1.1,canonical_integrated_benchmark_heavy,canonical_integrated_heavy,integrated_narrow_bottleneck,integrated_narrow_bottleneck,19,optimal_mapf_coordinator,prioritized_sipp_coordinator,planner_integrated,planner_integrated,1755,1755,0.7606837606837606,False,distinct
1.1,canonical_integrated_benchmark_heavy,canonical_integrated_heavy,integrated_narrow_bottleneck,integrated_narrow_bottleneck,19,optimal_mapf_coordinator,random_macro,planner_integrated,random_integrated,1755,1755,0.7584045584045584,False,distinct
1.1,canonical_integrated_benchmark_heavy,canonical_integrated_heavy,integrated_narrow_bottleneck,integrated_narrow_bottleneck,19,optimal_mapf_coordinator,trained_end_to_end_macro_ppo,planner_integrated,learned_integrated,1755,1755,0.7606837606837606,False,distinct
1.1,canonical_integrated_benchmark_heavy,canonical_integrated_heavy,integrated_narrow_bottleneck,integrated_narrow_bottleneck,19,prioritized_sipp_coordinator,random_macro,planner_integrated,random_integrated,1755,1755,0.8592592592592593,False,distinct
1.1,canonical_integrated_benchmark_heavy,canonical_integrated_heavy,integrated_narrow_bottleneck,integrated_narrow_bottleneck,19,prioritized_sipp_coordinator,trained_end_to_end_macro_ppo,planner_integrated,learned_integrated,1755,1755,1.0,True,potentially_collapsed
1.1,canonical_integrated_benchmark_heavy,canonical_integrated_heavy,integrated_narrow_bottleneck,integrated_narrow_bottleneck,19,random_macro,trained_end_to_end_macro_ppo,random_integrated,learned_integrated,1755,1755,0.8592592592592593,False,distinct
1.1,canonical_integrated_benchmark_heavy,canonical_integrated_heavy,integrated_narrow_bottleneck,integrated_narrow_bottleneck,23,optimal_mapf_coordinator,prioritized_sipp_coordinator,planner_integrated,planner_integrated,1917,1917,0.7730829420970265,False,distinct
1.1,canonical_integrated_benchmark_heavy,canonical_integrated_heavy,integrated_narrow_bottleneck,integrated_narrow_bottleneck,23,optimal_mapf_coordinator,random_macro,planner_integrated,random_integrated,1917,1917,0.7683881064162754,False,distinct
1.1,canonical_integrated_benchmark_heavy,canonical_integrated_heavy,integrated_narrow_bottleneck,integrated_narrow_bottleneck,23,optimal_mapf_coordinator,trained_end_to_end_macro_ppo,planner_integrated,learned_integrated,1917,1917,0.7730829420970265,False,distinct
1.1,canonical_integrated_benchmark_heavy,canonical_integrated_heavy,integrated_narrow_bottleneck,integrated_narrow_bottleneck,23,prioritized_sipp_coordinator,random_macro,planner_integrated,random_integrated,1917,1917,0.844548774126239,False,distinct
1.1,canonical_integrated_benchmark_heavy,canonical_integrated_heavy,integrated_narrow_bottleneck,integrated_narrow_bottleneck,23,prioritized_sipp_coordinator,trained_end_to_end_macro_ppo,planner_integrated,learned_integrated,1917,1917,1.0,True,potentially_collapsed
1.1,canonical_integrated_benchmark_heavy,canonical_integrated_heavy,integrated_narrow_bottleneck,integrated_narrow_bottleneck,23,random_macro,trained_end_to_end_macro_ppo,random_integrated,learned_integrated,1917,1917,0.844548774126239,False,distinct
1.1,canonical_integrated_benchmark_heavy,canonical_integrated_heavy,integrated_narrow_bottleneck,integrated_narrow_bottleneck,29,optimal_mapf_coordinator,prioritized_sipp_coordinator,planner_integrated,planner_integrated,2145,2145,0.7631701631701632,False,distinct
1.1,canonical_integrated_benchmark_heavy,canonical_integrated_heavy,integrated_narrow_bottleneck,integrated_narrow_bottleneck,29,optimal_mapf_coordinator,random_macro,planner_integrated,random_integrated,2145,2145,0.6881118881118881,False,distinct
1.1,canonical_integrated_benchmark_heavy,canonical_integrated_heavy,integrated_narrow_bottleneck,integrated_narrow_bottleneck,29,optimal_mapf_coordinator,trained_end_to_end_macro_ppo,planner_integrated,learned_integrated,2145,2145,0.7631701631701632,False,distinct
1.1,canonical_integrated_benchmark_heavy,canonical_integrated_heavy,integrated_narrow_bottleneck,integrated_narrow_bottleneck,29,prioritized_sipp_coordinator,random_macro,planner_integrated,random_integrated,2145,2145,0.7585081585081586,False,distinct
1.1,canonical_integrated_benchmark_heavy,canonical_integrated_heavy,integrated_narrow_bottleneck,integrated_narrow_bottleneck,29,prioritized_sipp_coordinator,trained_end_to_end_macro_ppo,planner_integrated,learned_integrated,2145,2145,1.0,True,potentially_collapsed
1.1,canonical_integrated_benchmark_heavy,canonical_integrated_heavy,integrated_narrow_bottleneck,integrated_narrow_bottleneck,29,random_macro,trained_end_to_end_macro_ppo,random_integrated,learned_integrated,2145,2145,0.7585081585081586,False,distinct
1.1,canonical_integrated_benchmark_heavy,canonical_integrated_heavy,integrated_narrow_bottleneck,integrated_narrow_bottleneck,31,optimal_mapf_coordinator,prioritized_sipp_coordinator,planner_integrated,planner_integrated,2088,2088,0.7830459770114943,False,distinct
1.1,canonical_integrated_benchmark_heavy,canonical_integrated_heavy,integrated_narrow_bottleneck,integrated_narrow_bottleneck,31,optimal_mapf_coordinator,random_macro,planner_integrated,random_integrated,2088,2088,0.7950191570881227,False,distinct
1.1,canonical_integrated_benchmark_heavy,canonical_integrated_heavy,integrated_narrow_bottleneck,integrated_narrow_bottleneck,31,optimal_mapf_coordinator,trained_end_to_end_macro_ppo,planner_integrated,learned_integrated,2088,2088,0.7830459770114943,False,distinct
1.1,canonical_integrated_benchmark_heavy,canonical_integrated_heavy,integrated_narrow_bottleneck,integrated_narrow_bottleneck,31,prioritized_sipp_coordinator,random_macro,planner_integrated,random_integrated,2088,2088,0.8462643678160919,False,distinct
1.1,canonical_integrated_benchmark_heavy,canonical_integrated_heavy,integrated_narrow_bottleneck,integrated_narrow_bottleneck,31,prioritized_sipp_coordinator,trained_end_to_end_macro_ppo,planner_integrated,learned_integrated,2088,2088,1.0,True,potentially_collapsed
1.1,canonical_integrated_benchmark_heavy,canonical_integrated_heavy,integrated_narrow_bottleneck,integrated_narrow_bottleneck,31,random_macro,trained_end_to_end_macro_ppo,random_integrated,learned_integrated,2088,2088,0.8462643678160919,False,distinct
1.1,canonical_integrated_benchmark_heavy,canonical_integrated_heavy,integrated_narrow_bottleneck,integrated_narrow_bottleneck,37,optimal_mapf_coordinator,prioritized_sipp_coordinator,planner_integrated,planner_integrated,2217,2217,0.7925124041497519,False,distinct
1.1,canonical_integrated_benchmark_heavy,canonical_integrated_heavy,integrated_narrow_bottleneck,integrated_narrow_bottleneck,37,optimal_mapf_coordinator,random_macro,planner_integrated,random_integrated,2217,2217,0.7361299052774019,False,distinct
1.1,canonical_integrated_benchmark_heavy,canonical_integrated_heavy,integrated_narrow_bottleneck,integrated_narrow_bottleneck,37,optimal_mapf_coordinator,trained_end_to_end_macro_ppo,planner_integrated,learned_integrated,2217,2217,0.7925124041497519,False,distinct
1.1,canonical_integrated_benchmark_heavy,canonical_integrated_heavy,integrated_narrow_bottleneck,integrated_narrow_bottleneck,37,prioritized_sipp_coordinator,random_macro,planner_integrated,random_integrated,2217,2217,0.8718989625620207,False,distinct
1.1,canonical_integrated_benchmark_heavy,canonical_integrated_heavy,integrated_narrow_bottleneck,integrated_narrow_bottleneck,37,prioritized_sipp_coordinator,trained_end_to_end_macro_ppo,planner_integrated,learned_integrated,2217,2217,1.0,True,potentially_collapsed
1.1,canonical_integrated_benchmark_heavy,canonical_integrated_heavy,integrated_narrow_bottleneck,integrated_narrow_bottleneck,37,random_macro,trained_end_to_end_macro_ppo,random_integrated,learned_integrated,2217,2217,0.8718989625620207,False,distinct
1.1,canonical_integrated_benchmark_heavy,canonical_integrated_heavy,integrated_narrow_bottleneck,integrated_narrow_bottleneck,41,optimal_mapf_coordinator,prioritized_sipp_coordinator,planner_integrated,planner_integrated,1854,1854,0.8338727076591155,False,distinct
1.1,canonical_integrated_benchmark_heavy,canonical_integrated_heavy,integrated_narrow_bottleneck,integrated_narrow_bottleneck,41,optimal_mapf_coordinator,random_macro,planner_integrated,random_integrated,1854,1854,0.8414239482200647,False,distinct
1.1,canonical_integrated_benchmark_heavy,canonical_integrated_heavy,integrated_narrow_bottleneck,integrated_narrow_bottleneck,41,optimal_mapf_coordinator,trained_end_to_end_macro_ppo,planner_integrated,learned_integrated,1854,1854,0.8338727076591155,False,distinct
1.1,canonical_integrated_benchmark_heavy,canonical_integrated_heavy,integrated_narrow_bottleneck,integrated_narrow_bottleneck,41,prioritized_sipp_coordinator,random_macro,planner_integrated,random_integrated,1854,1854,0.8818770226537217,False,distinct
1.1,canonical_integrated_benchmark_heavy,canonical_integrated_heavy,integrated_narrow_bottleneck,integrated_narrow_bottleneck,41,prioritized_sipp_coordinator,trained_end_to_end_macro_ppo,planner_integrated,learned_integrated,1854,1854,1.0,True,potentially_collapsed
1.1,canonical_integrated_benchmark_heavy,canonical_integrated_heavy,integrated_narrow_bottleneck,integrated_narrow_bottleneck,41,random_macro,trained_end_to_end_macro_ppo,random_integrated,learned_integrated,1854,1854,0.8818770226537217,False,distinct
1.1,canonical_integrated_benchmark_heavy,canonical_integrated_heavy,integrated_narrow_bottleneck,integrated_narrow_bottleneck,43,optimal_mapf_coordinator,prioritized_sipp_coordinator,planner_integrated,planner_integrated,2208,2208,0.7264492753623188,False,distinct
1.1,canonical_integrated_benchmark_heavy,canonical_integrated_heavy,integrated_narrow_bottleneck,integrated_narrow_bottleneck,43,optimal_mapf_coordinator,random_macro,planner_integrated,random_integrated,2208,2208,0.7083333333333334,False,distinct
1.1,canonical_integrated_benchmark_heavy,canonical_integrated_heavy,integrated_narrow_bottleneck,integrated_narrow_bottleneck,43,optimal_mapf_coordinator,trained_end_to_end_macro_ppo,planner_integrated,learned_integrated,2208,2208,0.7264492753623188,False,distinct
1.1,canonical_integrated_benchmark_heavy,canonical_integrated_heavy,integrated_narrow_bottleneck,integrated_narrow_bottleneck,43,prioritized_sipp_coordinator,random_macro,planner_integrated,random_integrated,2208,2208,0.8528079710144928,False,distinct
1.1,canonical_integrated_benchmark_heavy,canonical_integrated_heavy,integrated_narrow_bottleneck,integrated_narrow_bottleneck,43,prioritized_sipp_coordinator,trained_end_to_end_macro_ppo,planner_integrated,learned_integrated,2208,2208,1.0,True,potentially_collapsed
1.1,canonical_integrated_benchmark_heavy,canonical_integrated_heavy,integrated_narrow_bottleneck,integrated_narrow_bottleneck,43,random_macro,trained_end_to_end_macro_ppo,random_integrated,learned_integrated,2208,2208,0.8528079710144928,False,distinct
1.1,canonical_integrated_benchmark_heavy,canonical_integrated_heavy,integrated_narrow_bottleneck,integrated_narrow_bottleneck,47,optimal_mapf_coordinator,prioritized_sipp_coordinator,planner_integrated,planner_integrated,2100,2100,0.75,False,distinct
1.1,canonical_integrated_benchmark_heavy,canonical_integrated_heavy,integrated_narrow_bottleneck,integrated_narrow_bottleneck,47,optimal_mapf_coordinator,random_macro,planner_integrated,random_integrated,2100,2100,0.7485714285714286,False,distinct
1.1,canonical_integrated_benchmark_heavy,canonical_integrated_heavy,integrated_narrow_bottleneck,integrated_narrow_bottleneck,47,optimal_mapf_coordinator,trained_end_to_end_macro_ppo,planner_integrated,learned_integrated,2100,2100,0.75,False,distinct
1.1,canonical_integrated_benchmark_heavy,canonical_integrated_heavy,integrated_narrow_bottleneck,integrated_narrow_bottleneck,47,prioritized_sipp_coordinator,random_macro,planner_integrated,random_integrated,2100,2100,0.8671428571428571,False,distinct
1.1,canonical_integrated_benchmark_heavy,canonical_integrated_heavy,integrated_narrow_bottleneck,integrated_narrow_bottleneck,47,prioritized_sipp_coordinator,trained_end_to_end_macro_ppo,planner_integrated,learned_integrated,2100,2100,1.0,True,potentially_collapsed
1.1,canonical_integrated_benchmark_heavy,canonical_integrated_heavy,integrated_narrow_bottleneck,integrated_narrow_bottleneck,47,random_macro,trained_end_to_end_macro_ppo,random_integrated,learned_integrated,2100,2100,0.8671428571428571,False,distinct
1.1,canonical_integrated_benchmark_heavy,canonical_integrated_heavy,integrated_narrow_bottleneck,integrated_narrow_bottleneck,53,optimal_mapf_coordinator,prioritized_sipp_coordinator,planner_integrated,planner_integrated,1986,1986,0.6253776435045317,False,distinct
1.1,canonical_integrated_benchmark_heavy,canonical_integrated_heavy,integrated_narrow_bottleneck,integrated_narrow_bottleneck,53,optimal_mapf_coordinator,random_macro,planner_integrated,random_integrated,1986,1986,0.5881168177240684,False,distinct
1.1,canonical_integrated_benchmark_heavy,canonical_integrated_heavy,integrated_narrow_bottleneck,integrated_narrow_bottleneck,53,optimal_mapf_coordinator,trained_end_to_end_macro_ppo,planner_integrated,learned_integrated,1986,1986,0.6253776435045317,False,distinct
1.1,canonical_integrated_benchmark_heavy,canonical_integrated_heavy,integrated_narrow_bottleneck,integrated_narrow_bottleneck,53,prioritized_sipp_coordinator,random_macro,planner_integrated,random_integrated,1986,1986,0.7139979859013091,False,distinct
1.1,canonical_integrated_benchmark_heavy,canonical_integrated_heavy,integrated_narrow_bottleneck,integrated_narrow_bottleneck,53,prioritized_sipp_coordinator,trained_end_to_end_macro_ppo,planner_integrated,learned_integrated,1986,1986,1.0,True,potentially_collapsed
1.1,canonical_integrated_benchmark_heavy,canonical_integrated_heavy,integrated_narrow_bottleneck,integrated_narrow_bottleneck,53,random_macro,trained_end_to_end_macro_ppo,random_integrated,learned_integrated,1986,1986,0.7139979859013091,False,distinct
1.1,canonical_integrated_benchmark_heavy,canonical_integrated_heavy,integrated_narrow_bottleneck,integrated_narrow_bottleneck,59,optimal_mapf_coordinator,prioritized_sipp_coordinator,planner_integrated,planner_integrated,2247,2247,0.6012461059190031,False,distinct
1.1,canonical_integrated_benchmark_heavy,canonical_integrated_heavy,integrated_narrow_bottleneck,integrated_narrow_bottleneck,59,optimal_mapf_coordinator,random_macro,planner_integrated,random_integrated,2247,2247,0.5478415665331553,False,distinct
1.1,canonical_integrated_benchmark_heavy,canonical_integrated_heavy,integrated_narrow_bottleneck,integrated_narrow_bottleneck,59,optimal_mapf_coordinator,trained_end_to_end_macro_ppo,planner_integrated,learned_integrated,2247,2247,0.6012461059190031,False,distinct
1.1,canonical_integrated_benchmark_heavy,canonical_integrated_heavy,integrated_narrow_bottleneck,integrated_narrow_bottleneck,59,prioritized_sipp_coordinator,random_macro,planner_integrated,random_integrated,2247,2247,0.7133956386292835,False,distinct
1.1,canonical_integrated_benchmark_heavy,canonical_integrated_heavy,integrated_narrow_bottleneck,integrated_narrow_bottleneck,59,prioritized_sipp_coordinator,trained_end_to_end_macro_ppo,planner_integrated,learned_integrated,2247,2247,1.0,True,potentially_collapsed
1.1,canonical_integrated_benchmark_heavy,canonical_integrated_heavy,integrated_narrow_bottleneck,integrated_narrow_bottleneck,59,random_macro,trained_end_to_end_macro_ppo,random_integrated,learned_integrated,2247,2247,0.7133956386292835,False,distinct
1.1,canonical_integrated_benchmark_heavy,canonical_integrated_heavy,integrated_narrow_bottleneck,integrated_narrow_bottleneck,61,optimal_mapf_coordinator,prioritized_sipp_coordinator,planner_integrated,planner_integrated,1965,1968,0.7206106870229008,False,distinct
1.1,canonical_integrated_benchmark_heavy,canonical_integrated_heavy,integrated_narrow_bottleneck,integrated_narrow_bottleneck,61,optimal_mapf_coordinator,random_macro,planner_integrated,random_integrated,1965,1968,0.6997455470737913,False,distinct
1.1,canonical_integrated_benchmark_heavy,canonical_integrated_heavy,integrated_narrow_bottleneck,integrated_narrow_bottleneck,61,optimal_mapf_coordinator,trained_end_to_end_macro_ppo,planner_integrated,learned_integrated,1965,1968,0.7206106870229008,False,distinct
1.1,canonical_integrated_benchmark_heavy,canonical_integrated_heavy,integrated_narrow_bottleneck,integrated_narrow_bottleneck,61,prioritized_sipp_coordinator,random_macro,planner_integrated,random_integrated,1968,1968,0.8673780487804879,False,distinct
1.1,canonical_integrated_benchmark_heavy,canonical_integrated_heavy,integrated_narrow_bottleneck,integrated_narrow_bottleneck,61,prioritized_sipp_coordinator,trained_end_to_end_macro_ppo,planner_integrated,learned_integrated,1968,1968,1.0,True,potentially_collapsed
1.1,canonical_integrated_benchmark_heavy,canonical_integrated_heavy,integrated_narrow_bottleneck,integrated_narrow_bottleneck,61,random_macro,trained_end_to_end_macro_ppo,random_integrated,learned_integrated,1968,1968,0.8673780487804879,False,distinct
1.1,canonical_integrated_benchmark_heavy,canonical_integrated_heavy,integrated_narrow_bottleneck,integrated_narrow_bottleneck,67,optimal_mapf_coordinator,prioritized_sipp_coordinator,planner_integrated,planner_integrated,2031,2031,0.5942885278188085,False,distinct
1.1,canonical_integrated_benchmark_heavy,canonical_integrated_heavy,integrated_narrow_bottleneck,integrated_narrow_bottleneck,67,optimal_mapf_coordinator,random_macro,planner_integrated,random_integrated,2031,2031,0.6164451009354998,False,distinct
1.1,canonical_integrated_benchmark_heavy,canonical_integrated_heavy,integrated_narrow_bottleneck,integrated_narrow_bottleneck,67,optimal_mapf_coordinator,trained_end_to_end_macro_ppo,planner_integrated,learned_integrated,2031,2031,0.5942885278188085,False,distinct
1.1,canonical_integrated_benchmark_heavy,canonical_integrated_heavy,integrated_narrow_bottleneck,integrated_narrow_bottleneck,67,prioritized_sipp_coordinator,random_macro,planner_integrated,random_integrated,2031,2031,0.671097981290005,False,distinct
1.1,canonical_integrated_benchmark_heavy,canonical_integrated_heavy,integrated_narrow_bottleneck,integrated_narrow_bottleneck,67,prioritized_sipp_coordinator,trained_end_to_end_macro_ppo,planner_integrated,learned_integrated,2031,2031,1.0,True,potentially_collapsed
1.1,canonical_integrated_benchmark_heavy,canonical_integrated_heavy,integrated_narrow_bottleneck,integrated_narrow_bottleneck,67,random_macro,trained_end_to_end_macro_ppo,random_integrated,learned_integrated,2031,2031,0.671097981290005,False,distinct
1.1,canonical_integrated_benchmark_heavy,canonical_integrated_heavy,integrated_narrow_bottleneck,integrated_narrow_bottleneck,71,optimal_mapf_coordinator,prioritized_sipp_coordinator,planner_integrated,planner_integrated,2082,2085,0.6743515850144092,False,distinct
1.1,canonical_integrated_benchmark_heavy,canonical_integrated_heavy,integrated_narrow_bottleneck,integrated_narrow_bottleneck,71,optimal_mapf_coordinator,random_macro,planner_integrated,random_integrated,2082,2082,0.6930835734870316,False,distinct
1.1,canonical_integrated_benchmark_heavy,canonical_integrated_heavy,integrated_narrow_bottleneck,integrated_narrow_bottleneck,71,optimal_mapf_coordinator,trained_end_to_end_macro_ppo,planner_integrated,learned_integrated,2082,2085,0.6743515850144092,False,distinct
1.1,canonical_integrated_benchmark_heavy,canonical_integrated_heavy,integrated_narrow_bottleneck,integrated_narrow_bottleneck,71,prioritized_sipp_coordinator,random_macro,planner_integrated,random_integrated,2085,2082,0.7853025936599424,False,distinct
1.1,canonical_integrated_benchmark_heavy,canonical_integrated_heavy,integrated_narrow_bottleneck,integrated_narrow_bottleneck,71,prioritized_sipp_coordinator,trained_end_to_end_macro_ppo,planner_integrated,learned_integrated,2085,2085,1.0,True,potentially_collapsed
1.1,canonical_integrated_benchmark_heavy,canonical_integrated_heavy,integrated_narrow_bottleneck,integrated_narrow_bottleneck,71,random_macro,trained_end_to_end_macro_ppo,random_integrated,learned_integrated,2082,2085,0.7853025936599424,False,distinct
1.1,canonical_integrated_benchmark_heavy,canonical_integrated_heavy,integrated_narrow_bottleneck,integrated_narrow_bottleneck,73,optimal_mapf_coordinator,prioritized_sipp_coordinator,planner_integrated,planner_integrated,1743,1743,0.8072289156626506,False,distinct
1.1,canonical_integrated_benchmark_heavy,canonical_integrated_heavy,integrated_narrow_bottleneck,integrated_narrow_bottleneck,73,optimal_mapf_coordinator,random_macro,planner_integrated,random_integrated,1743,1743,0.7670682730923695,False,distinct
1.1,canonical_integrated_benchmark_heavy,canonical_integrated_heavy,integrated_narrow_bottleneck,integrated_narrow_bottleneck,73,optimal_mapf_coordinator,trained_end_to_end_macro_ppo,planner_integrated,learned_integrated,1743,1743,0.8072289156626506,False,distinct
1.1,canonical_integrated_benchmark_heavy,canonical_integrated_heavy,integrated_narrow_bottleneck,integrated_narrow_bottleneck,73,prioritized_sipp_coordinator,random_macro,planner_integrated,random_integrated,1743,1743,0.8341939185312679,False,distinct
1.1,canonical_integrated_benchmark_heavy,canonical_integrated_heavy,integrated_narrow_bottleneck,integrated_narrow_bottleneck,73,prioritized_sipp_coordinator,trained_end_to_end_macro_ppo,planner_integrated,learned_integrated,1743,1743,1.0,True,potentially_collapsed
1.1,canonical_integrated_benchmark_heavy,canonical_integrated_heavy,integrated_narrow_bottleneck,integrated_narrow_bottleneck,73,random_macro,trained_end_to_end_macro_ppo,random_integrated,learned_integrated,1743,1743,0.8341939185312679,False,distinct
1.1,canonical_integrated_benchmark_heavy,canonical_integrated_heavy,integrated_narrow_bottleneck,integrated_narrow_bottleneck,79,optimal_mapf_coordinator,prioritized_sipp_coordinator,planner_integrated,planner_integrated,1878,1878,0.7060702875399361,False,distinct
1.1,canonical_integrated_benchmark_heavy,canonical_integrated_heavy,integrated_narrow_bottleneck,integrated_narrow_bottleneck,79,optimal_mapf_coordinator,random_macro,planner_integrated,random_integrated,1878,1878,0.646964856230032,False,distinct
1.1,canonical_integrated_benchmark_heavy,canonical_integrated_heavy,integrated_narrow_bottleneck,integrated_narrow_bottleneck,79,optimal_mapf_coordinator,trained_end_to_end_macro_ppo,planner_integrated,learned_integrated,1878,1878,0.7060702875399361,False,distinct
1.1,canonical_integrated_benchmark_heavy,canonical_integrated_heavy,integrated_narrow_bottleneck,integrated_narrow_bottleneck,79,prioritized_sipp_coordinator,random_macro,planner_integrated,random_integrated,1878,1878,0.7050053248136315,False,distinct
1.1,canonical_integrated_benchmark_heavy,canonical_integrated_heavy,integrated_narrow_bottleneck,integrated_narrow_bottleneck,79,prioritized_sipp_coordinator,trained_end_to_end_macro_ppo,planner_integrated,learned_integrated,1878,1878,1.0,True,potentially_collapsed
1.1,canonical_integrated_benchmark_heavy,canonical_integrated_heavy,integrated_narrow_bottleneck,integrated_narrow_bottleneck,79,random_macro,trained_end_to_end_macro_ppo,random_integrated,learned_integrated,1878,1878,0.7050053248136315,False,distinct
1.1,canonical_integrated_benchmark_heavy,canonical_integrated_heavy,integrated_narrow_bottleneck,integrated_narrow_bottleneck,83,optimal_mapf_coordinator,prioritized_sipp_coordinator,planner_integrated,planner_integrated,2157,2157,0.8219749652294854,False,distinct
1.1,canonical_integrated_benchmark_heavy,canonical_integrated_heavy,integrated_narrow_bottleneck,integrated_narrow_bottleneck,83,optimal_mapf_coordinator,random_macro,planner_integrated,random_integrated,2157,2157,0.8331015299026425,False,distinct
1.1,canonical_integrated_benchmark_heavy,canonical_integrated_heavy,integrated_narrow_bottleneck,integrated_narrow_bottleneck,83,optimal_mapf_coordinator,trained_end_to_end_macro_ppo,planner_integrated,learned_integrated,2157,2157,0.8219749652294854,False,distinct
1.1,canonical_integrated_benchmark_heavy,canonical_integrated_heavy,integrated_narrow_bottleneck,integrated_narrow_bottleneck,83,prioritized_sipp_coordinator,random_macro,planner_integrated,random_integrated,2157,2157,0.8331015299026425,False,distinct
1.1,canonical_integrated_benchmark_heavy,canonical_integrated_heavy,integrated_narrow_bottleneck,integrated_narrow_bottleneck,83,prioritized_sipp_coordinator,trained_end_to_end_macro_ppo,planner_integrated,learned_integrated,2157,2157,1.0,True,potentially_collapsed
1.1,canonical_integrated_benchmark_heavy,canonical_integrated_heavy,integrated_narrow_bottleneck,integrated_narrow_bottleneck,83,random_macro,trained_end_to_end_macro_ppo,random_integrated,learned_integrated,2157,2157,0.8331015299026425,False,distinct
1.1,canonical_integrated_benchmark_heavy,canonical_integrated_heavy,integrated_narrow_bottleneck,integrated_narrow_bottleneck,89,optimal_mapf_coordinator,prioritized_sipp_coordinator,planner_integrated,planner_integrated,1905,1905,0.7648293963254593,False,distinct
1.1,canonical_integrated_benchmark_heavy,canonical_integrated_heavy,integrated_narrow_bottleneck,integrated_narrow_bottleneck,89,optimal_mapf_coordinator,random_macro,planner_integrated,random_integrated,1905,1905,0.7522309711286089,False,distinct
1.1,canonical_integrated_benchmark_heavy,canonical_integrated_heavy,integrated_narrow_bottleneck,integrated_narrow_bottleneck,89,optimal_mapf_coordinator,trained_end_to_end_macro_ppo,planner_integrated,learned_integrated,1905,1905,0.7648293963254593,False,distinct
1.1,canonical_integrated_benchmark_heavy,canonical_integrated_heavy,integrated_narrow_bottleneck,integrated_narrow_bottleneck,89,prioritized_sipp_coordinator,random_macro,planner_integrated,random_integrated,1905,1905,0.8661417322834646,False,distinct
1.1,canonical_integrated_benchmark_heavy,canonical_integrated_heavy,integrated_narrow_bottleneck,integrated_narrow_bottleneck,89,prioritized_sipp_coordinator,trained_end_to_end_macro_ppo,planner_integrated,learned_integrated,1905,1905,1.0,True,potentially_collapsed
1.1,canonical_integrated_benchmark_heavy,canonical_integrated_heavy,integrated_narrow_bottleneck,integrated_narrow_bottleneck,89,random_macro,trained_end_to_end_macro_ppo,random_integrated,learned_integrated,1905,1905,0.8661417322834646,False,distinct
1.1,canonical_integrated_benchmark_heavy,canonical_integrated_heavy,integrated_narrow_bottleneck,integrated_narrow_bottleneck,97,optimal_mapf_coordinator,prioritized_sipp_coordinator,planner_integrated,planner_integrated,2172,2172,0.6639042357274402,False,distinct
1.1,canonical_integrated_benchmark_heavy,canonical_integrated_heavy,integrated_narrow_bottleneck,integrated_narrow_bottleneck,97,optimal_mapf_coordinator,random_macro,planner_integrated,random_integrated,2172,2172,0.6919889502762431,False,distinct
1.1,canonical_integrated_benchmark_heavy,canonical_integrated_heavy,integrated_narrow_bottleneck,integrated_narrow_bottleneck,97,optimal_mapf_coordinator,trained_end_to_end_macro_ppo,planner_integrated,learned_integrated,2172,2172,0.6639042357274402,False,distinct
1.1,canonical_integrated_benchmark_heavy,canonical_integrated_heavy,integrated_narrow_bottleneck,integrated_narrow_bottleneck,97,prioritized_sipp_coordinator,random_macro,planner_integrated,random_integrated,2172,2172,0.7849907918968693,False,distinct
1.1,canonical_integrated_benchmark_heavy,canonical_integrated_heavy,integrated_narrow_bottleneck,integrated_narrow_bottleneck,97,prioritized_sipp_coordinator,trained_end_to_end_macro_ppo,planner_integrated,learned_integrated,2172,2172,1.0,True,potentially_collapsed
1.1,canonical_integrated_benchmark_heavy,canonical_integrated_heavy,integrated_narrow_bottleneck,integrated_narrow_bottleneck,97,random_macro,trained_end_to_end_macro_ppo,random_integrated,learned_integrated,2172,2172,0.7849907918968693,False,distinct
1.1,canonical_integrated_benchmark_heavy,canonical_integrated_heavy,integrated_narrow_bottleneck,integrated_narrow_bottleneck,101,optimal_mapf_coordinator,prioritized_sipp_coordinator,planner_integrated,planner_integrated,1959,1959,0.8427769270035732,False,distinct
1.1,canonical_integrated_benchmark_heavy,canonical_integrated_heavy,integrated_narrow_bottleneck,integrated_narrow_bottleneck,101,optimal_mapf_coordinator,random_macro,planner_integrated,random_integrated,1959,1959,0.8693210821847882,False,distinct
1.1,canonical_integrated_benchmark_heavy,canonical_integrated_heavy,integrated_narrow_bottleneck,integrated_narrow_bottleneck,101,optimal_mapf_coordinator,trained_end_to_end_macro_ppo,planner_integrated,learned_integrated,1959,1959,0.8427769270035732,False,distinct
1.1,canonical_integrated_benchmark_heavy,canonical_integrated_heavy,integrated_narrow_bottleneck,integrated_narrow_bottleneck,101,prioritized_sipp_coordinator,random_macro,planner_integrated,random_integrated,1959,1959,0.8713629402756509,False,distinct
1.1,canonical_integrated_benchmark_heavy,canonical_integrated_heavy,integrated_narrow_bottleneck,integrated_narrow_bottleneck,101,prioritized_sipp_coordinator,trained_end_to_end_macro_ppo,planner_integrated,learned_integrated,1959,1959,1.0,True,potentially_collapsed
1.1,canonical_integrated_benchmark_heavy,canonical_integrated_heavy,integrated_narrow_bottleneck,integrated_narrow_bottleneck,101,random_macro,trained_end_to_end_macro_ppo,random_integrated,learned_integrated,1959,1959,0.8713629402756509,False,distinct
1.1,canonical_integrated_benchmark_heavy,canonical_integrated_heavy,integrated_narrow_bottleneck,integrated_narrow_bottleneck,103,optimal_mapf_coordinator,prioritized_sipp_coordinator,planner_integrated,planner_integrated,1908,1896,0.7083333333333334,False,distinct
1.1,canonical_integrated_benchmark_heavy,canonical_integrated_heavy,integrated_narrow_bottleneck,integrated_narrow_bottleneck,103,optimal_mapf_coordinator,random_macro,planner_integrated,random_integrated,1908,1896,0.6777426160337553,False,distinct
1.1,canonical_integrated_benchmark_heavy,canonical_integrated_heavy,integrated_narrow_bottleneck,integrated_narrow_bottleneck,103,optimal_mapf_coordinator,trained_end_to_end_macro_ppo,planner_integrated,learned_integrated,1908,1896,0.7083333333333334,False,distinct
1.1,canonical_integrated_benchmark_heavy,canonical_integrated_heavy,integrated_narrow_bottleneck,integrated_narrow_bottleneck,103,prioritized_sipp_coordinator,random_macro,planner_integrated,random_integrated,1896,1896,0.8322784810126582,False,distinct
1.1,canonical_integrated_benchmark_heavy,canonical_integrated_heavy,integrated_narrow_bottleneck,integrated_narrow_bottleneck,103,prioritized_sipp_coordinator,trained_end_to_end_macro_ppo,planner_integrated,learned_integrated,1896,1896,1.0,True,potentially_collapsed
1.1,canonical_integrated_benchmark_heavy,canonical_integrated_heavy,integrated_narrow_bottleneck,integrated_narrow_bottleneck,103,random_macro,trained_end_to_end_macro_ppo,random_integrated,learned_integrated,1896,1896,0.8322784810126582,False,distinct
1.1,canonical_integrated_benchmark_heavy,canonical_integrated_heavy,integrated_narrow_bottleneck,integrated_narrow_bottleneck,107,optimal_mapf_coordinator,prioritized_sipp_coordinator,planner_integrated,planner_integrated,1728,1728,0.6365740740740741,False,distinct
1.1,canonical_integrated_benchmark_heavy,canonical_integrated_heavy,integrated_narrow_bottleneck,integrated_narrow_bottleneck,107,optimal_mapf_coordinator,random_macro,planner_integrated,random_integrated,1728,1728,0.6585648148148148,False,distinct
1.1,canonical_integrated_benchmark_heavy,canonical_integrated_heavy,integrated_narrow_bottleneck,integrated_narrow_bottleneck,107,optimal_mapf_coordinator,trained_end_to_end_macro_ppo,planner_integrated,learned_integrated,1728,1728,0.6365740740740741,False,distinct
1.1,canonical_integrated_benchmark_heavy,canonical_integrated_heavy,integrated_narrow_bottleneck,integrated_narrow_bottleneck,107,prioritized_sipp_coordinator,random_macro,planner_integrated,random_integrated,1728,1728,0.8333333333333334,False,distinct
1.1,canonical_integrated_benchmark_heavy,canonical_integrated_heavy,integrated_narrow_bottleneck,integrated_narrow_bottleneck,107,prioritized_sipp_coordinator,trained_end_to_end_macro_ppo,planner_integrated,learned_integrated,1728,1728,1.0,True,potentially_collapsed
1.1,canonical_integrated_benchmark_heavy,canonical_integrated_heavy,integrated_narrow_bottleneck,integrated_narrow_bottleneck,107,random_macro,trained_end_to_end_macro_ppo,random_integrated,learned_integrated,1728,1728,0.8333333333333334,False,distinct
1.1,canonical_integrated_benchmark_heavy,canonical_integrated_heavy,integrated_tight_chokepoint_heavy,integrated_tight_chokepoint_heavy,7,optimal_mapf_coordinator,prioritized_sipp_coordinator,planner_integrated,planner_integrated,58536,58536,0.1807263905972393,False,distinct
1.1,canonical_integrated_benchmark_heavy,canonical_integrated_heavy,integrated_tight_chokepoint_heavy,integrated_tight_chokepoint_heavy,7,optimal_mapf_coordinator,random_macro,planner_integrated,random_integrated,58536,58584,0.18286182861828618,False,distinct
1.1,canonical_integrated_benchmark_heavy,canonical_integrated_heavy,integrated_tight_chokepoint_heavy,integrated_tight_chokepoint_heavy,7,optimal_mapf_coordinator,trained_end_to_end_macro_ppo,planner_integrated,learned_integrated,58536,58536,0.1841430914309143,False,distinct
1.1,canonical_integrated_benchmark_heavy,canonical_integrated_heavy,integrated_tight_chokepoint_heavy,integrated_tight_chokepoint_heavy,7,prioritized_sipp_coordinator,random_macro,planner_integrated,random_integrated,58536,58584,0.359009840098401,False,distinct
1.1,canonical_integrated_benchmark_heavy,canonical_integrated_heavy,integrated_tight_chokepoint_heavy,integrated_tight_chokepoint_heavy,7,prioritized_sipp_coordinator,trained_end_to_end_macro_ppo,planner_integrated,learned_integrated,58536,58536,0.702764110974443,False,distinct
1.1,canonical_integrated_benchmark_heavy,canonical_integrated_heavy,integrated_tight_chokepoint_heavy,integrated_tight_chokepoint_heavy,7,random_macro,trained_end_to_end_macro_ppo,random_integrated,learned_integrated,58584,58536,0.3638957222905562,False,distinct
1.1,canonical_integrated_benchmark_heavy,canonical_integrated_heavy,integrated_tight_chokepoint_heavy,integrated_tight_chokepoint_heavy,11,optimal_mapf_coordinator,prioritized_sipp_coordinator,planner_integrated,planner_integrated,58872,58860,0.1910975195378865,False,distinct
1.1,canonical_integrated_benchmark_heavy,canonical_integrated_heavy,integrated_tight_chokepoint_heavy,integrated_tight_chokepoint_heavy,11,optimal_mapf_coordinator,random_macro,planner_integrated,random_integrated,58872,58872,0.17028468541921457,False,distinct
1.1,canonical_integrated_benchmark_heavy,canonical_integrated_heavy,integrated_tight_chokepoint_heavy,integrated_tight_chokepoint_heavy,11,optimal_mapf_coordinator,trained_end_to_end_macro_ppo,planner_integrated,learned_integrated,58872,58872,0.1851304525071341,False,distinct
1.1,canonical_integrated_benchmark_heavy,canonical_integrated_heavy,integrated_tight_chokepoint_heavy,integrated_tight_chokepoint_heavy,11,prioritized_sipp_coordinator,random_macro,planner_integrated,random_integrated,58860,58872,0.35389058783554195,False,distinct
1.1,canonical_integrated_benchmark_heavy,canonical_integrated_heavy,integrated_tight_chokepoint_heavy,integrated_tight_chokepoint_heavy,11,prioritized_sipp_coordinator,trained_end_to_end_macro_ppo,planner_integrated,learned_integrated,58860,58872,0.7861026163778457,False,distinct
1.1,canonical_integrated_benchmark_heavy,canonical_integrated_heavy,integrated_tight_chokepoint_heavy,integrated_tight_chokepoint_heavy,11,random_macro,trained_end_to_end_macro_ppo,random_integrated,learned_integrated,58872,58872,0.348009240385922,False,distinct
1.1,canonical_integrated_benchmark_heavy,canonical_integrated_heavy,integrated_tight_chokepoint_heavy,integrated_tight_chokepoint_heavy,13,optimal_mapf_coordinator,prioritized_sipp_coordinator,planner_integrated,planner_integrated,58860,58824,0.2095233238134095,False,distinct
1.1,canonical_integrated_benchmark_heavy,canonical_integrated_heavy,integrated_tight_chokepoint_heavy,integrated_tight_chokepoint_heavy,13,optimal_mapf_coordinator,random_macro,planner_integrated,random_integrated,58860,58836,0.19363994833095383,False,distinct
1.1,canonical_integrated_benchmark_heavy,canonical_integrated_heavy,integrated_tight_chokepoint_heavy,integrated_tight_chokepoint_heavy,13,optimal_mapf_coordinator,trained_end_to_end_macro_ppo,planner_integrated,learned_integrated,58860,58824,0.1935264517883857,False,distinct
1.1,canonical_integrated_benchmark_heavy,canonical_integrated_heavy,integrated_tight_chokepoint_heavy,integrated_tight_chokepoint_heavy,13,prioritized_sipp_coordinator,random_macro,planner_integrated,random_integrated,58824,58836,0.38890588875288995,False,distinct
1.1,canonical_integrated_benchmark_heavy,canonical_integrated_heavy,integrated_tight_chokepoint_heavy,integrated_tight_chokepoint_heavy,13,prioritized_sipp_coordinator,trained_end_to_end_macro_ppo,planner_integrated,learned_integrated,58824,58824,0.731844145246838,False,distinct
1.1,canonical_integrated_benchmark_heavy,canonical_integrated_heavy,integrated_tight_chokepoint_heavy,integrated_tight_chokepoint_heavy,13,random_macro,trained_end_to_end_macro_ppo,random_integrated,learned_integrated,58836,58824,0.40692574459404324,False,distinct
1.1,canonical_integrated_benchmark_heavy,canonical_integrated_heavy,integrated_tight_chokepoint_heavy,integrated_tight_chokepoint_heavy,17,optimal_mapf_coordinator,prioritized_sipp_coordinator,planner_integrated,planner_integrated,57744,57756,0.15303754502632308,False,distinct
1.1,canonical_integrated_benchmark_heavy,canonical_integrated_heavy,integrated_tight_chokepoint_heavy,integrated_tight_chokepoint_heavy,17,optimal_mapf_coordinator,random_macro,planner_integrated,random_integrated,57744,57732,0.13103651354534745,False,distinct
1.1,canonical_integrated_benchmark_heavy,canonical_integrated_heavy,integrated_tight_chokepoint_heavy,integrated_tight_chokepoint_heavy,17,optimal_mapf_coordinator,trained_end_to_end_macro_ppo,planner_integrated,learned_integrated,57744,57780,0.14221390967026878,False,distinct
1.1,canonical_integrated_benchmark_heavy,canonical_integrated_heavy,integrated_tight_chokepoint_heavy,integrated_tight_chokepoint_heavy,17,prioritized_sipp_coordinator,random_macro,planner_integrated,random_integrated,57756,57732,0.299418000415714,False,distinct
1.1,canonical_integrated_benchmark_heavy,canonical_integrated_heavy,integrated_tight_chokepoint_heavy,integrated_tight_chokepoint_heavy,17,prioritized_sipp_coordinator,trained_end_to_end_macro_ppo,planner_integrated,learned_integrated,57756,57780,0.6886210956437426,False,distinct
1.1,canonical_integrated_benchmark_heavy,canonical_integrated_heavy,integrated_tight_chokepoint_heavy,integrated_tight_chokepoint_heavy,17,random_macro,trained_end_to_end_macro_ppo,random_integrated,learned_integrated,57732,57780,0.2806589066722095,False,distinct
1.1,canonical_integrated_benchmark_heavy,canonical_integrated_heavy,integrated_tight_chokepoint_heavy,integrated_tight_chokepoint_heavy,19,optimal_mapf_coordinator,prioritized_sipp_coordinator,planner_integrated,planner_integrated,57564,57564,0.22415051073587658,False,distinct
1.1,canonical_integrated_benchmark_heavy,canonical_integrated_heavy,integrated_tight_chokepoint_heavy,integrated_tight_chokepoint_heavy,19,optimal_mapf_coordinator,random_macro,planner_integrated,random_integrated,57564,57564,0.2084983670349524,False,distinct
1.1,canonical_integrated_benchmark_heavy,canonical_integrated_heavy,integrated_tight_chokepoint_heavy,integrated_tight_chokepoint_heavy,19,optimal_mapf_coordinator,trained_end_to_end_macro_ppo,planner_integrated,learned_integrated,57564,57564,0.22100618442081857,False,distinct
1.1,canonical_integrated_benchmark_heavy,canonical_integrated_heavy,integrated_tight_chokepoint_heavy,integrated_tight_chokepoint_heavy,19,prioritized_sipp_coordinator,random_macro,planner_integrated,random_integrated,57564,57564,0.39630671947745116,False,distinct
1.1,canonical_integrated_benchmark_heavy,canonical_integrated_heavy,integrated_tight_chokepoint_heavy,integrated_tight_chokepoint_heavy,19,prioritized_sipp_coordinator,trained_end_to_end_macro_ppo,planner_integrated,learned_integrated,57564,57564,0.753978180807449,False,distinct
1.1,canonical_integrated_benchmark_heavy,canonical_integrated_heavy,integrated_tight_chokepoint_heavy,integrated_tight_chokepoint_heavy,19,random_macro,trained_end_to_end_macro_ppo,random_integrated,learned_integrated,57564,57564,0.39872142311166703,False,distinct
1.1,canonical_integrated_benchmark_heavy,canonical_integrated_heavy,integrated_tight_chokepoint_heavy,integrated_tight_chokepoint_heavy,23,optimal_mapf_coordinator,prioritized_sipp_coordinator,planner_integrated,planner_integrated,58884,58884,0.18702873446097412,False,distinct
1.1,canonical_integrated_benchmark_heavy,canonical_integrated_heavy,integrated_tight_chokepoint_heavy,integrated_tight_chokepoint_heavy,23,optimal_mapf_coordinator,random_macro,planner_integrated,random_integrated,58884,58896,0.1925140955098159,False,distinct
1.1,canonical_integrated_benchmark_heavy,canonical_integrated_heavy,integrated_tight_chokepoint_heavy,integrated_tight_chokepoint_heavy,23,optimal_mapf_coordinator,trained_end_to_end_macro_ppo,planner_integrated,learned_integrated,58884,58884,0.20192242374838665,False,distinct
1.1,canonical_integrated_benchmark_heavy,canonical_integrated_heavy,integrated_tight_chokepoint_heavy,integrated_tight_chokepoint_heavy,23,prioritized_sipp_coordinator,random_macro,planner_integrated,random_integrated,58884,58896,0.35238774539773116,False,distinct
1.1,canonical_integrated_benchmark_heavy,canonical_integrated_heavy,integrated_tight_chokepoint_heavy,integrated_tight_chokepoint_heavy,23,prioritized_sipp_coordinator,trained_end_to_end_macro_ppo,planner_integrated,learned_integrated,58884,58884,0.7475714965015964,False,distinct
1.1,canonical_integrated_benchmark_heavy,canonical_integrated_heavy,integrated_tight_chokepoint_heavy,integrated_tight_chokepoint_heavy,23,random_macro,trained_end_to_end_macro_ppo,random_integrated,learned_integrated,58896,58884,0.3436757013789824,False,distinct
1.1,canonical_integrated_benchmark_heavy,canonical_integrated_heavy,integrated_tight_chokepoint_heavy,integrated_tight_chokepoint_heavy,29,optimal_mapf_coordinator,prioritized_sipp_coordinator,planner_integrated,planner_integrated,58776,58728,0.1890239749352949,False,distinct
1.1,canonical_integrated_benchmark_heavy,canonical_integrated_heavy,integrated_tight_chokepoint_heavy,integrated_tight_chokepoint_heavy,29,optimal_mapf_coordinator,random_macro,planner_integrated,random_integrated,58776,58728,0.15266993597602507,False,distinct
1.1,canonical_integrated_benchmark_heavy,canonical_integrated_heavy,integrated_tight_chokepoint_heavy,integrated_tight_chokepoint_heavy,29,optimal_mapf_coordinator,trained_end_to_end_macro_ppo,planner_integrated,learned_integrated,58776,58728,0.16000885437951232,False,distinct
1.1,canonical_integrated_benchmark_heavy,canonical_integrated_heavy,integrated_tight_chokepoint_heavy,integrated_tight_chokepoint_heavy,29,prioritized_sipp_coordinator,random_macro,planner_integrated,random_integrated,58728,58728,0.27494551151069335,False,distinct
1.1,canonical_integrated_benchmark_heavy,canonical_integrated_heavy,integrated_tight_chokepoint_heavy,integrated_tight_chokepoint_heavy,29,prioritized_sipp_coordinator,trained_end_to_end_macro_ppo,planner_integrated,learned_integrated,58728,58728,0.5514405394360441,False,distinct
1.1,canonical_integrated_benchmark_heavy,canonical_integrated_heavy,integrated_tight_chokepoint_heavy,integrated_tight_chokepoint_heavy,29,random_macro,trained_end_to_end_macro_ppo,random_integrated,learned_integrated,58728,58728,0.2919901920719248,False,distinct
1.1,canonical_integrated_benchmark_heavy,canonical_integrated_heavy,integrated_tight_chokepoint_heavy,integrated_tight_chokepoint_heavy,31,optimal_mapf_coordinator,prioritized_sipp_coordinator,planner_integrated,planner_integrated,58056,58056,0.16778627532038032,False,distinct
1.1,canonical_integrated_benchmark_heavy,canonical_integrated_heavy,integrated_tight_chokepoint_heavy,integrated_tight_chokepoint_heavy,31,optimal_mapf_coordinator,random_macro,planner_integrated,random_integrated,58056,58056,0.1535241835469202,False,distinct
1.1,canonical_integrated_benchmark_heavy,canonical_integrated_heavy,integrated_tight_chokepoint_heavy,integrated_tight_chokepoint_heavy,31,optimal_mapf_coordinator,trained_end_to_end_macro_ppo,planner_integrated,learned_integrated,58056,58056,0.16308391897478297,False,distinct
1.1,canonical_integrated_benchmark_heavy,canonical_integrated_heavy,integrated_tight_chokepoint_heavy,integrated_tight_chokepoint_heavy,31,prioritized_sipp_coordinator,random_macro,planner_integrated,random_integrated,58056,58056,0.24979330301777594,False,distinct
1.1,canonical_integrated_benchmark_heavy,canonical_integrated_heavy,integrated_tight_chokepoint_heavy,integrated_tight_chokepoint_heavy,31,prioritized_sipp_coordinator,trained_end_to_end_macro_ppo,planner_integrated,learned_integrated,58056,58056,0.7290891552983326,False,distinct
1.1,canonical_integrated_benchmark_heavy,canonical_integrated_heavy,integrated_tight_chokepoint_heavy,integrated_tight_chokepoint_heavy,31,random_macro,trained_end_to_end_macro_ppo,random_integrated,learned_integrated,58056,58056,0.2642620917734601,False,distinct
1.1,canonical_integrated_benchmark_heavy,canonical_integrated_heavy,integrated_tight_chokepoint_heavy,integrated_tight_chokepoint_heavy,37,optimal_mapf_coordinator,prioritized_sipp_coordinator,planner_integrated,planner_integrated,57492,57480,0.1794189283228949,False,distinct
1.1,canonical_integrated_benchmark_heavy,canonical_integrated_heavy,integrated_tight_chokepoint_heavy,integrated_tight_chokepoint_heavy,37,optimal_mapf_coordinator,random_macro,planner_integrated,random_integrated,57492,57468,0.16976404259761954,False,distinct
1.1,canonical_integrated_benchmark_heavy,canonical_integrated_heavy,integrated_tight_chokepoint_heavy,integrated_tight_chokepoint_heavy,37,optimal_mapf_coordinator,trained_end_to_end_macro_ppo,planner_integrated,learned_integrated,57492,57420,0.17359804946011842,False,distinct
1.1,canonical_integrated_benchmark_heavy,canonical_integrated_heavy,integrated_tight_chokepoint_heavy,integrated_tight_chokepoint_heavy,37,prioritized_sipp_coordinator,random_macro,planner_integrated,random_integrated,57480,57468,0.3440697431614116,False,distinct
1.1,canonical_integrated_benchmark_heavy,canonical_integrated_heavy,integrated_tight_chokepoint_heavy,integrated_tight_chokepoint_heavy,37,prioritized_sipp_coordinator,trained_end_to_end_macro_ppo,planner_integrated,learned_integrated,57480,57420,0.5725182863113898,False,distinct
1.1,canonical_integrated_benchmark_heavy,canonical_integrated_heavy,integrated_tight_chokepoint_heavy,integrated_tight_chokepoint_heavy,37,random_macro,trained_end_to_end_macro_ppo,random_integrated,learned_integrated,57468,57420,0.336241727621038,False,distinct
1.1,canonical_integrated_benchmark_heavy,canonical_integrated_heavy,integrated_tight_chokepoint_heavy,integrated_tight_chokepoint_heavy,41,optimal_mapf_coordinator,prioritized_sipp_coordinator,planner_integrated,planner_integrated,58236,58248,0.19127343910982897,False,distinct
1.1,canonical_integrated_benchmark_heavy,canonical_integrated_heavy,integrated_tight_chokepoint_heavy,integrated_tight_chokepoint_heavy,41,optimal_mapf_coordinator,random_macro,planner_integrated,random_integrated,58236,58248,0.1635757950408682,False,distinct
1.1,canonical_integrated_benchmark_heavy,canonical_integrated_heavy,integrated_tight_chokepoint_heavy,integrated_tight_chokepoint_heavy,41,optimal_mapf_coordinator,trained_end_to_end_macro_ppo,planner_integrated,learned_integrated,58236,58224,0.1999519098653476,False,distinct
1.1,canonical_integrated_benchmark_heavy,canonical_integrated_heavy,integrated_tight_chokepoint_heavy,integrated_tight_chokepoint_heavy,41,prioritized_sipp_coordinator,random_macro,planner_integrated,random_integrated,58248,58248,0.2919070182667216,False,distinct
1.1,canonical_integrated_benchmark_heavy,canonical_integrated_heavy,integrated_tight_chokepoint_heavy,integrated_tight_chokepoint_heavy,41,prioritized_sipp_coordinator,trained_end_to_end_macro_ppo,planner_integrated,learned_integrated,58248,58224,0.48138224787029404,False,distinct
1.1,canonical_integrated_benchmark_heavy,canonical_integrated_heavy,integrated_tight_chokepoint_heavy,integrated_tight_chokepoint_heavy,41,random_macro,trained_end_to_end_macro_ppo,random_integrated,learned_integrated,58248,58224,0.31169277273976365,False,distinct
1.1,canonical_integrated_benchmark_heavy,canonical_integrated_heavy,integrated_tight_chokepoint_heavy,integrated_tight_chokepoint_heavy,43,optimal_mapf_coordinator,prioritized_sipp_coordinator,planner_integrated,planner_integrated,58908,58908,0.16082705235282135,False,distinct
1.1,canonical_integrated_benchmark_heavy,canonical_integrated_heavy,integrated_tight_chokepoint_heavy,integrated_tight_chokepoint_heavy,43,optimal_mapf_coordinator,random_macro,planner_integrated,random_integrated,58908,58896,0.16619125237707144,False,distinct
1.1,canonical_integrated_benchmark_heavy,canonical_integrated_heavy,integrated_tight_chokepoint_heavy,integrated_tight_chokepoint_heavy,43,optimal_mapf_coordinator,trained_end_to_end_macro_ppo,planner_integrated,learned_integrated,58908,58944,0.1589427581992259,False,distinct
1.1,canonical_integrated_benchmark_heavy,canonical_integrated_heavy,integrated_tight_chokepoint_heavy,integrated_tight_chokepoint_heavy,43,prioritized_sipp_coordinator,random_macro,planner_integrated,random_integrated,58908,58896,0.2988827764194512,False,distinct
1.1,canonical_integrated_benchmark_heavy,canonical_integrated_heavy,integrated_tight_chokepoint_heavy,integrated_tight_chokepoint_heavy,43,prioritized_sipp_coordinator,trained_end_to_end_macro_ppo,planner_integrated,learned_integrated,58908,58944,0.6824200448156448,False,distinct
1.1,canonical_integrated_benchmark_heavy,canonical_integrated_heavy,integrated_tight_chokepoint_heavy,integrated_tight_chokepoint_heavy,43,random_macro,trained_end_to_end_macro_ppo,random_integrated,learned_integrated,58896,58944,0.30450285248573755,False,distinct
1.1,canonical_integrated_benchmark_heavy,canonical_integrated_heavy,integrated_tight_chokepoint_heavy,integrated_tight_chokepoint_heavy,47,optimal_mapf_coordinator,prioritized_sipp_coordinator,planner_integrated,planner_integrated,58368,58368,0.16846559758771928,False,distinct
1.1,canonical_integrated_benchmark_heavy,canonical_integrated_heavy,integrated_tight_chokepoint_heavy,integrated_tight_chokepoint_heavy,47,optimal_mapf_coordinator,random_macro,planner_integrated,random_integrated,58368,58392,0.1649876644736842,False,distinct
1.1,canonical_integrated_benchmark_heavy,canonical_integrated_heavy,integrated_tight_chokepoint_heavy,integrated_tight_chokepoint_heavy,47,optimal_mapf_coordinator,trained_end_to_end_macro_ppo,planner_integrated,learned_integrated,58368,58380,0.19097793311403508,False,distinct
1.1,canonical_integrated_benchmark_heavy,canonical_integrated_heavy,integrated_tight_chokepoint_heavy,integrated_tight_chokepoint_heavy,47,prioritized_sipp_coordinator,random_macro,planner_integrated,random_integrated,58368,58392,0.34981496710526316,False,distinct
1.1,canonical_integrated_benchmark_heavy,canonical_integrated_heavy,integrated_tight_chokepoint_heavy,integrated_tight_chokepoint_heavy,47,prioritized_sipp_coordinator,trained_end_to_end_macro_ppo,planner_integrated,learned_integrated,58368,58380,0.7745853892543859,False,distinct
1.1,canonical_integrated_benchmark_heavy,canonical_integrated_heavy,integrated_tight_chokepoint_heavy,integrated_tight_chokepoint_heavy,47,random_macro,trained_end_to_end_macro_ppo,random_integrated,learned_integrated,58392,58380,0.3540424803014731,False,distinct
1.1,canonical_integrated_benchmark_heavy,canonical_integrated_heavy,integrated_tight_chokepoint_heavy,integrated_tight_chokepoint_heavy,53,optimal_mapf_coordinator,prioritized_sipp_coordinator,planner_integrated,planner_integrated,59076,59064,0.18474874712176623,False,distinct
1.1,canonical_integrated_benchmark_heavy,canonical_integrated_heavy,integrated_tight_chokepoint_heavy,integrated_tight_chokepoint_heavy,53,optimal_mapf_coordinator,random_macro,planner_integrated,random_integrated,59076,59052,0.1638217164532954,False,distinct
1.1,canonical_integrated_benchmark_heavy,canonical_integrated_heavy,integrated_tight_chokepoint_heavy,integrated_tight_chokepoint_heavy,53,optimal_mapf_coordinator,trained_end_to_end_macro_ppo,planner_integrated,learned_integrated,59076,59052,0.18156878683194472,False,distinct
1.1,canonical_integrated_benchmark_heavy,canonical_integrated_heavy,integrated_tight_chokepoint_heavy,integrated_tight_chokepoint_heavy,53,prioritized_sipp_coordinator,random_macro,planner_integrated,random_integrated,59064,59052,0.34440831809252864,False,distinct
1.1,canonical_integrated_benchmark_heavy,canonical_integrated_heavy,integrated_tight_chokepoint_heavy,integrated_tight_chokepoint_heavy,53,prioritized_sipp_coordinator,trained_end_to_end_macro_ppo,planner_integrated,learned_integrated,59064,59052,0.8137065637065637,False,distinct
1.1,canonical_integrated_benchmark_heavy,canonical_integrated_heavy,integrated_tight_chokepoint_heavy,integrated_tight_chokepoint_heavy,53,random_macro,trained_end_to_end_macro_ppo,random_integrated,learned_integrated,59052,59052,0.3365000338684549,False,distinct
1.1,canonical_integrated_benchmark_heavy,canonical_integrated_heavy,integrated_tight_chokepoint_heavy,integrated_tight_chokepoint_heavy,59,optimal_mapf_coordinator,prioritized_sipp_coordinator,planner_integrated,planner_integrated,58368,58368,0.17739172149122806,False,distinct
1.1,canonical_integrated_benchmark_heavy,canonical_integrated_heavy,integrated_tight_chokepoint_heavy,integrated_tight_chokepoint_heavy,59,optimal_mapf_coordinator,random_macro,planner_integrated,random_integrated,58368,58368,0.17471902412280702,False,distinct
1.1,canonical_integrated_benchmark_heavy,canonical_integrated_heavy,integrated_tight_chokepoint_heavy,integrated_tight_chokepoint_heavy,59,optimal_mapf_coordinator,trained_end_to_end_macro_ppo,planner_integrated,learned_integrated,58368,58368,0.1836451480263158,False,distinct
1.1,canonical_integrated_benchmark_heavy,canonical_integrated_heavy,integrated_tight_chokepoint_heavy,integrated_tight_chokepoint_heavy,59,prioritized_sipp_coordinator,random_macro,planner_integrated,random_integrated,58368,58368,0.3640008223684211,False,distinct
1.1,canonical_integrated_benchmark_heavy,canonical_integrated_heavy,integrated_tight_chokepoint_heavy,integrated_tight_chokepoint_heavy,59,prioritized_sipp_coordinator,trained_end_to_end_macro_ppo,planner_integrated,learned_integrated,58368,58368,0.6610985471491229,False,distinct
1.1,canonical_integrated_benchmark_heavy,canonical_integrated_heavy,integrated_tight_chokepoint_heavy,integrated_tight_chokepoint_heavy,59,random_macro,trained_end_to_end_macro_ppo,random_integrated,learned_integrated,58368,58368,0.35766173245614036,False,distinct
1.1,canonical_integrated_benchmark_heavy,canonical_integrated_heavy,integrated_tight_chokepoint_heavy,integrated_tight_chokepoint_heavy,61,optimal_mapf_coordinator,prioritized_sipp_coordinator,planner_integrated,planner_integrated,58656,58656,0.19033006001091107,False,distinct
1.1,canonical_integrated_benchmark_heavy,canonical_integrated_heavy,integrated_tight_chokepoint_heavy,integrated_tight_chokepoint_heavy,61,optimal_mapf_coordinator,random_macro,planner_integrated,random_integrated,58656,58656,0.17546372067648663,False,distinct
1.1,canonical_integrated_benchmark_heavy,canonical_integrated_heavy,integrated_tight_chokepoint_heavy,integrated_tight_chokepoint_heavy,61,optimal_mapf_coordinator,trained_end_to_end_macro_ppo,planner_integrated,learned_integrated,58656,58656,0.18717607746863066,False,distinct
1.1,canonical_integrated_benchmark_heavy,canonical_integrated_heavy,integrated_tight_chokepoint_heavy,integrated_tight_chokepoint_heavy,61,prioritized_sipp_coordinator,random_macro,planner_integrated,random_integrated,58656,58656,0.31579037097654117,False,distinct
1.1,canonical_integrated_benchmark_heavy,canonical_integrated_heavy,integrated_tight_chokepoint_heavy,integrated_tight_chokepoint_heavy,61,prioritized_sipp_coordinator,trained_end_to_end_macro_ppo,planner_integrated,learned_integrated,58656,58656,0.7562909165302782,False,distinct
1.1,canonical_integrated_benchmark_heavy,canonical_integrated_heavy,integrated_tight_chokepoint_heavy,integrated_tight_chokepoint_heavy,61,random_macro,trained_end_to_end_macro_ppo,random_integrated,learned_integrated,58656,58656,0.32109247135842883,False,distinct
1.1,canonical_integrated_benchmark_heavy,canonical_integrated_heavy,integrated_tight_chokepoint_heavy,integrated_tight_chokepoint_heavy,67,optimal_mapf_coordinator,prioritized_sipp_coordinator,planner_integrated,planner_integrated,58344,58356,0.1474016179898533,False,distinct
1.1,canonical_integrated_benchmark_heavy,canonical_integrated_heavy,integrated_tight_chokepoint_heavy,integrated_tight_chokepoint_heavy,67,optimal_mapf_coordinator,random_macro,planner_integrated,random_integrated,58344,58368,0.14145413410119292,False,distinct
1.1,canonical_integrated_benchmark_heavy,canonical_integrated_heavy,integrated_tight_chokepoint_heavy,integrated_tight_chokepoint_heavy,67,optimal_mapf_coordinator,trained_end_to_end_macro_ppo,planner_integrated,learned_integrated,58344,58344,0.13924310983134514,False,distinct
1.1,canonical_integrated_benchmark_heavy,canonical_integrated_heavy,integrated_tight_chokepoint_heavy,integrated_tight_chokepoint_heavy,67,prioritized_sipp_coordinator,random_macro,planner_integrated,random_integrated,58356,58368,0.30377339091096034,False,distinct
1.1,canonical_integrated_benchmark_heavy,canonical_integrated_heavy,integrated_tight_chokepoint_heavy,integrated_tight_chokepoint_heavy,67,prioritized_sipp_coordinator,trained_end_to_end_macro_ppo,planner_integrated,learned_integrated,58356,58344,0.6522007404360346,False,distinct
1.1,canonical_integrated_benchmark_heavy,canonical_integrated_heavy,integrated_tight_chokepoint_heavy,integrated_tight_chokepoint_heavy,67,random_macro,trained_end_to_end_macro_ppo,random_integrated,learned_integrated,58368,58344,0.27913752913752915,False,distinct
1.1,canonical_integrated_benchmark_heavy,canonical_integrated_heavy,integrated_tight_chokepoint_heavy,integrated_tight_chokepoint_heavy,71,optimal_mapf_coordinator,prioritized_sipp_coordinator,planner_integrated,planner_integrated,58320,58320,0.19655349794238683,False,distinct
1.1,canonical_integrated_benchmark_heavy,canonical_integrated_heavy,integrated_tight_chokepoint_heavy,integrated_tight_chokepoint_heavy,71,optimal_mapf_coordinator,random_macro,planner_integrated,random_integrated,58320,58284,0.17989499691167388,False,distinct
1.1,canonical_integrated_benchmark_heavy,canonical_integrated_heavy,integrated_tight_chokepoint_heavy,integrated_tight_chokepoint_heavy,71,optimal_mapf_coordinator,trained_end_to_end_macro_ppo,planner_integrated,learned_integrated,58320,58356,0.19713648834019204,False,distinct
1.1,canonical_integrated_benchmark_heavy,canonical_integrated_heavy,integrated_tight_chokepoint_heavy,integrated_tight_chokepoint_heavy,71,prioritized_sipp_coordinator,random_macro,planner_integrated,random_integrated,58320,58284,0.34249536751080917,False,distinct
1.1,canonical_integrated_benchmark_heavy,canonical_integrated_heavy,integrated_tight_chokepoint_heavy,integrated_tight_chokepoint_heavy,71,prioritized_sipp_coordinator,trained_end_to_end_macro_ppo,planner_integrated,learned_integrated,58320,58356,0.6446330589849109,False,distinct
1.1,canonical_integrated_benchmark_heavy,canonical_integrated_heavy,integrated_tight_chokepoint_heavy,integrated_tight_chokepoint_heavy,71,random_macro,trained_end_to_end_macro_ppo,random_integrated,learned_integrated,58284,58356,0.32914693569418707,False,distinct
1.1,canonical_integrated_benchmark_heavy,canonical_integrated_heavy,integrated_tight_chokepoint_heavy,integrated_tight_chokepoint_heavy,73,optimal_mapf_coordinator,prioritized_sipp_coordinator,planner_integrated,planner_integrated,58380,58380,0.1526892771497088,False,distinct
1.1,canonical_integrated_benchmark_heavy,canonical_integrated_heavy,integrated_tight_chokepoint_heavy,integrated_tight_chokepoint_heavy,73,optimal_mapf_coordinator,random_macro,planner_integrated,random_integrated,58380,58392,0.15195272353545736,False,distinct
1.1,canonical_integrated_benchmark_heavy,canonical_integrated_heavy,integrated_tight_chokepoint_heavy,integrated_tight_chokepoint_heavy,73,optimal_mapf_coordinator,trained_end_to_end_macro_ppo,planner_integrated,learned_integrated,58380,58380,0.15955806783144913,False,distinct
1.1,canonical_integrated_benchmark_heavy,canonical_integrated_heavy,integrated_tight_chokepoint_heavy,integrated_tight_chokepoint_heavy,73,prioritized_sipp_coordinator,random_macro,planner_integrated,random_integrated,58380,58392,0.31096265844467286,False,distinct
1.1,canonical_integrated_benchmark_heavy,canonical_integrated_heavy,integrated_tight_chokepoint_heavy,integrated_tight_chokepoint_heavy,73,prioritized_sipp_coordinator,trained_end_to_end_macro_ppo,planner_integrated,learned_integrated,58380,58380,0.6460774237752654,False,distinct
1.1,canonical_integrated_benchmark_heavy,canonical_integrated_heavy,integrated_tight_chokepoint_heavy,integrated_tight_chokepoint_heavy,73,random_macro,trained_end_to_end_macro_ppo,random_integrated,learned_integrated,58392,58380,0.3057896539910928,False,distinct
1.1,canonical_integrated_benchmark_heavy,canonical_integrated_heavy,integrated_tight_chokepoint_heavy,integrated_tight_chokepoint_heavy,79,optimal_mapf_coordinator,prioritized_sipp_coordinator,planner_integrated,planner_integrated,58896,58896,0.21288372724803042,False,distinct
1.1,canonical_integrated_benchmark_heavy,canonical_integrated_heavy,integrated_tight_chokepoint_heavy,integrated_tight_chokepoint_heavy,79,optimal_mapf_coordinator,random_macro,planner_integrated,random_integrated,58896,58884,0.20356973031723388,False,distinct
1.1,canonical_integrated_benchmark_heavy,canonical_integrated_heavy,integrated_tight_chokepoint_heavy,integrated_tight_chokepoint_heavy,79,optimal_mapf_coordinator,trained_end_to_end_macro_ppo,planner_integrated,learned_integrated,58896,58908,0.21928484107579463,False,distinct
1.1,canonical_integrated_benchmark_heavy,canonical_integrated_heavy,integrated_tight_chokepoint_heavy,integrated_tight_chokepoint_heavy,79,prioritized_sipp_coordinator,random_macro,planner_integrated,random_integrated,58896,58884,0.34396440459207933,False,distinct
1.1,canonical_integrated_benchmark_heavy,canonical_integrated_heavy,integrated_tight_chokepoint_heavy,integrated_tight_chokepoint_heavy,79,prioritized_sipp_coordinator,trained_end_to_end_macro_ppo,planner_integrated,learned_integrated,58896,58908,0.8087476229285521,False,distinct
1.1,canonical_integrated_benchmark_heavy,canonical_integrated_heavy,integrated_tight_chokepoint_heavy,integrated_tight_chokepoint_heavy,79,random_macro,trained_end_to_end_macro_ppo,random_integrated,learned_integrated,58884,58908,0.3649548264384213,False,distinct
1.1,canonical_integrated_benchmark_heavy,canonical_integrated_heavy,integrated_tight_chokepoint_heavy,integrated_tight_chokepoint_heavy,83,optimal_mapf_coordinator,prioritized_sipp_coordinator,planner_integrated,planner_integrated,58980,58992,0.18050186503899626,False,distinct
1.1,canonical_integrated_benchmark_heavy,canonical_integrated_heavy,integrated_tight_chokepoint_heavy,integrated_tight_chokepoint_heavy,83,optimal_mapf_coordinator,random_macro,planner_integrated,random_integrated,58980,58968,0.16761633428300096,False,distinct
1.1,canonical_integrated_benchmark_heavy,canonical_integrated_heavy,integrated_tight_chokepoint_heavy,integrated_tight_chokepoint_heavy,83,optimal_mapf_coordinator,trained_end_to_end_macro_ppo,planner_integrated,learned_integrated,58980,58956,0.18169482325802294,False,distinct
1.1,canonical_integrated_benchmark_heavy,canonical_integrated_heavy,integrated_tight_chokepoint_heavy,integrated_tight_chokepoint_heavy,83,prioritized_sipp_coordinator,random_macro,planner_integrated,random_integrated,58992,58968,0.31983448650115315,False,distinct
1.1,canonical_integrated_benchmark_heavy,canonical_integrated_heavy,integrated_tight_chokepoint_heavy,integrated_tight_chokepoint_heavy,83,prioritized_sipp_coordinator,trained_end_to_end_macro_ppo,planner_integrated,learned_integrated,58992,58956,0.6337268471402402,False,distinct
1.1,canonical_integrated_benchmark_heavy,canonical_integrated_heavy,integrated_tight_chokepoint_heavy,integrated_tight_chokepoint_heavy,83,random_macro,trained_end_to_end_macro_ppo,random_integrated,learned_integrated,58968,58956,0.3325191668362847,False,distinct
1.1,canonical_integrated_benchmark_heavy,canonical_integrated_heavy,integrated_tight_chokepoint_heavy,integrated_tight_chokepoint_heavy,89,optimal_mapf_coordinator,prioritized_sipp_coordinator,planner_integrated,planner_integrated,59052,59052,0.17840208629682314,False,distinct
1.1,canonical_integrated_benchmark_heavy,canonical_integrated_heavy,integrated_tight_chokepoint_heavy,integrated_tight_chokepoint_heavy,89,optimal_mapf_coordinator,random_macro,planner_integrated,random_integrated,59052,59004,0.17017490339637992,False,distinct
1.1,canonical_integrated_benchmark_heavy,canonical_integrated_heavy,integrated_tight_chokepoint_heavy,integrated_tight_chokepoint_heavy,89,optimal_mapf_coordinator,trained_end_to_end_macro_ppo,planner_integrated,learned_integrated,59052,59052,0.19438799701957596,False,distinct
1.1,canonical_integrated_benchmark_heavy,canonical_integrated_heavy,integrated_tight_chokepoint_heavy,integrated_tight_chokepoint_heavy,89,prioritized_sipp_coordinator,random_macro,planner_integrated,random_integrated,59052,59004,0.3189444783404515,False,distinct
1.1,canonical_integrated_benchmark_heavy,canonical_integrated_heavy,integrated_tight_chokepoint_heavy,integrated_tight_chokepoint_heavy,89,prioritized_sipp_coordinator,trained_end_to_end_macro_ppo,planner_integrated,learned_integrated,59052,59052,0.6260414549888235,False,distinct
1.1,canonical_integrated_benchmark_heavy,canonical_integrated_heavy,integrated_tight_chokepoint_heavy,integrated_tight_chokepoint_heavy,89,random_macro,trained_end_to_end_macro_ppo,random_integrated,learned_integrated,59004,59052,0.33297742525930446,False,distinct
1.1,canonical_integrated_benchmark_heavy,canonical_integrated_heavy,integrated_tight_chokepoint_heavy,integrated_tight_chokepoint_heavy,97,optimal_mapf_coordinator,prioritized_sipp_coordinator,planner_integrated,planner_integrated,58356,58356,0.19471862362053602,False,distinct
1.1,canonical_integrated_benchmark_heavy,canonical_integrated_heavy,integrated_tight_chokepoint_heavy,integrated_tight_chokepoint_heavy,97,optimal_mapf_coordinator,random_macro,planner_integrated,random_integrated,58356,58356,0.2030982246898348,False,distinct
1.1,canonical_integrated_benchmark_heavy,canonical_integrated_heavy,integrated_tight_chokepoint_heavy,integrated_tight_chokepoint_heavy,97,optimal_mapf_coordinator,trained_end_to_end_macro_ppo,planner_integrated,learned_integrated,58356,58356,0.21029542806223867,False,distinct
1.1,canonical_integrated_benchmark_heavy,canonical_integrated_heavy,integrated_tight_chokepoint_heavy,integrated_tight_chokepoint_heavy,97,prioritized_sipp_coordinator,random_macro,planner_integrated,random_integrated,58356,58356,0.36018575639180206,False,distinct
1.1,canonical_integrated_benchmark_heavy,canonical_integrated_heavy,integrated_tight_chokepoint_heavy,integrated_tight_chokepoint_heavy,97,prioritized_sipp_coordinator,trained_end_to_end_macro_ppo,planner_integrated,learned_integrated,58356,58356,0.655733772020015,False,distinct
1.1,canonical_integrated_benchmark_heavy,canonical_integrated_heavy,integrated_tight_chokepoint_heavy,integrated_tight_chokepoint_heavy,97,random_macro,trained_end_to_end_macro_ppo,random_integrated,learned_integrated,58356,58356,0.3823257248611968,False,distinct
1.1,canonical_integrated_benchmark_heavy,canonical_integrated_heavy,integrated_tight_chokepoint_heavy,integrated_tight_chokepoint_heavy,101,optimal_mapf_coordinator,prioritized_sipp_coordinator,planner_integrated,planner_integrated,57480,57444,0.17470928208342038,False,distinct
1.1,canonical_integrated_benchmark_heavy,canonical_integrated_heavy,integrated_tight_chokepoint_heavy,integrated_tight_chokepoint_heavy,101,optimal_mapf_coordinator,random_macro,planner_integrated,random_integrated,57480,57504,0.18168058455114822,False,distinct
1.1,canonical_integrated_benchmark_heavy,canonical_integrated_heavy,integrated_tight_chokepoint_heavy,integrated_tight_chokepoint_heavy,101,optimal_mapf_coordinator,trained_end_to_end_macro_ppo,planner_integrated,learned_integrated,57480,57504,0.18498608211551845,False,distinct
1.1,canonical_integrated_benchmark_heavy,canonical_integrated_heavy,integrated_tight_chokepoint_heavy,integrated_tight_chokepoint_heavy,101,prioritized_sipp_coordinator,random_macro,planner_integrated,random_integrated,57444,57504,0.2646925701552817,False,distinct
1.1,canonical_integrated_benchmark_heavy,canonical_integrated_heavy,integrated_tight_chokepoint_heavy,integrated_tight_chokepoint_heavy,101,prioritized_sipp_coordinator,trained_end_to_end_macro_ppo,planner_integrated,learned_integrated,57444,57504,0.6249738876122832,False,distinct
1.1,canonical_integrated_benchmark_heavy,canonical_integrated_heavy,integrated_tight_chokepoint_heavy,integrated_tight_chokepoint_heavy,101,random_macro,trained_end_to_end_macro_ppo,random_integrated,learned_integrated,57504,57504,0.27012033945464664,False,distinct
1.1,canonical_integrated_benchmark_heavy,canonical_integrated_heavy,integrated_tight_chokepoint_heavy,integrated_tight_chokepoint_heavy,103,optimal_mapf_coordinator,prioritized_sipp_coordinator,planner_integrated,planner_integrated,58968,58980,0.16761633428300096,False,distinct
1.1,canonical_integrated_benchmark_heavy,canonical_integrated_heavy,integrated_tight_chokepoint_heavy,integrated_tight_chokepoint_heavy,103,optimal_mapf_coordinator,random_macro,planner_integrated,random_integrated,58968,59004,0.14668973002306335,False,distinct
1.1,canonical_integrated_benchmark_heavy,canonical_integrated_heavy,integrated_tight_chokepoint_heavy,integrated_tight_chokepoint_heavy,103,optimal_mapf_coordinator,trained_end_to_end_macro_ppo,planner_integrated,learned_integrated,58968,58992,0.17484059150725817,False,distinct
1.1,canonical_integrated_benchmark_heavy,canonical_integrated_heavy,integrated_tight_chokepoint_heavy,integrated_tight_chokepoint_heavy,103,prioritized_sipp_coordinator,random_macro,planner_integrated,random_integrated,58980,59004,0.2880128857239742,False,distinct
1.1,canonical_integrated_benchmark_heavy,canonical_integrated_heavy,integrated_tight_chokepoint_heavy,integrated_tight_chokepoint_heavy,103,prioritized_sipp_coordinator,trained_end_to_end_macro_ppo,planner_integrated,learned_integrated,58980,58992,0.5089352322821296,False,distinct
1.1,canonical_integrated_benchmark_heavy,canonical_integrated_heavy,integrated_tight_chokepoint_heavy,integrated_tight_chokepoint_heavy,103,random_macro,trained_end_to_end_macro_ppo,random_integrated,learned_integrated,59004,58992,0.31165242744778954,False,distinct
1.1,canonical_integrated_benchmark_heavy,canonical_integrated_heavy,integrated_tight_chokepoint_heavy,integrated_tight_chokepoint_heavy,107,optimal_mapf_coordinator,prioritized_sipp_coordinator,planner_integrated,planner_integrated,58596,58524,0.14759756681019753,False,distinct
1.1,canonical_integrated_benchmark_heavy,canonical_integrated_heavy,integrated_tight_chokepoint_heavy,integrated_tight_chokepoint_heavy,107,optimal_mapf_coordinator,random_macro,planner_integrated,random_integrated,58596,58596,0.14705781964639225,False,distinct
1.1,canonical_integrated_benchmark_heavy,canonical_integrated_heavy,integrated_tight_chokepoint_heavy,integrated_tight_chokepoint_heavy,107,optimal_mapf_coordinator,trained_end_to_end_macro_ppo,planner_integrated,learned_integrated,58596,58524,0.14814435103547263,False,distinct
1.1,canonical_integrated_benchmark_heavy,canonical_integrated_heavy,integrated_tight_chokepoint_heavy,integrated_tight_chokepoint_heavy,107,prioritized_sipp_coordinator,random_macro,planner_integrated,random_integrated,58524,58596,0.319082769462101,False,distinct
1.1,canonical_integrated_benchmark_heavy,canonical_integrated_heavy,integrated_tight_chokepoint_heavy,integrated_tight_chokepoint_heavy,107,prioritized_sipp_coordinator,trained_end_to_end_macro_ppo,planner_integrated,learned_integrated,58524,58524,0.5889549586494429,False,distinct
1.1,canonical_integrated_benchmark_heavy,canonical_integrated_heavy,integrated_tight_chokepoint_heavy,integrated_tight_chokepoint_heavy,107,random_macro,trained_end_to_end_macro_ppo,random_integrated,learned_integrated,58596,58524,0.3166905884765224,False,distinct
